,face_uuid,filename,Ground Truth,match_file,match_score,model,distance_metric,number_of_hits,Model,account_name
0,b248b1d2-1780-4b4c-8529-571b0246a9e5,olafscholz/2021-09-13_07-45-59_UTC.jpg,Olaf Scholz,addb18d2-ca87-4104-b149-5ecb974f1432.png,0.5209834336434738,Facenet512,euclidean_l2,40.0,Olaf Scholz,olafscholz
2,95c9174b-5389-4ccb-89ac-98de4be55d9e,olafscholz/2021-09-14_10-23-23_UTC_1.jpg,Olaf Scholz,fb89d12e-d3a5-48c2-b506-eca8454e847b.png,0.5476679079631442,Facenet512,euclidean_l2,40.0,Olaf Scholz,olafscholz
6,4c441268-34c9-4ee1-a7f2-82c5277a354e,olafscholz/2021-09-20_11-29-19_UTC.jpg,Olaf Scholz,c27ee252-e37c-4074-92b5-20e300431107.png,0.479990057622936,Facenet512,euclidean_l2,40.0,Olaf Scholz,olafscholz
11,47d76ade-4763-44e7-a3b8-7341f6915efc,olafscholz/2021-09-16_19-01-33_UTC_2.jpg,Olaf Scholz,c27ee252-e37c-4074-92b5-20e300431107.png,0.6255995503669669,Facenet512,euclidean_l2,38.0,Olaf Scholz,olafscholz
13,955c61d6-2354-43e5-a3c9-acd5b9ec6003,olafscholz/2021-09-21_20-52-10_UTC.jpg,Olaf Scholz,f124d4ca-3c2d-40fd-a3a4-81e0a32b39d5.png,0.6487577258564595,Facenet512,euclidean_l2,38.0,Olaf Scholz,olafscholz
16,051c9355-b9b8-4bad-9ad9-654e5551d4b7,olafscholz/2021-09-18_20-26-35_UTC_4.jpg,Olaf Scholz,,,,,,Unknown,olafscholz
22,35690793-22f3-4f9f-ab01-8f9d3a2e4f03,olafscholz/2021-09-23_14-27-32_UTC.jpg,Olaf Scholz,,,,,,Unknown,olafscholz
43,472bb060-4aa1-45c4-8b8c-6667270510be,olafscholz/2021-09-21_11-26-43_UTC_1.jpg,Olaf Scholz,cf207ba3-2a6b-42b2-b0c6-b0fb9e7532f0.png,0.4741504488647467,Facenet512,euclidean_l2,40.0,Olaf Scholz,olafscholz
45,ddcf661f-890e-4148-a4c0-1583971e33b1,olafscholz/2021-09-16_19-01-33_UTC_3.jpg,Olaf Scholz,fb89d12e-d3a5-48c2-b506-eca8454e847b.png,0.5360590897403634,Facenet512,euclidean_l2,40.0,Olaf Scholz,olafscholz
46,a4863739-c0cd-48e3-b46f-3ad967a0c058,olafscholz/2021-09-18_12-22-03_UTC_2.jpg,Olaf Scholz,8c8b42f9-47e7-4df5-bffb-da674eab6953.png,0.7812632878655236,Facenet512,euclidean_l2,36.0,Olaf Scholz,olafscholz
48,c8f0d3a3-2443-4a94-b103-f62f226c8aa4,olafscholz/2021-09-26_09-32-19_UTC.jpg,Olaf Scholz,77b54f7d-504a-4313-ab25-b66060e08f06.png,0.5177589051320362,Facenet512,euclidean_l2,40.0,Olaf Scholz,olafscholz
53,d96b6647-f128-46e2-b806-ebc052eb5d15,olafscholz/2021-09-14_20-32-47_UTC.jpg,Olaf Scholz,c27ee252-e37c-4074-92b5-20e300431107.png,0.526965474277702,Facenet512,euclidean_l2,40.0,Olaf Scholz,olafscholz
55,207e684f-37d2-45d0-be40-ad00aeff2e5c,olafscholz/2021-09-19_12-46-17_UTC.jpg,Olaf Scholz,b4140b08-8bd8-4631-a580-a48195a9970a.png,0.4187333671607483,Facenet512,euclidean_l2,38.0,Olaf Scholz,olafscholz
56,a9cd0063-324d-4904-9cb5-23d4e2c458fd,olafscholz/2021-09-25_09-36-17_UTC.jpg,Olaf Scholz,f124d4ca-3c2d-40fd-a3a4-81e0a32b39d5.png,0.4340931073941148,Facenet512,euclidean_l2,40.0,Olaf Scholz,olafscholz
59,3a31121e-8a13-4313-b67c-37c0ec4e8843,olafscholz/2021-09-14_10-23-23_UTC_3.jpg,Olaf Scholz,04a53ef1-618b-4c9c-97a8-a1187a75c05c.png,0.5754662536566167,Facenet512,euclidean_l2,40.0,Olaf Scholz,olafscholz
60,ca60fb2c-7138-41c9-88c4-1cb2609da02c,olafscholz/2021-09-15_16-06-34_UTC.jpg,Olaf Scholz,77b54f7d-504a-4313-ab25-b66060e08f06.png,0.2646695629470991,Facenet512,euclidean_l2,38.0,Olaf Scholz,olafscholz
66,251c0e4d-b1d1-40ae-84d8-474f17411bcd,olafscholz/2021-09-20_18-06-50_UTC_3.jpg,Olaf Scholz,,,,,,Unknown,olafscholz
67,a053111e-fc0d-4bba-ae72-3926637394ae,olafscholz/2021-09-23_16-02-21_UTC.jpg,Olaf Scholz,77b54f7d-504a-4313-ab25-b66060e08f06.png,0.2641267930238455,Facenet512,euclidean_l2,38.0,Olaf Scholz,olafscholz
68,658b9cff-8dc7-4799-8231-a5cb57bd4f3b,olafscholz/2021-09-13_17-19-29_UTC.jpg,Olaf Scholz,91d6fa25-3671-4110-8beb-1c3296cdf4d0.png,0.4644416754631603,Facenet512,euclidean_l2,40.0,Olaf Scholz,olafscholz
75,9d4292ec-4c54-4c8b-b190-3fac04a762e7,olafscholz/2021-09-26_18-22-24_UTC.jpg,Olaf Scholz,,,,,,Unknown,olafscholz
125,db7b9a60-f4a1-40c7-9c10-db0098aab097,olafscholz/2021-09-12_06-04-39_UTC.jpg,Olaf Scholz,cf207ba3-2a6b-42b2-b0c6-b0fb9e7532f0.png,0.3983739702460596,Facenet512,euclidean_l2,40.0,Olaf Scholz,olafscholz
148,8c397667-4727-4254-8d6c-dd5990670aa6,olafscholz/2021-09-25_06-30-26_UTC.jpg,Olaf Scholz,c27ee252-e37c-4074-92b5-20e300431107.png,0.455776637461567,Facenet512,euclidean_l2,40.0,Olaf Scholz,olafscholz
159,f3102534-3d2d-45f3-9ec6-5a6921823fed,olafscholz/2021-09-20_18-06-50_UTC_4.jpg,Olaf Scholz,,,,,,Unknown,olafscholz
161,3e731f8b-755a-4847-b79a-6f32b5f348d1,olafscholz/2021-09-23_20-32-15_UTC.jpg,Olaf Scholz,8d943c06-bff2-429b-a407-9931a3761618.png,0.4902866010641148,Facenet512,euclidean_l2,38.0,Olaf Scholz,olafscholz
162,54e49c7f-28ba-43ca-8750-6d1b50bb156d,olafscholz/2021-09-23_08-10-17_UTC.jpg,Olaf Scholz,fb89d12e-d3a5-48c2-b506-eca8454e847b.png,0.4255950569286246,Facenet512,euclidean_l2,40.0,Olaf Scholz,olafscholz
164,b82dc719-b511-48b9-b7d4-71b31d8f831f,olafscholz/2021-09-24_11-51-14_UTC_2.jpg,Olaf Scholz,97bef193-f3fe-4df6-b6d6-37ad2790018d.png,0.4846976627075968,Facenet512,euclidean_l2,40.0,Olaf Scholz,olafscholz
165,95787117-a35c-4a5c-996a-a2bfee65d760,olafscholz/2021-09-17_10-42-46_UTC_1.jpg,Olaf Scholz,baaa081f-7a38-4907-b92b-ba3d791c4012.png,0.4172513991989087,Facenet512,euclidean_l2,40.0,Olaf Scholz,olafscholz
175,e8d3f3a6-d45c-4098-ab16-a8bfcb48eb2c,olafscholz/2021-09-20_18-06-50_UTC_1.jpg,Olaf Scholz,c27ee252-e37c-4074-92b5-20e300431107.png,0.4516526780697101,Facenet512,euclidean_l2,40.0,Olaf Scholz,olafscholz
187,c4b4546f-ad45-46cf-a279-afc247273ea8,olafscholz/2021-09-18_20-26-35_UTC_2.jpg,Olaf Scholz,f124d4ca-3c2d-40fd-a3a4-81e0a32b39d5.png,0.5637696147449702,Facenet512,euclidean_l2,40.0,Olaf Scholz,olafscholz
188,81a0b5c8-95f4-42be-bb93-2d6d158c0e66,olafscholz/2021-09-18_20-26-35_UTC_2.jpg,Olaf Scholz,91d6fa25-3671-4110-8beb-1c3296cdf4d0.png,0.7737757375061604,Facenet512,euclidean_l2,38.0,Olaf Scholz,olafscholz
189,26cb923b-55a6-4c84-afc1-531a314758c2,olafscholz/2021-09-18_20-26-35_UTC_2.jpg,Olaf Scholz,04a53ef1-618b-4c9c-97a8-a1187a75c05c.png,0.4063531102151708,Facenet512,euclidean_l2,40.0,Olaf Scholz,olafscholz
199,b93e639d-c1f8-4ce9-9033-aa065556d219,olafscholz/2021-09-19_06-31-01_UTC.jpg,Olaf Scholz,8c8b42f9-47e7-4df5-bffb-da674eab6953.png,0.8292635552471619,Facenet512,euclidean_l2,28.0,Olaf Scholz,olafscholz
202,3c5c52d4-7cc9-4b10-ac77-dbefdc7bfb71,olafscholz/2021-09-16_19-01-33_UTC_1.jpg,Olaf Scholz,82f4d29e-1d17-4672-b015-52009fda2a23.png,0.6722949042912193,Facenet512,euclidean_l2,40.0,Olaf Scholz,olafscholz
203,60416ccb-c451-40dd-ba21-ab6d867373f7,olafscholz/2021-09-25_16-17-50_UTC.jpg,Olaf Scholz,c27ee252-e37c-4074-92b5-20e300431107.png,0.6964265396324137,Facenet512,euclidean_l2,40.0,Olaf Scholz,olafscholz
204,8b8ce03d-806f-4fa7-a31f-93f8885a979e,olafscholz/2021-09-20_18-06-50_UTC_2.jpg,Olaf Scholz,fb89d12e-d3a5-48c2-b506-eca8454e847b.png,0.5160408325023585,Facenet512,euclidean_l2,38.0,Olaf Scholz,olafscholz
207,035036c5-8a89-4a1a-8b4b-fd576c90a711,olafscholz/2021-09-14_10-23-23_UTC_2.jpg,Olaf Scholz,c27ee252-e37c-4074-92b5-20e300431107.png,0.5695832737895519,Facenet512,euclidean_l2,38.0,Olaf Scholz,olafscholz
209,79c91ab8-6fd8-448e-ad2f-28ebb76c9d29,armin_laschet/2021-09-25_12-43-21_UTC_1.jpg,Armin Laschet,c0c7aedd-97dc-4394-8336-f812c19fc1a2.png,0.5713191691036594,Facenet512,euclidean_l2,36.0,Armin Laschet,armin_laschet
227,b57bfd65-c875-4f24-9273-ed43955386d2,armin_laschet/2021-09-22_14-55-06_UTC_2.jpg,Armin Laschet,,,,,,Unknown,armin_laschet
230,be4d0281-00f8-4c08-baf9-eb09fe94338b,armin_laschet/2021-09-18_19-12-07_UTC_5.jpg,Armin Laschet,5efa5b53-ada6-486e-8b66-4c6330a71ea7.png,0.6251140746648147,Facenet512,euclidean_l2,40.0,Armin Laschet,armin_laschet
237,ba69017f-3f42-4512-9cad-7adcc7f9e4bc,armin_laschet/2021-09-21_05-10-21_UTC_2.jpg,Armin Laschet,1f347af9-a36f-4727-923b-4c1a1e934ab9.png,0.7069435275520987,Facenet512,euclidean_l2,40.0,Armin Laschet,armin_laschet
274,54df6d89-84e5-4731-9850-e23c703733f9,armin_laschet/2021-09-12_20-45-47_UTC.jpg,Armin Laschet,f891fb5e-737c-4bf0-9c55-824f2cdff348.png,0.4398106813243635,Facenet512,euclidean_l2,40.0,Armin Laschet,armin_laschet
332,a6118aec-42e5-4aaa-a0bf-c6a1053fb182,armin_laschet/2021-09-17_12-59-07_UTC_3.jpg,Armin Laschet,80b6f539-47d0-408e-8a0b-aadcffe513a5.png,0.7137723344736928,Facenet512,euclidean_l2,40.0,Armin Laschet,armin_laschet
335,e51a0894-dfa6-4147-90ad-e960c8ee7fee,armin_laschet/2021-09-17_12-59-07_UTC_3.jpg,Armin Laschet,9c3a43b8-03a7-453c-a980-1c4523abd5f3.png,0.4281164494473054,Facenet512,euclidean_l2,40.0,Armin Laschet,armin_laschet
372,8d6dbbc2-1f74-458b-ba65-977780cf58b7,armin_laschet/2021-09-17_12-59-07_UTC_2.jpg,Armin Laschet,9c3a43b8-03a7-453c-a980-1c4523abd5f3.png,0.7089656181451153,Facenet512,euclidean_l2,40.0,Armin Laschet,armin_laschet
662,d8fb1bea-b189-4cd0-b158-e63fc41643b7,armin_laschet/2021-09-16_15-01-25_UTC.jpg,Armin Laschet,b95e4651-bf56-4f12-8d9c-4defe1aef9b0.png,0.4504950494174626,Facenet512,euclidean_l2,38.0,Armin Laschet,armin_laschet
727,72201a79-b4fc-4208-aeb2-e008c741490f,armin_laschet/2021-09-19_20-18-11_UTC.jpg,Armin Laschet,d0e6d963-6d02-463b-a226-ce3f34b0fcc5.png,0.5551175923673319,Facenet512,euclidean_l2,40.0,Armin Laschet,armin_laschet
742,b7e00a2a-02d5-4123-860b-af8fe76bc5bc,cdu/2021-09-21_18-48-32_UTC_2.jpg,Armin Laschet,,,,,,Unknown,cdu
749,911c2356-b8c2-4e47-9df3-6f94680c7012,cdu/2021-09-23_10-08-51_UTC_1.jpg,Armin Laschet,c0c7aedd-97dc-4394-8336-f812c19fc1a2.png,0.7395975796924937,Facenet512,euclidean_l2,38.0,Armin Laschet,cdu
760,f92ced52-05d2-4fa8-a9e4-e88a966a7f83,cdu/2021-09-18_17-06-46_UTC_9.jpg,Armin Laschet,5efa5b53-ada6-486e-8b66-4c6330a71ea7.png,0.5745149565683636,Facenet512,euclidean_l2,40.0,Armin Laschet,cdu
761,675ecd0c-68d6-4eea-88f9-d761519ec3b6,cdu/2021-09-14_05-32-44_UTC.jpg,Armin Laschet,laschet_armin.jpeg,0.4770899233385908,Facenet512,euclidean_l2,38.0,Armin Laschet,cdu
764,3c39abe0-1ef1-4459-84dd-8e0d57e8b7bf,cdu/2021-09-21_20-02-32_UTC_2.jpg,Armin Laschet,,,,,,Unknown,cdu
767,737f0936-ee3d-42dd-a46d-1c8f70f2956c,cdu/2021-09-18_17-06-46_UTC_4.jpg,Armin Laschet,laschet_armin.jpeg,0.6223432947636685,Facenet512,euclidean_l2,40.0,Armin Laschet,cdu
768,cf153917-023d-49c7-840e-9bfd6604780d,cdu/2021-09-12_20-09-20_UTC.jpg,Armin Laschet,f891fb5e-737c-4bf0-9c55-824f2cdff348.png,0.4677933570229236,Facenet512,euclidean_l2,38.0,Armin Laschet,cdu
771,3898699d-2db4-4630-b21c-c96df66d1083,cdu/2021-09-23_07-44-39_UTC.jpg,Armin Laschet,5efa5b53-ada6-486e-8b66-4c6330a71ea7.png,0.8877759764198153,Facenet512,euclidean_l2,6.0,Armin Laschet,cdu
773,1b5d1190-62e9-4210-9120-be97d666f5ca,cdu/2021-09-15_09-26-42_UTC_4.jpg,Armin Laschet,f891fb5e-737c-4bf0-9c55-824f2cdff348.png,0.7813970888324694,Facenet512,euclidean_l2,24.0,Armin Laschet,cdu
776,2900d3e1-d65a-488e-8ae0-4ec877183baa,armin_laschet/2021-09-22_14-55-06_UTC_1.jpg,Armin Laschet,1f347af9-a36f-4727-923b-4c1a1e934ab9.png,0.7582858578394329,Facenet512,euclidean_l2,38.0,Armin Laschet,armin_laschet
782,362faa1c-ed62-4c80-b2a0-1e4d58715059,cdu/2021-09-24_15-48-03_UTC_1.jpg,Armin Laschet,cc6b3530-cd71-4500-a5fe-d868c449b8d1.png,0.6556399885040541,Facenet512,euclidean_l2,40.0,Armin Laschet,cdu
790,e178a328-0a69-44d0-a175-c0cec93746b2,cdu/2021-09-24_15-48-03_UTC_2.jpg,Armin Laschet,1bd44b42-05b1-4e5e-9ecf-b19872c3a776.png,0.5086577681330684,Facenet512,euclidean_l2,40.0,Armin Laschet,cdu
797,cd46351c-a418-4f43-b04b-602756020bdd,cdu/2021-09-18_13-19-15_UTC_10.jpg,Armin Laschet,5efa5b53-ada6-486e-8b66-4c6330a71ea7.png,0.6516958833475437,Facenet512,euclidean_l2,40.0,Armin Laschet,cdu
798,894f6531-dbd7-4287-a046-2da118c6a28d,cdu/2021-09-25_09-31-48_UTC.jpg,Armin Laschet,d0e6d963-6d02-463b-a226-ce3f34b0fcc5.png,0.5677523986867129,Facenet512,euclidean_l2,40.0,Armin Laschet,cdu
799,8b7a154c-0c08-4ad3-88b2-bb7af9c77ceb,cdu/2021-09-25_07-57-40_UTC.jpg,Armin Laschet,c0c7aedd-97dc-4394-8336-f812c19fc1a2.png,0.4729292707125436,Facenet512,euclidean_l2,38.0,Armin Laschet,cdu
803,59f2ab5b-c756-4844-addd-3023416d31f6,cdu/2021-09-20_10-21-05_UTC.jpg,Armin Laschet,b95e4651-bf56-4f12-8d9c-4defe1aef9b0.png,0.5420376111994764,Facenet512,euclidean_l2,40.0,Armin Laschet,cdu
807,eabe84c6-00c9-4dc9-af82-7e34c373d48b,cdu/2021-09-24_16-26-59_UTC.jpg,Armin Laschet,d0e6d963-6d02-463b-a226-ce3f34b0fcc5.png,0.6808850505234997,Facenet512,euclidean_l2,40.0,Armin Laschet,cdu
815,2464d440-103d-4069-9d03-0ebd6a724bd3,armin_laschet/2021-09-17_12-59-07_UTC_1.jpg,Armin Laschet,,,,,,Unknown,armin_laschet
820,8dbab2c4-3b7b-42da-a302-5d19e3730221,cdu/2021-09-21_11-34-09_UTC_4.jpg,Armin Laschet,laschet_armin.jpeg,0.7053836671841666,Facenet512,euclidean_l2,40.0,Armin Laschet,cdu
826,977706a4-932f-4265-81af-68afaa9655a5,cdu/2021-09-24_19-39-33_UTC_2.jpg,Armin Laschet,f7a956bb-513b-4ae7-9fb0-2adc7ab25076.png,0.814324138943703,Facenet512,euclidean_l2,16.0,Armin Laschet,cdu
873,82685574-d50f-4e89-b535-b26cf0e1db64,cdu/2021-09-15_19-53-11_UTC.jpg,Armin Laschet,laschet_armin.jpeg,0.7373451910579636,Facenet512,euclidean_l2,40.0,Armin Laschet,cdu
874,585934f3-99c7-4c8e-9751-f8cad5c60de5,cdu/2021-09-25_11-00-47_UTC.jpg,Armin Laschet,b95e4651-bf56-4f12-8d9c-4defe1aef9b0.png,0.5170177720632606,Facenet512,euclidean_l2,40.0,Armin Laschet,cdu
877,b48a69cb-dcea-4e35-9d93-185518ea5ccf,cdu/2021-09-24_19-39-33_UTC_9.jpg,Armin Laschet,,,,,,Unknown,cdu
884,57802663-d042-4830-9d7b-87204904a04d,cdu/2021-09-24_16-42-35_UTC.jpg,Armin Laschet,9c3a43b8-03a7-453c-a980-1c4523abd5f3.png,0.9135215433680328,Facenet512,euclidean_l2,18.0,Armin Laschet,cdu
886,2b23e1ed-281d-4222-8212-b5dd5978df48,cdu/2021-09-21_20-02-32_UTC_3.jpg,Armin Laschet,cc6b3530-cd71-4500-a5fe-d868c449b8d1.png,0.7383201486512232,Facenet512,euclidean_l2,34.0,Armin Laschet,cdu
888,c91b8c74-c781-40f3-b55a-97186c256b40,cdu/2021-09-16_17-02-39_UTC_10.jpg,Armin Laschet,c0c7aedd-97dc-4394-8336-f812c19fc1a2.png,0.6176979964902616,Facenet512,euclidean_l2,38.0,Armin Laschet,cdu
916,87e410d1-5caa-4c6f-8fc8-3a9453fd6146,cdu/2021-09-20_16-32-49_UTC_4.jpg,Armin Laschet,1f347af9-a36f-4727-923b-4c1a1e934ab9.png,1.0317106589307343,Facenet512,euclidean_l2,2.0,Armin Laschet,cdu
945,75197f5f-979f-4d3d-8764-4a61b5e8536a,cdu/2021-09-18_10-16-45_UTC_2.jpg,Armin Laschet,5efa5b53-ada6-486e-8b66-4c6330a71ea7.png,0.6953465808141016,Facenet512,euclidean_l2,40.0,Armin Laschet,cdu
953,8062532b-dcf2-4f39-b358-540233be9dbd,cdu/2021-09-18_10-16-45_UTC_5.jpg,Armin Laschet,544c4dd7-ae0f-4d1e-825f-3d9e1eca7fd3.png,0.6570030675562665,Facenet512,euclidean_l2,40.0,Armin Laschet,cdu
961,1d0f28a1-8e5c-4f1b-b311-110373a7c165,cdu/2021-09-23_10-08-51_UTC_6.jpg,Armin Laschet,c0c7aedd-97dc-4394-8336-f812c19fc1a2.png,0.5507119316562412,Facenet512,euclidean_l2,38.0,Armin Laschet,cdu
966,8ef5b2d5-abf2-4949-afad-386a7c618d34,cdu/2021-09-18_13-19-15_UTC_8.jpg,Armin Laschet,,,,,,Unknown,cdu
968,1f183799-d077-4766-83e9-e0e7ecceef65,cdu/2021-09-25_07-16-11_UTC.jpg,Armin Laschet,cc6b3530-cd71-4500-a5fe-d868c449b8d1.png,0.5965286808917563,Facenet512,euclidean_l2,40.0,Armin Laschet,cdu
969,af8cf6bb-c771-4d7f-9f24-703776f53981,armin_laschet/2021-09-24_12-06-26_UTC.jpg,Armin Laschet,544c4dd7-ae0f-4d1e-825f-3d9e1eca7fd3.png,0.6051923058595616,Facenet512,euclidean_l2,40.0,Armin Laschet,armin_laschet
970,02bf3538-ee12-4903-9a70-8042f5fa041d,cdu/2021-09-15_09-26-42_UTC_2.jpg,Armin Laschet,6b5fba44-8fb8-4e07-98e3-960e82e765a9.png,0.9353422868870016,Facenet512,euclidean_l2,2.0,Armin Laschet,cdu
973,387e92ed-51fe-4b4a-a37e-ae4a07dc9dcf,cdu/2021-09-24_17-15-13_UTC.jpg,Armin Laschet,laschet_armin.jpeg,0.490768684562683,Facenet512,euclidean_l2,38.0,Armin Laschet,cdu
987,4966862a-220b-4677-8dff-47d20e149f39,cdu/2021-09-23_16-10-56_UTC_5.jpg,Armin Laschet,c0c7aedd-97dc-4394-8336-f812c19fc1a2.png,0.6065753892126362,Facenet512,euclidean_l2,36.0,Armin Laschet,cdu
993,850292da-4ad7-441c-88c2-fe1cc8e28f6a,cdu/2021-09-24_19-39-33_UTC_10.jpg,Armin Laschet,,,,,,Unknown,cdu
998,f46e1343-7fe6-4eba-a05a-fdaccb00cf68,cdu/2021-09-25_08-41-54_UTC.jpg,Armin Laschet,f7a956bb-513b-4ae7-9fb0-2adc7ab25076.png,0.8141138043727648,Facenet512,euclidean_l2,20.0,Armin Laschet,cdu
1009,0b4a7330-eb29-4354-b290-e7c5bb75b74a,cdu/2021-09-18_10-16-45_UTC_4.jpg,Armin Laschet,,,,,,Unknown,cdu
1014,77e58591-48dc-4151-8ed3-967386212f83,cdu/2021-09-15_14-06-44_UTC.jpg,Armin Laschet,laschet_armin.jpeg,0.6009421895506408,Facenet512,euclidean_l2,38.0,Armin Laschet,cdu
1018,a1d63d53-4469-47fd-8f77-616751c34660,armin_laschet/2021-09-26_23-29-21_UTC_3.jpg,Armin Laschet,872af970-553e-4d30-abdc-252f937b8d70.png,0.6795702243920733,Facenet512,euclidean_l2,40.0,Armin Laschet,armin_laschet
1028,30daa5a5-990d-4c36-acfb-f6e0bec1c3f9,armin_laschet/2021-09-17_12-59-07_UTC_4.jpg,Armin Laschet,,,,,,Unknown,armin_laschet
1034,659814ba-6945-4a8f-baa6-dc2708ae07fa,cdu/2021-09-25_06-34-25_UTC.jpg,Armin Laschet,cc6b3530-cd71-4500-a5fe-d868c449b8d1.png,0.957055284807614,Facenet512,euclidean_l2,8.0,Armin Laschet,cdu
1035,f747143f-8e2e-4edd-8f4a-340801e23dcf,cdu/2021-09-23_12-30-11_UTC.jpg,Armin Laschet,80b6f539-47d0-408e-8a0b-aadcffe513a5.png,0.3932854201611704,Facenet512,euclidean_l2,40.0,Armin Laschet,cdu
1038,c44d3253-f70f-46c8-9019-b407a97ccb63,cdu/2021-09-23_15-17-25_UTC.jpg,Armin Laschet,d0e6d963-6d02-463b-a226-ce3f34b0fcc5.png,0.7836528172648809,Facenet512,euclidean_l2,40.0,Armin Laschet,cdu
1040,e619fe8d-c7c3-44cc-91e8-40084cdf7266,cdu/2021-09-24_19-39-33_UTC_4.jpg,Armin Laschet,9c3a43b8-03a7-453c-a980-1c4523abd5f3.png,0.6941917177152717,Facenet512,euclidean_l2,40.0,Armin Laschet,cdu
1042,62f0634b-4c46-432d-995c-a2cdd3e66d9c,cdu/2021-09-16_17-02-39_UTC_1.jpg,Armin Laschet,5efa5b53-ada6-486e-8b66-4c6330a71ea7.png,0.6719314044028744,Facenet512,euclidean_l2,40.0,Armin Laschet,cdu
1048,d81e6c55-8ce7-49c2-bc2e-7faf67927343,cdu/2021-09-21_18-48-32_UTC_4.jpg,Armin Laschet,5efa5b53-ada6-486e-8b66-4c6330a71ea7.png,0.7112835257369737,Facenet512,euclidean_l2,40.0,Armin Laschet,cdu
1071,72a05a3c-b29d-4ccb-9cf7-ad8593f4fc8f,cdu/2021-09-13_12-04-40_UTC_3.jpg,Armin Laschet,,,,,,Unknown,cdu
1073,edc1ad1d-a75e-44cc-95ca-b9699fafcc6d,cdu/2021-09-21_18-48-32_UTC_1.jpg,Armin Laschet,5efa5b53-ada6-486e-8b66-4c6330a71ea7.png,0.6393787060453165,Facenet512,euclidean_l2,34.0,Armin Laschet,cdu
1085,766897b9-85c4-4068-970d-75f95799966c,cdu/2021-09-20_16-32-49_UTC_2.jpg,Armin Laschet,,,,,,Unknown,cdu
1090,0643e899-4a10-4ef1-8ddf-d7a208f808c4,cdu/2021-09-16_17-02-39_UTC_4.jpg,Armin Laschet,,,,,,Unknown,cdu
1097,7adae84d-5c00-41ec-8812-0557bcadb665,cdu/2021-09-23_10-08-51_UTC_4.jpg,Armin Laschet,1bd44b42-05b1-4e5e-9ecf-b19872c3a776.png,0.7653965781528688,Facenet512,euclidean_l2,18.0,Armin Laschet,cdu
1102,b2335109-68db-4a33-b144-69ee05730cef,cdu/2021-09-18_13-19-15_UTC_4.jpg,Armin Laschet,1bd44b42-05b1-4e5e-9ecf-b19872c3a776.png,0.8875804096807219,Facenet512,euclidean_l2,26.0,Armin Laschet,cdu
1103,1cfb9b7e-72b6-4fde-93fd-e132427c5dd3,cdu/2021-09-18_13-19-15_UTC_4.jpg,Armin Laschet,c0c7aedd-97dc-4394-8336-f812c19fc1a2.png,0.7816688486253917,Facenet512,euclidean_l2,36.0,Armin Laschet,cdu
1109,0ce4b809-b1b6-4622-8b9a-4d8fed03dbf9,cdu/2021-09-18_13-19-15_UTC_4.jpg,Armin Laschet,,,,,,Unknown,cdu
1110,c761a2d2-71a1-486f-8519-9617ddda1cda,cdu/2021-09-18_13-19-15_UTC_4.jpg,Armin Laschet,c0c7aedd-97dc-4394-8336-f812c19fc1a2.png,0.7713440692417428,Facenet512,euclidean_l2,20.0,Armin Laschet,cdu
1113,15eaa1e3-102a-493a-8482-419f8e7b877f,cdu/2021-09-18_13-19-15_UTC_4.jpg,Armin Laschet,cc6b3530-cd71-4500-a5fe-d868c449b8d1.png,1.0241118062085617,Facenet512,euclidean_l2,2.0,Armin Laschet,cdu
1114,babbd18b-c655-465d-b180-995a865d6f46,cdu/2021-09-18_13-19-15_UTC_4.jpg,Armin Laschet,6eea9eca-17f8-4cce-b3dd-7cf5cb345415.png,0.8580207961798835,Facenet512,euclidean_l2,28.0,Armin Laschet,cdu
1121,c3c1ff33-e69e-4356-9f8e-7605d369ff10,cdu/2021-09-25_13-50-24_UTC_1.jpg,Armin Laschet,1f347af9-a36f-4727-923b-4c1a1e934ab9.png,0.8123509463204958,Facenet512,euclidean_l2,24.0,Armin Laschet,cdu
1126,6931f623-3682-459d-933d-dd527800efe1,cdu/2021-09-18_10-16-45_UTC_1.jpg,Armin Laschet,d0e6d963-6d02-463b-a226-ce3f34b0fcc5.png,0.7766159440437519,Facenet512,euclidean_l2,40.0,Armin Laschet,cdu
1139,277c1f34-f6d2-4064-ad32-3708c7179435,armin_laschet/2021-09-23_13-50-48_UTC_6.jpg,Armin Laschet,5efa5b53-ada6-486e-8b66-4c6330a71ea7.png,0.7901726104902513,Facenet512,euclidean_l2,28.0,Armin Laschet,armin_laschet
1147,f3b15abb-4043-46f9-aabd-b0d221bca3b1,armin_laschet/2021-09-13_17-02-10_UTC_2.jpg,Armin Laschet,,,,,,Unknown,armin_laschet
1152,08da6fea-2544-4cae-a138-fc6ba470ab09,armin_laschet/2021-09-22_09-18-33_UTC_2.jpg,Armin Laschet,6eea9eca-17f8-4cce-b3dd-7cf5cb345415.png,0.895729905802195,Facenet512,euclidean_l2,18.0,Armin Laschet,armin_laschet
1159,38409c0e-7cc4-48f2-9aa6-5cf25f37cdfb,armin_laschet/2021-09-24_13-34-04_UTC_5.jpg,Armin Laschet,c0c7aedd-97dc-4394-8336-f812c19fc1a2.png,0.7229223854184953,Facenet512,euclidean_l2,34.0,Armin Laschet,armin_laschet
1166,e7e76144-1553-44f9-a261-750f5f0fff2f,armin_laschet/2021-09-18_19-12-07_UTC_7.jpg,Armin Laschet,,,,,,Unknown,armin_laschet
1175,0ed826c7-98f5-46e7-ac55-7cab2bb9d018,armin_laschet/2021-09-18_19-12-07_UTC_7.jpg,Armin Laschet,1bd44b42-05b1-4e5e-9ecf-b19872c3a776.png,0.8827435013276874,Facenet512,euclidean_l2,26.0,Armin Laschet,armin_laschet
1176,fd7e4259-5543-4904-a27a-7f9b02da4074,armin_laschet/2021-09-21_11-03-21_UTC_3.jpg,Armin Laschet,d0e6d963-6d02-463b-a226-ce3f34b0fcc5.png,0.6092870301140461,Facenet512,euclidean_l2,40.0,Armin Laschet,armin_laschet
1184,a9a91b81-f3b6-4c9f-988f-869db0e22e02,armin_laschet/2021-09-24_13-34-04_UTC_1.jpg,Armin Laschet,c0c7aedd-97dc-4394-8336-f812c19fc1a2.png,0.7395975796924937,Facenet512,euclidean_l2,38.0,Armin Laschet,armin_laschet
1191,a350351a-076c-44b7-8434-da6fcc7d0b86,armin_laschet/2021-09-21_11-03-21_UTC_4.jpg,Armin Laschet,laschet_armin.jpeg,0.5394432104428465,Facenet512,euclidean_l2,40.0,Armin Laschet,armin_laschet
1192,7234c42e-2b3a-41b1-97f0-d4853882154f,armin_laschet/2021-09-15_12-38-48_UTC.jpg,Armin Laschet,b95e4651-bf56-4f12-8d9c-4defe1aef9b0.png,0.3324802854256238,Facenet512,euclidean_l2,40.0,Armin Laschet,armin_laschet
1200,526c2645-173f-4924-bc39-58af9063518b,armin_laschet/2021-09-21_11-03-21_UTC_2.jpg,Armin Laschet,f891fb5e-737c-4bf0-9c55-824f2cdff348.png,0.7637995898112037,Facenet512,euclidean_l2,40.0,Armin Laschet,armin_laschet
1201,bda83b8d-2fd7-473d-bfb7-773e569a9741,armin_laschet/2021-09-23_13-50-48_UTC_3.jpg,Armin Laschet,5efa5b53-ada6-486e-8b66-4c6330a71ea7.png,0.7148905878510391,Facenet512,euclidean_l2,22.0,Armin Laschet,armin_laschet
1202,8989bbd4-25b7-4562-97a9-996e2f6b7d7f,armin_laschet/2021-09-19_20-08-29_UTC.jpg,Armin Laschet,b95e4651-bf56-4f12-8d9c-4defe1aef9b0.png,0.6053086224651343,Facenet512,euclidean_l2,40.0,Armin Laschet,armin_laschet
1203,b949ea8d-0eb4-4f78-9fc5-f86ab5649110,armin_laschet/2021-09-18_19-12-07_UTC_6.jpg,Armin Laschet,,,,,,Unknown,armin_laschet
1204,d1ef5674-4e7c-463e-bc85-cef94ce0a373,armin_laschet/2021-09-19_10-05-39_UTC.jpg,Armin Laschet,b95e4651-bf56-4f12-8d9c-4defe1aef9b0.png,0.5814730362987787,Facenet512,euclidean_l2,40.0,Armin Laschet,armin_laschet
1206,dd6cf8c5-cf7a-4884-9396-8592ebf9d897,armin_laschet/2021-09-23_13-50-48_UTC_5.jpg,Armin Laschet,5efa5b53-ada6-486e-8b66-4c6330a71ea7.png,1.0128556267955595,Facenet512,euclidean_l2,2.0,Armin Laschet,armin_laschet
1208,003fc2c8-8701-47fd-9b30-daf0cedac1ec,armin_laschet/2021-09-25_12-43-21_UTC_3.jpg,Armin Laschet,c1a12a4c-30ca-47ec-b1c5-11409ded5262.png,0.6816285701133984,Facenet512,euclidean_l2,40.0,Armin Laschet,armin_laschet
1216,09d7c02d-35c8-4994-89bb-a2429d1b0941,armin_laschet/2021-09-23_08-01-29_UTC.jpg,Armin Laschet,b95e4651-bf56-4f12-8d9c-4defe1aef9b0.png,0.4145873892229396,Facenet512,euclidean_l2,38.0,Armin Laschet,armin_laschet
1217,c6d80c20-0813-4022-86ad-8279d02a5739,armin_laschet/2021-09-21_11-03-21_UTC_1.jpg,Armin Laschet,7cdeee40-f222-4b03-a819-4db32fc47d20.png,0.587584798374197,Facenet512,euclidean_l2,40.0,Armin Laschet,armin_laschet
1227,618ea7ec-e794-4a14-8a01-0ec9fafe104e,armin_laschet/2021-09-22_14-55-06_UTC_5.jpg,Armin Laschet,,,,,,Unknown,armin_laschet
1234,68d2782e-bc39-470e-b5c6-54cd7ef0b98a,spdde/2021-09-19_18-50-21_UTC.jpg,Olaf Scholz,e1ab3325-0777-4d5b-8146-cbfa9ed3ffc2.png,0.2716630654280496,Facenet512,euclidean_l2,38.0,Olaf Scholz,spdde
1238,ebe9f6c0-b334-49a8-b5a1-85cfc6ea0aee,spdde/2021-09-18_14-42-04_UTC_3.jpg,Olaf Scholz,91d6fa25-3671-4110-8beb-1c3296cdf4d0.png,0.5117950186859463,Facenet512,euclidean_l2,40.0,Olaf Scholz,spdde
1241,05250813-04eb-43a1-aaa2-3c7b3e23307b,spdde/2021-09-12_19-33-17_UTC.jpg,Olaf Scholz,04a53ef1-618b-4c9c-97a8-a1187a75c05c.png,0.2690967947334159,Facenet512,euclidean_l2,38.0,Olaf Scholz,spdde
1242,dbd0c6f6-13e6-40ef-9a95-c083bbdb6b5c,spdde/2021-09-15_11-00-56_UTC.jpg,Olaf Scholz,91d6fa25-3671-4110-8beb-1c3296cdf4d0.png,0.4805976694490683,Facenet512,euclidean_l2,40.0,Olaf Scholz,spdde
1246,5af38b45-fa6b-4bf3-a749-12e289659e73,spdde/2021-09-14_18-00-57_UTC_4.jpg,Olaf Scholz,fb89d12e-d3a5-48c2-b506-eca8454e847b.png,0.4316553437240892,Facenet512,euclidean_l2,40.0,Olaf Scholz,spdde
1248,04414e89-58d6-4ae6-9845-30fc0ef46323,armin_laschet/2021-09-15_09-28-48_UTC_3.jpg,Armin Laschet,cc6b3530-cd71-4500-a5fe-d868c449b8d1.png,0.653891380792454,Facenet512,euclidean_l2,40.0,Armin Laschet,armin_laschet
1286,44c5ea4f-0659-47bf-ba84-f56f475448b5,armin_laschet/2021-09-22_09-18-33_UTC_1.jpg,Armin Laschet,1f347af9-a36f-4727-923b-4c1a1e934ab9.png,0.9184651058993548,Facenet512,euclidean_l2,22.0,Armin Laschet,armin_laschet
1358,1f90900c-e72b-4c5f-b186-c76bb792fef8,armin_laschet/2021-09-18_19-12-07_UTC_1.jpg,Armin Laschet,,,,,,Unknown,armin_laschet
1367,1f51e30a-2df5-46d9-9b70-917368d7de98,fdp/2021-09-17_11-01-04_UTC.jpg,Christian Lindner,aba5bb44-8485-4f0d-9b60-c596194fa33b.png,0.5202839843901679,Facenet512,euclidean_l2,20.0,Christian Lindner,fdp
1368,9eb6bca7-7de4-435b-bc9c-f604877a1cf4,fdp/2021-09-23_07-01-25_UTC.jpg,Christian Lindner,510f4815-9191-4558-aab2-b98e5cb8f643.png,0.5306321013652995,Facenet512,euclidean_l2,20.0,Christian Lindner,fdp
1369,3fd2dc39-5ab8-4fd3-8b60-41c85cc2d8ae,fdp/2021-09-23_13-15-04_UTC.jpg,Christian Lindner,cebfea5f-bce7-498c-9d1a-5b80c9e97361.png,0.795499440936838,Facenet512,euclidean_l2,18.0,Christian Lindner,fdp
1370,30a6c23c-74d8-4f58-b015-d81ea84fa415,fdp/2021-09-14_11-01-16_UTC.jpg,Christian Lindner,3e230648-0328-4861-ada8-f718b0287f5e.png,0.6916010816444524,Facenet512,euclidean_l2,20.0,Christian Lindner,fdp
1371,cc8d065e-bb1c-4af2-8d05-193a113c46ff,fdp/2021-09-25_09-01-43_UTC.jpg,Christian Lindner,3e230648-0328-4861-ada8-f718b0287f5e.png,0.9020019034792768,Facenet512,euclidean_l2,10.0,Christian Lindner,fdp
1374,702bf7e8-36fb-4f4f-ac2d-3b0c379ee1e2,fdp/2021-09-22_15-59-21_UTC.jpg,Christian Lindner,aba5bb44-8485-4f0d-9b60-c596194fa33b.png,0.6621471892176208,Facenet512,euclidean_l2,14.0,Christian Lindner,fdp
1375,c176fd12-97ea-4b67-895d-ed622a888a70,armin_laschet/2021-09-20_14-38-01_UTC.jpg,Armin Laschet,1e103923-022b-4d3f-a32e-e9c848a00e70.png,0.7020739215045187,Facenet512,euclidean_l2,40.0,Armin Laschet,armin_laschet
1378,c198fc73-f0f2-4e0e-bc4a-8d58f8630eec,fdp/2021-09-21_13-31-22_UTC.jpg,Christian Lindner,d9fbc863-1aed-44af-8419-b4d18c9b5d48.png,0.7999888355518122,Facenet512,euclidean_l2,18.0,Christian Lindner,fdp
1379,07ca94b1-99db-456b-a34f-cc81d2ed712b,fdp/2021-09-12_09-38-30_UTC.jpg,Christian Lindner,aba5bb44-8485-4f0d-9b60-c596194fa33b.png,0.9339141116953704,Facenet512,euclidean_l2,8.0,Christian Lindner,fdp
1381,50e18d6c-736f-43a6-afce-90b0f8d47b01,fdp/2021-09-23_18-56-37_UTC.jpg,Christian Lindner,3e230648-0328-4861-ada8-f718b0287f5e.png,0.2355713879846256,Facenet512,euclidean_l2,20.0,Christian Lindner,fdp
1382,c5aed92f-a0e7-4d74-9175-9c2bf64f435e,fdp/2021-09-12_12-01-02_UTC.jpg,Christian Lindner,aba5bb44-8485-4f0d-9b60-c596194fa33b.png,0.4402441809532161,Facenet512,euclidean_l2,20.0,Christian Lindner,fdp
1384,dd82f86e-b17c-438d-bf2c-4ea7e872fdc2,fdp/2021-09-19_12-52-45_UTC.jpg,Christian Lindner,2384c946-7f3b-4280-8257-c73c1bb814b1.png,0.627930014526626,Facenet512,euclidean_l2,20.0,Christian Lindner,fdp
1397,d61d4d76-82b0-4b64-9fbf-c47d8e7a6337,armin_laschet/2021-09-24_20-50-28_UTC_4.jpg,Armin Laschet,c1a12a4c-30ca-47ec-b1c5-11409ded5262.png,0.4867576659488765,Facenet512,euclidean_l2,40.0,Armin Laschet,armin_laschet
1418,bf5db638-11b7-4278-bc8a-30fd449fe611,armin_laschet/2021-09-23_13-50-48_UTC_4.jpg,Armin Laschet,544c4dd7-ae0f-4d1e-825f-3d9e1eca7fd3.png,0.6545612760798065,Facenet512,euclidean_l2,38.0,Armin Laschet,armin_laschet
1453,e28e978d-4726-41d4-959a-dff7cca8fc05,armin_laschet/2021-09-24_18-27-21_UTC.jpg,Armin Laschet,d0e6d963-6d02-463b-a226-ce3f34b0fcc5.png,0.6417657031540224,Facenet512,euclidean_l2,34.0,Armin Laschet,armin_laschet
1486,3891e58a-d740-45d0-bed8-a0b6cb02b3d0,christianlindner/2021-09-17_19-33-56_UTC_1.jpg,Christian Lindner,aba5bb44-8485-4f0d-9b60-c596194fa33b.png,0.6749149262931277,Facenet512,euclidean_l2,20.0,Christian Lindner,christianlindner
1487,dd4cf437-959a-475f-a710-d39ea1a3ccea,christianlindner/2021-09-26_10-50-55_UTC_7.jpg,Christian Lindner,cebfea5f-bce7-498c-9d1a-5b80c9e97361.png,0.5865962881934476,Facenet512,euclidean_l2,20.0,Christian Lindner,christianlindner
1490,3ca82414-3df9-4ac0-bbf3-f231892e6cec,armin_laschet/2021-09-23_13-50-48_UTC_2.jpg,Armin Laschet,1f347af9-a36f-4727-923b-4c1a1e934ab9.png,0.9174001010197576,Facenet512,euclidean_l2,24.0,Armin Laschet,armin_laschet
1505,8761b002-1608-4c30-a387-a1b26838510e,christianlindner/2021-09-14_10-08-32_UTC.jpg,Christian Lindner,3e230648-0328-4861-ada8-f718b0287f5e.png,0.6048104364730067,Facenet512,euclidean_l2,20.0,Christian Lindner,christianlindner
1508,0e3d531f-d87c-4cbe-9774-4c2fb0381586,christianlindner/2021-09-26_10-50-55_UTC_3.jpg,Christian Lindner,,,,,,Unknown,christianlindner
1530,75575323-cb99-4d30-9b1c-fd97a3326888,christianlindner/2021-09-26_10-50-55_UTC_4.jpg,Christian Lindner,cebfea5f-bce7-498c-9d1a-5b80c9e97361.png,0.8175990261660459,Facenet512,euclidean_l2,12.0,Christian Lindner,christianlindner
1546,34fc237d-ef45-4a2d-b3d1-1a439cb7d909,christianlindner/2021-09-23_17-53-41_UTC.jpg,Christian Lindner,lindner_christian_gross.jpeg,0.5982948926886442,Facenet512,euclidean_l2,20.0,Christian Lindner,christianlindner
1547,f6bc7882-4bc6-4698-8a46-727e9ec6d99e,christianlindner/2021-09-26_10-04-07_UTC.jpg,Christian Lindner,aba5bb44-8485-4f0d-9b60-c596194fa33b.png,0.6424931572913501,Facenet512,euclidean_l2,20.0,Christian Lindner,christianlindner
1551,77bd0116-ed35-4fd1-8c9e-67436ee2709d,christianlindner/2021-09-26_17-24-53_UTC_2.jpg,Christian Lindner,3e230648-0328-4861-ada8-f718b0287f5e.png,0.7170117752483783,Facenet512,euclidean_l2,18.0,Christian Lindner,christianlindner
1585,dd4dfb46-f23f-49b7-8e0e-eea3128ed2ea,christianlindner/2021-09-15_18-37-22_UTC_1.jpg,Christian Lindner,,,,,,Unknown,christianlindner
1630,83fcbdea-69cd-4ae0-9a34-5efdc6d136f0,christianlindner/2021-09-15_18-37-22_UTC_6.jpg,Christian Lindner,,,,,,Unknown,christianlindner
1704,c6eaf124-36cf-4d90-aee1-1b94b864c975,armin_laschet/2021-09-23_13-50-48_UTC_1.jpg,Armin Laschet,9c3a43b8-03a7-453c-a980-1c4523abd5f3.png,0.6767504270922275,Facenet512,euclidean_l2,40.0,Armin Laschet,armin_laschet
1717,a3d87b8a-e427-4091-ac47-587e49bccf54,armin_laschet/2021-09-18_19-12-07_UTC_4.jpg,Armin Laschet,c0c7aedd-97dc-4394-8336-f812c19fc1a2.png,0.6357058203423439,Facenet512,euclidean_l2,28.0,Armin Laschet,armin_laschet
1718,ba7c04a9-eadb-40b0-9f57-90469eabba25,armin_laschet/2021-09-18_19-12-07_UTC_4.jpg,Armin Laschet,c1a12a4c-30ca-47ec-b1c5-11409ded5262.png,0.8578974927190218,Facenet512,euclidean_l2,36.0,Armin Laschet,armin_laschet
1724,82532fe4-ff1e-493f-bc95-15ddaf95286a,armin_laschet/2021-09-18_19-12-07_UTC_4.jpg,Armin Laschet,cc6b3530-cd71-4500-a5fe-d868c449b8d1.png,0.6398493907214496,Facenet512,euclidean_l2,40.0,Armin Laschet,armin_laschet
1836,38553e5e-6e2a-440c-9ea2-485202ddd36f,christianlindner/2021-09-18_09-33-42_UTC.jpg,Christian Lindner,aba5bb44-8485-4f0d-9b60-c596194fa33b.png,0.6758297450918279,Facenet512,euclidean_l2,20.0,Christian Lindner,christianlindner
1837,1b3476d9-a1ad-4f61-83f5-2862974a0d0a,christianlindner/2021-09-13_10-08-20_UTC_1.jpg,Christian Lindner,aba5bb44-8485-4f0d-9b60-c596194fa33b.png,0.7511800289712736,Facenet512,euclidean_l2,18.0,Christian Lindner,christianlindner
1878,29b4f435-a4a7-4fe1-8860-92ee92234419,christianlindner/2021-09-16_18-15-11_UTC_2.jpg,Christian Lindner,2384c946-7f3b-4280-8257-c73c1bb814b1.png,0.7299683622968298,Facenet512,euclidean_l2,20.0,Christian Lindner,christianlindner
1904,d5709c09-7634-4ab3-b22d-e33967dd507d,christianlindner/2021-09-21_14-50-34_UTC_3.jpg,Christian Lindner,,,,,,Unknown,christianlindner
1906,bb5465a7-9cb3-4097-a2e9-323f0c182a5a,christianlindner/2021-09-16_18-15-11_UTC_3.jpg,Christian Lindner,3e230648-0328-4861-ada8-f718b0287f5e.png,0.5612638776001923,Facenet512,euclidean_l2,20.0,Christian Lindner,christianlindner
1939,88a5d2b9-cd3b-482c-b7fb-4afba0d0b556,christianlindner/2021-09-16_18-15-11_UTC_1.jpg,Christian Lindner,3e230648-0328-4861-ada8-f718b0287f5e.png,0.6655686800427547,Facenet512,euclidean_l2,20.0,Christian Lindner,christianlindner
1943,3c612ed4-df08-44eb-a957-92c2a695185b,christianlindner/2021-09-16_14-29-18_UTC_2.jpg,Christian Lindner,aba5bb44-8485-4f0d-9b60-c596194fa33b.png,0.7003993367761452,Facenet512,euclidean_l2,20.0,Christian Lindner,christianlindner
1944,c6740102-0b5b-436e-b163-4b6a4d6234ad,christianlindner/2021-09-24_11-49-38_UTC.jpg,Christian Lindner,cebfea5f-bce7-498c-9d1a-5b80c9e97361.png,0.620958973966629,Facenet512,euclidean_l2,20.0,Christian Lindner,christianlindner
1945,86b34804-3984-4c67-84be-7076806db683,christianlindner/2021-09-17_08-03-58_UTC.jpg,Christian Lindner,aba5bb44-8485-4f0d-9b60-c596194fa33b.png,0.5604477680205313,Facenet512,euclidean_l2,20.0,Christian Lindner,christianlindner
1966,33db0188-3544-4260-a0bf-d7dc1873139d,christianlindner/2021-09-21_14-50-34_UTC_1.jpg,Christian Lindner,3e230648-0328-4861-ada8-f718b0287f5e.png,0.5470720689662211,Facenet512,euclidean_l2,20.0,Christian Lindner,christianlindner
1996,b311ca6c-1c38-4e53-a308-30215fa15cea,christianlindner/2021-09-21_19-30-47_UTC_4.jpg,Christian Lindner,,,,,,Unknown,christianlindner
2012,775f2193-2901-45ce-8a8c-3d1b78ea8fd2,armin_laschet/2021-09-13_17-02-10_UTC_1.jpg,Armin Laschet,,,,,,Unknown,armin_laschet
2018,1980dbc4-8cbc-4454-bbab-3e9dd6e35a13,christianlindner/2021-09-13_10-08-20_UTC_3.jpg,Christian Lindner,aba5bb44-8485-4f0d-9b60-c596194fa33b.png,0.5755552716838052,Facenet512,euclidean_l2,20.0,Christian Lindner,christianlindner
2028,a00eb6cd-a86b-4123-9aa3-1d0d88d6104c,christianlindner/2021-09-13_10-08-20_UTC_2.jpg,Christian Lindner,,,,,,Unknown,christianlindner
2052,0d3f535e-afe3-4d62-826f-edc8784ba3e0,christianlindner/2021-09-17_19-33-56_UTC_7.jpg,Christian Lindner,,,,,,Unknown,christianlindner
2054,b8373e9a-805f-49fa-b90f-e178e63e63b4,christianlindner/2021-09-15_18-37-22_UTC_3.jpg,Christian Lindner,4d32419b-d5b0-4859-a7a1-b12c0e217203.png,0.5911794075719796,Facenet512,euclidean_l2,20.0,Christian Lindner,christianlindner
2057,5d66dd33-5072-4a41-b9a9-5ab68290028c,christianlindner/2021-09-24_14-03-00_UTC_2.jpg,Christian Lindner,4d32419b-d5b0-4859-a7a1-b12c0e217203.png,0.6071211348067059,Facenet512,euclidean_l2,20.0,Christian Lindner,christianlindner
2060,e2920ecc-230f-459f-bb89-728ae2563d25,christianlindner/2021-09-17_19-33-56_UTC_3.jpg,Christian Lindner,510f4815-9191-4558-aab2-b98e5cb8f643.png,0.6787444283991462,Facenet512,euclidean_l2,20.0,Christian Lindner,christianlindner
2071,323a6bd6-b882-4d4a-b6c2-e607cf78630d,christianlindner/2021-09-16_14-29-18_UTC_1.jpg,Christian Lindner,2384c946-7f3b-4280-8257-c73c1bb814b1.png,0.945415940773802,Facenet512,euclidean_l2,10.0,Christian Lindner,christianlindner
2074,36eda179-7ff5-434c-8aae-0a1f525408be,christianlindner/2021-09-21_19-30-47_UTC_5.jpg,Christian Lindner,,,,,,Unknown,christianlindner
2079,c2081500-276d-4310-b4c1-4139009b0147,armin_laschet/2021-09-20_14-07-14_UTC_2.jpg,Armin Laschet,d0e6d963-6d02-463b-a226-ce3f34b0fcc5.png,0.5475777873141172,Facenet512,euclidean_l2,40.0,Armin Laschet,armin_laschet
2080,dd836d77-e68c-43e9-9396-37b712bae44b,christianlindner/2021-09-24_14-03-00_UTC_1.jpg,Christian Lindner,4d32419b-d5b0-4859-a7a1-b12c0e217203.png,0.5630712623216113,Facenet512,euclidean_l2,20.0,Christian Lindner,christianlindner
2081,6dfb85d9-0d1c-4e24-8f2d-b7f032aa1198,christianlindner/2021-09-16_07-47-54_UTC.jpg,Christian Lindner,,,,,,Unknown,christianlindner
2087,383f1fdd-6576-4fc2-97b5-2f6bac672b43,christianlindner/2021-09-17_16-42-20_UTC_1.jpg,Christian Lindner,aba5bb44-8485-4f0d-9b60-c596194fa33b.png,0.5302021437090177,Facenet512,euclidean_l2,20.0,Christian Lindner,christianlindner
2117,ccf12876-dfab-4d7a-afd3-81f0abba03a4,christianlindner/2021-09-24_07-02-09_UTC.jpg,Christian Lindner,aba5bb44-8485-4f0d-9b60-c596194fa33b.png,0.5839607467889882,Facenet512,euclidean_l2,20.0,Christian Lindner,christianlindner
2123,76e9287c-fd64-4b14-aead-5275e23892d8,christianlindner/2021-09-22_08-40-29_UTC.jpg,Christian Lindner,4d32419b-d5b0-4859-a7a1-b12c0e217203.png,0.7471321543382828,Facenet512,euclidean_l2,16.0,Christian Lindner,christianlindner
2129,9c9725e1-a8bb-4caa-b70a-4d497f0481e7,christianlindner/2021-09-22_20-20-19_UTC_1.jpg,Christian Lindner,2384c946-7f3b-4280-8257-c73c1bb814b1.png,0.9723191951351168,Facenet512,euclidean_l2,12.0,Christian Lindner,christianlindner
2189,9902a54f-7088-45fc-a749-c1e786be409d,christianlindner/2021-09-15_18-37-22_UTC_2.jpg,Christian Lindner,,,,,,Unknown,christianlindner
2190,890951ed-e1f0-4bab-9562-8a886fcfb5b5,christianlindner/2021-09-19_18-12-56_UTC_1.jpg,Christian Lindner,aba5bb44-8485-4f0d-9b60-c596194fa33b.png,0.6653305470820129,Facenet512,euclidean_l2,20.0,Christian Lindner,christianlindner
2201,5f235c24-75b5-43c8-ae4e-f2c13e2ccd4c,christianlindner/2021-09-17_13-01-40_UTC.jpg,Christian Lindner,510f4815-9191-4558-aab2-b98e5cb8f643.png,0.3989840952614701,Facenet512,euclidean_l2,20.0,Christian Lindner,christianlindner
2204,f0c8f1ec-1a01-4f6e-a5ea-914ca91b3807,armin_laschet/2021-09-13_17-02-10_UTC_3.jpg,Armin Laschet,5efa5b53-ada6-486e-8b66-4c6330a71ea7.png,0.73718134209523,Facenet512,euclidean_l2,36.0,Armin Laschet,armin_laschet
2216,3008dfdd-ffbd-4f86-b1b4-e95aa0e9c1e3,christianlindner/2021-09-20_07-51-26_UTC.jpg,Christian Lindner,d9fbc863-1aed-44af-8419-b4d18c9b5d48.png,0.9010201864892408,Facenet512,euclidean_l2,12.0,Christian Lindner,christianlindner
2219,60dc2c65-a41b-45c9-a76a-1678529ae3c2,christianlindner/2021-09-21_08-12-35_UTC.jpg,Christian Lindner,aba5bb44-8485-4f0d-9b60-c596194fa33b.png,0.6689467744226587,Facenet512,euclidean_l2,20.0,Christian Lindner,christianlindner
2222,5f536161-34a0-473c-a2f9-497c43d2941c,christianlindner/2021-09-17_19-33-56_UTC_6.jpg,Christian Lindner,,,,,,Unknown,christianlindner
2253,fd24a4a4-9af5-4d92-82d5-dff991bc4e6c,christianlindner/2021-09-23_09-38-13_UTC.jpg,Christian Lindner,d9fbc863-1aed-44af-8419-b4d18c9b5d48.png,0.896902485285129,Facenet512,euclidean_l2,12.0,Christian Lindner,christianlindner
2347,c471744a-d229-4f42-94d3-9e566da23871,christianlindner/2021-09-26_10-50-55_UTC_5.jpg,Christian Lindner,,,,,,Unknown,christianlindner
2366,9eab7bcc-9f1a-4a37-b238-249d74c22834,christianlindner/2021-09-21_19-30-47_UTC_1.jpg,Christian Lindner,,,,,,Unknown,christianlindner
2369,8c231c5a-fa55-4b01-9388-8d2dfdfc7b2d,christianlindner/2021-09-19_15-17-46_UTC_2.jpg,Christian Lindner,b2b81709-caad-45cc-b632-78901d5ab389.png,0.9971610847869644,Facenet512,euclidean_l2,2.0,Christian Lindner,christianlindner
2376,ca3c01f3-cb8e-4c0e-8803-1277687c126e,christianlindner/2021-09-19_15-17-46_UTC_3.jpg,Christian Lindner,4d32419b-d5b0-4859-a7a1-b12c0e217203.png,0.6230233110448334,Facenet512,euclidean_l2,20.0,Christian Lindner,christianlindner
2394,2a5bd6ea-11a0-468e-bd38-c3e093da937b,christianlindner/2021-09-21_14-50-34_UTC_2.jpg,Christian Lindner,,,,,,Unknown,christianlindner
2398,62fcf14d-99e8-4d67-85b9-9da646b58d05,armin_laschet/2021-09-15_09-28-48_UTC_2.jpg,Armin Laschet,d0e6d963-6d02-463b-a226-ce3f34b0fcc5.png,0.5264543575243593,Facenet512,euclidean_l2,40.0,Armin Laschet,armin_laschet
2465,d1a15b17-16a5-45ac-8f8e-5b93f87dc4ff,christianlindner/2021-09-26_17-24-53_UTC_1.jpg,Christian Lindner,d9fbc863-1aed-44af-8419-b4d18c9b5d48.png,1.034927608549759,Facenet512,euclidean_l2,2.0,Christian Lindner,christianlindner
2469,aef76f80-3453-49fa-a555-2e2e9aa89091,christianlindner/2021-09-17_19-33-56_UTC_2.jpg,Christian Lindner,b2b81709-caad-45cc-b632-78901d5ab389.png,0.9226753219579934,Facenet512,euclidean_l2,18.0,Christian Lindner,christianlindner
2471,52f9c618-a6b6-439f-aae2-dcab64534163,christianlindner/2021-09-15_18-37-22_UTC_4.jpg,Christian Lindner,,,,,,Unknown,christianlindner
2484,6054404d-6a3b-4d3f-a59e-cd023e24ebc2,christianlindner/2021-09-17_19-33-56_UTC_4.jpg,Christian Lindner,d9fbc863-1aed-44af-8419-b4d18c9b5d48.png,0.6751942247185999,Facenet512,euclidean_l2,20.0,Christian Lindner,christianlindner
2492,da9083b7-7675-4a33-a9d8-573a5d7c7667,armin_laschet/2021-09-12_20-15-07_UTC.jpg,Armin Laschet,80b6f539-47d0-408e-8a0b-aadcffe513a5.png,0.5141995893374322,Facenet512,euclidean_l2,40.0,Armin Laschet,armin_laschet
2515,f2b4e480-786a-4f4f-a137-ac81ac1b3eee,armin_laschet/2021-09-24_13-34-04_UTC_3.jpg,Armin Laschet,b95e4651-bf56-4f12-8d9c-4defe1aef9b0.png,0.5810312478679357,Facenet512,euclidean_l2,40.0,Armin Laschet,armin_laschet
2534,4dd65dcb-b72f-43f7-be2e-8f59290b7e1a,armin_laschet/2021-09-17_12-59-07_UTC_5.jpg,Armin Laschet,5efa5b53-ada6-486e-8b66-4c6330a71ea7.png,0.6241876945249811,Facenet512,euclidean_l2,40.0,Armin Laschet,armin_laschet
2559,93b19a4a-5bee-414a-a3cf-be29e6974d52,die_gruenen/2021-09-12_08-27-20_UTC.jpg,Annalena Baerbock,7bd1824e-e163-4963-9f53-3063e9dcc721.png,0.3059444662196297,Facenet512,euclidean_l2,26.0,Annalena Baerbock,die_gruenen
2560,6ebb956d-3dfd-4853-b173-13340e3afcb9,die_gruenen/2021-09-24_16-22-56_UTC.jpg,Annalena Baerbock,7043f13e-1c39-4e44-97a1-5130e364ed41.png,0.5751375202140737,Facenet512,euclidean_l2,26.0,Annalena Baerbock,die_gruenen
2562,61d4addb-01f0-4744-9670-1ad12be5e31b,armin_laschet/2021-09-26_23-29-21_UTC_1.jpg,Armin Laschet,c0c7aedd-97dc-4394-8336-f812c19fc1a2.png,0.6868313964570278,Facenet512,euclidean_l2,40.0,Armin Laschet,armin_laschet
2577,78decf2c-0395-4276-91af-391c7033bd96,die_gruenen/2021-09-22_09-47-57_UTC.jpg,Annalena Baerbock,9a8aa257-6928-4d20-bb76-b003078f551d.png,0.550556534228074,Facenet512,euclidean_l2,26.0,Annalena Baerbock,die_gruenen
2582,d15431f2-84ff-4e4c-bc71-cbdbe6ca2954,die_gruenen/2021-09-25_09-13-34_UTC.jpg,Annalena Baerbock,b5ea8be6-69b9-4fdb-8813-88f307903fb4.png,0.759714352744367,Facenet512,euclidean_l2,26.0,Annalena Baerbock,die_gruenen
2589,22f7d6a3-b94b-449a-9bdb-821930ec4826,die_gruenen/2021-09-26_17-47-12_UTC.jpg,Annalena Baerbock,8ecf25a6-4fe7-4768-ab40-bbf7ce516bd2.png,0.5562278916772889,Facenet512,euclidean_l2,26.0,Annalena Baerbock,die_gruenen
2592,eff083bd-6c51-47fc-8524-ade37e9c059f,die_gruenen/2021-09-19_12-05-44_UTC.jpg,Annalena Baerbock,b5ea8be6-69b9-4fdb-8813-88f307903fb4.png,0.369838800850309,Facenet512,euclidean_l2,26.0,Annalena Baerbock,die_gruenen
2594,05877f76-f358-4414-b00c-da687b723fcb,armin_laschet/2021-09-25_12-43-21_UTC_5.jpg,Armin Laschet,,,,,,Unknown,armin_laschet
2601,afb0d2b6-2deb-4d43-8375-a50f829d093e,armin_laschet/2021-09-24_20-50-28_UTC_1.jpg,Armin Laschet,1f347af9-a36f-4727-923b-4c1a1e934ab9.png,0.8059735665464685,Facenet512,euclidean_l2,34.0,Armin Laschet,armin_laschet
2625,e01d7d75-f609-4dcb-b940-aec7fc00c824,die_gruenen/2021-09-13_16-46-33_UTC.jpg,Annalena Baerbock,9a8aa257-6928-4d20-bb76-b003078f551d.png,0.4197924115248589,Facenet512,euclidean_l2,26.0,Annalena Baerbock,die_gruenen
2630,cf081d5a-75c2-4a65-9899-dac7c06fd6cb,die_gruenen/2021-09-23_20-30-28_UTC.jpg,Annalena Baerbock,9a8aa257-6928-4d20-bb76-b003078f551d.png,0.5015831204088831,Facenet512,euclidean_l2,26.0,Annalena Baerbock,die_gruenen
2634,aeae1aca-c8e1-4ec0-aff0-d1202f4f0b36,die_gruenen/2021-09-20_14-10-58_UTC.jpg,Annalena Baerbock,8ecf25a6-4fe7-4768-ab40-bbf7ce516bd2.png,0.5667435116468735,Facenet512,euclidean_l2,26.0,Annalena Baerbock,die_gruenen
2683,7690cd1a-bc9e-4ddd-8e54-75164f01cfab,die_gruenen/2021-09-19_09-28-42_UTC.jpg,Annalena Baerbock,,,,,,Unknown,die_gruenen
2690,e503355b-47fb-4097-bc46-dbee8f7b9b60,die_gruenen/2021-09-20_16-09-06_UTC.jpg,Annalena Baerbock,7043f13e-1c39-4e44-97a1-5130e364ed41.png,0.5516105102451841,Facenet512,euclidean_l2,26.0,Annalena Baerbock,die_gruenen
2691,e768c3ca-9beb-4c6b-9f3f-c46872e6e79c,die_gruenen/2021-09-12_20-32-06_UTC.jpg,Annalena Baerbock,9a8aa257-6928-4d20-bb76-b003078f551d.png,0.5652681416455699,Facenet512,euclidean_l2,26.0,Annalena Baerbock,die_gruenen
2693,10c03a54-8c3f-4727-8825-d98c5ae37eca,die_gruenen/2021-09-24_06-55-12_UTC_1.jpg,Annalena Baerbock,d0023ba3-e826-4b9e-9f82-cd652ea335bd.png,0.2577423927304468,Facenet512,euclidean_l2,26.0,Annalena Baerbock,die_gruenen
2695,c255b815-4efc-4f1f-9ef4-5ae4e9b2fd09,die_gruenen/2021-09-19_20-19-42_UTC.jpg,Annalena Baerbock,7043f13e-1c39-4e44-97a1-5130e364ed41.png,0.5512605684810441,Facenet512,euclidean_l2,26.0,Annalena Baerbock,die_gruenen
2697,df2b2614-18af-477d-85e1-ee18e37eb5e0,die_gruenen/2021-09-26_05-55-55_UTC.jpg,Annalena Baerbock,b5ea8be6-69b9-4fdb-8813-88f307903fb4.png,0.6868890673801062,Facenet512,euclidean_l2,26.0,Annalena Baerbock,die_gruenen
2702,23c15031-e929-4eea-bcbe-519719a35bb3,armin_laschet/2021-09-21_05-10-21_UTC_4.jpg,Armin Laschet,d0e6d963-6d02-463b-a226-ce3f34b0fcc5.png,0.751559501035279,Facenet512,euclidean_l2,40.0,Armin Laschet,armin_laschet
2746,ee54b5d7-0bf3-4db9-9577-312972c51172,armin_laschet/2021-09-20_14-07-14_UTC_1.jpg,Armin Laschet,7cdeee40-f222-4b03-a819-4db32fc47d20.png,0.640715745635762,Facenet512,euclidean_l2,40.0,Armin Laschet,armin_laschet
2790,fb98f204-3c7f-49a6-8881-4564b75c8415,armin_laschet/2021-09-18_19-12-07_UTC_3.jpg,Armin Laschet,5efa5b53-ada6-486e-8b66-4c6330a71ea7.png,0.7275439773801594,Facenet512,euclidean_l2,18.0,Armin Laschet,armin_laschet
2816,04d0ebe1-603d-4084-b71c-5c56ec9263bf,armin_laschet/2021-09-22_09-18-33_UTC_4.jpg,Armin Laschet,,,,,,Unknown,armin_laschet
2870,a20fdbb5-8ba6-480c-8512-b4c5480c6b01,armin_laschet/2021-09-17_12-59-07_UTC_6.jpg,Armin Laschet,5efa5b53-ada6-486e-8b66-4c6330a71ea7.png,0.7263563245986645,Facenet512,euclidean_l2,40.0,Armin Laschet,armin_laschet
2898,b840e057-d254-4200-89a4-4e9b1c87db14,armin_laschet/2021-09-24_13-34-04_UTC_6.jpg,Armin Laschet,1f347af9-a36f-4727-923b-4c1a1e934ab9.png,0.6904515888035597,Facenet512,euclidean_l2,38.0,Armin Laschet,armin_laschet
2907,599e8ce3-c8ae-4c50-bf1a-564593265f91,abaerbock/2021-09-13_19-36-55_UTC_2.jpg,Annalena Baerbock,8ecf25a6-4fe7-4768-ab40-bbf7ce516bd2.png,0.5668668325686719,Facenet512,euclidean_l2,26.0,Annalena Baerbock,abaerbock
2909,cb734989-8762-44e5-b70e-211cfc28d628,abaerbock/2021-09-21_14-36-27_UTC_3.jpg,Annalena Baerbock,9a8aa257-6928-4d20-bb76-b003078f551d.png,0.6334319831956169,Facenet512,euclidean_l2,26.0,Annalena Baerbock,abaerbock
2910,0ffa54a4-8f7e-4f8e-b67f-0c09ed8481e3,abaerbock/2021-09-13_19-36-55_UTC_1.jpg,Annalena Baerbock,,,,,,Unknown,abaerbock
2918,61feb08f-3fe5-4b8d-83e5-4510f4abf971,abaerbock/2021-09-17_11-48-57_UTC.jpg,Annalena Baerbock,9a8aa257-6928-4d20-bb76-b003078f551d.png,0.539118857336077,Facenet512,euclidean_l2,26.0,Annalena Baerbock,abaerbock
2919,1e19601a-5fad-4f09-818c-76b0ca70294f,armin_laschet/2021-09-21_05-10-21_UTC_3.jpg,Armin Laschet,d0e6d963-6d02-463b-a226-ce3f34b0fcc5.png,0.5988121958136019,Facenet512,euclidean_l2,40.0,Armin Laschet,armin_laschet
2928,00aa5e3a-e868-4c9e-89a0-20e93bb78cf9,abaerbock/2021-09-13_14-02-02_UTC.jpg,Annalena Baerbock,d0023ba3-e826-4b9e-9f82-cd652ea335bd.png,0.4662792265450009,Facenet512,euclidean_l2,26.0,Annalena Baerbock,abaerbock
2929,8482f62c-1383-4661-9c39-d42791d1e182,abaerbock/2021-09-21_08-58-26_UTC.jpg,Annalena Baerbock,7043f13e-1c39-4e44-97a1-5130e364ed41.png,0.6518088606722252,Facenet512,euclidean_l2,26.0,Annalena Baerbock,abaerbock
2937,bf80cccc-46fa-4267-a091-a2276a7707db,abaerbock/2021-09-25_08-37-35_UTC.jpg,Annalena Baerbock,b5ea8be6-69b9-4fdb-8813-88f307903fb4.png,0.5496688746201305,Facenet512,euclidean_l2,26.0,Annalena Baerbock,abaerbock
2938,07762b92-f3f2-4986-88b4-93c4dec0e7d3,abaerbock/2021-09-25_15-05-02_UTC_5.jpg,Annalena Baerbock,9a8aa257-6928-4d20-bb76-b003078f551d.png,0.5898951496495031,Facenet512,euclidean_l2,26.0,Annalena Baerbock,abaerbock
2942,3cae103d-7558-4673-b830-411d10ac225b,abaerbock/2021-09-20_16-36-45_UTC.jpg,Annalena Baerbock,8ecf25a6-4fe7-4768-ab40-bbf7ce516bd2.png,0.5216035579939022,Facenet512,euclidean_l2,26.0,Annalena Baerbock,abaerbock
2943,52d885fe-00d5-4599-bc9f-b0fe5041682e,abaerbock/2021-09-24_17-49-01_UTC_5.jpg,Annalena Baerbock,0faf3dc0-e2b6-4b3e-81d6-3c1474fbed58.png,0.89869191986513,Facenet512,euclidean_l2,20.0,Annalena Baerbock,abaerbock
2950,f4a5c7f2-a962-440d-9c68-8408d911a02a,abaerbock/2021-09-14_10-00-20_UTC_3.jpg,Annalena Baerbock,,,,,,Unknown,abaerbock
2954,e4603358-510d-4fbf-b3f0-dd528ccdccec,armin_laschet/2021-09-21_05-10-21_UTC_1.jpg,Armin Laschet,5efa5b53-ada6-486e-8b66-4c6330a71ea7.png,0.5660817844635756,Facenet512,euclidean_l2,36.0,Armin Laschet,armin_laschet
2968,c519b360-99de-427f-a781-8517fd9bf066,abaerbock/2021-09-22_19-23-29_UTC_3.jpg,Annalena Baerbock,,,,,,Unknown,abaerbock
2977,ff86e256-52a8-4023-953e-ed2c2d3a43e4,abaerbock/2021-09-23_16-08-18_UTC.jpg,Annalena Baerbock,b5ea8be6-69b9-4fdb-8813-88f307903fb4.png,0.6109906833699217,Facenet512,euclidean_l2,26.0,Annalena Baerbock,abaerbock
2997,4e8ca68f-4cc6-4acf-8498-727093585068,armin_laschet/2021-09-24_20-50-28_UTC_3.jpg,Armin Laschet,c0c7aedd-97dc-4394-8336-f812c19fc1a2.png,0.6687915166005044,Facenet512,euclidean_l2,40.0,Armin Laschet,armin_laschet
3005,17855883-9d00-441c-a3ac-db916b28c6f2,abaerbock/2021-09-15_13-20-23_UTC_5.jpg,Annalena Baerbock,b5ea8be6-69b9-4fdb-8813-88f307903fb4.png,0.8815736597416151,Facenet512,euclidean_l2,14.0,Annalena Baerbock,abaerbock
3009,410c6b9f-6333-4d86-9fbc-515fcae9e2ad,abaerbock/2021-09-19_15-10-45_UTC_3.jpg,Annalena Baerbock,,,,,,Unknown,abaerbock
3012,19b7bd69-399a-4740-8a3c-8d30a833758b,abaerbock/2021-09-21_14-36-27_UTC_8.jpg,Annalena Baerbock,d0023ba3-e826-4b9e-9f82-cd652ea335bd.png,0.7612080454977986,Facenet512,euclidean_l2,26.0,Annalena Baerbock,abaerbock
3021,e2c6eccf-ec5a-4378-86e0-a768931627a8,abaerbock/2021-09-24_11-50-01_UTC_2.jpg,Annalena Baerbock,3f3034b2-faf6-43ad-ae81-188498b8e10d.png,0.9070881857881212,Facenet512,euclidean_l2,26.0,Annalena Baerbock,abaerbock
3034,3a607d73-3718-47c0-bc4c-f5c459f1ad3d,abaerbock/2021-09-25_15-05-02_UTC_3.jpg,Annalena Baerbock,7043f13e-1c39-4e44-97a1-5130e364ed41.png,0.675131546650403,Facenet512,euclidean_l2,26.0,Annalena Baerbock,abaerbock
3048,373b6efd-d908-457f-aaa2-516f80c9aea9,abaerbock/2021-09-15_13-20-23_UTC_1.jpg,Annalena Baerbock,,,,,,Unknown,abaerbock
3073,a534e93a-e318-4e5f-88a1-f62b9d8e9f16,abaerbock/2021-09-24_11-50-01_UTC_3.jpg,Annalena Baerbock,,,,,,Unknown,abaerbock
3076,c9dc6737-674a-4569-8670-d04ac1aa9280,armin_laschet/2021-09-25_08-46-13_UTC.jpg,Armin Laschet,b95e4651-bf56-4f12-8d9c-4defe1aef9b0.png,0.3191026309482273,Facenet512,euclidean_l2,40.0,Armin Laschet,armin_laschet
3080,5f14108a-dee1-47e4-aa40-5f85b45e8358,abaerbock/2021-09-14_10-00-20_UTC_5.jpg,Annalena Baerbock,baerbock_annalena_gross.jpeg,0.7853658357480695,Facenet512,euclidean_l2,26.0,Annalena Baerbock,abaerbock
3094,a985a95d-4403-4de3-bad2-f05bb38d260e,abaerbock/2021-09-15_13-20-23_UTC_2.jpg,Annalena Baerbock,820608e2-840e-4850-b527-36c922284188.png,0.8855521085193638,Facenet512,euclidean_l2,14.0,Annalena Baerbock,abaerbock
3133,963eb633-3e3b-4ea2-b78b-a736da5381a6,abaerbock/2021-09-13_19-36-55_UTC_4.jpg,Annalena Baerbock,9a8aa257-6928-4d20-bb76-b003078f551d.png,0.5401313632013304,Facenet512,euclidean_l2,26.0,Annalena Baerbock,abaerbock
3140,f812341d-1859-4015-b280-94162616240a,abaerbock/2021-09-20_13-46-23_UTC_1.jpg,Annalena Baerbock,820608e2-840e-4850-b527-36c922284188.png,0.8613394349347137,Facenet512,euclidean_l2,22.0,Annalena Baerbock,abaerbock
3141,fc5ee01f-6ba8-48b3-abd3-5f819f8de7c7,abaerbock/2021-09-17_19-48-04_UTC_4.jpg,Annalena Baerbock,,,,,,Unknown,abaerbock
3231,36c15bce-f8c3-46e0-baee-cba74ff5bd89,armin_laschet/2021-09-25_12-43-21_UTC_6.jpg,Armin Laschet,5efa5b53-ada6-486e-8b66-4c6330a71ea7.png,0.7725037338228834,Facenet512,euclidean_l2,30.0,Armin Laschet,armin_laschet
3277,e7cce185-7945-45c9-8cc0-ce165155589a,abaerbock/2021-09-23_19-16-58_UTC_5.jpg,Annalena Baerbock,b5ea8be6-69b9-4fdb-8813-88f307903fb4.png,0.5233049829495368,Facenet512,euclidean_l2,26.0,Annalena Baerbock,abaerbock
3282,54a217c7-6827-426b-8ad5-7d8ed06e2f7b,abaerbock/2021-09-26_13-45-48_UTC.jpg,Annalena Baerbock,9a8aa257-6928-4d20-bb76-b003078f551d.png,0.7830465796895771,Facenet512,euclidean_l2,26.0,Annalena Baerbock,abaerbock
3283,1d4f81b9-625b-491b-b771-d2fa9c1c0227,abaerbock/2021-09-19_15-10-45_UTC_2.jpg,Annalena Baerbock,9a8aa257-6928-4d20-bb76-b003078f551d.png,0.6668599680565016,Facenet512,euclidean_l2,26.0,Annalena Baerbock,abaerbock
3289,2e8a032f-a860-401d-90b2-88d74c53180e,abaerbock/2021-09-23_14-42-45_UTC.jpg,Annalena Baerbock,b5ea8be6-69b9-4fdb-8813-88f307903fb4.png,0.5684256672033573,Facenet512,euclidean_l2,26.0,Annalena Baerbock,abaerbock
3292,5f136e40-f256-4389-8210-81cd3bfd08a9,abaerbock/2021-09-20_13-46-23_UTC_3.jpg,Annalena Baerbock,,,,,,Unknown,abaerbock
3294,b96ea2f4-d9dc-4b5a-946d-d3a05a285664,abaerbock/2021-09-22_13-32-14_UTC_1.jpg,Annalena Baerbock,3f3034b2-faf6-43ad-ae81-188498b8e10d.png,0.8259390051719937,Facenet512,euclidean_l2,26.0,Annalena Baerbock,abaerbock
3296,2a2a9793-2a18-45f2-86f6-55b02cc9fd77,abaerbock/2021-09-15_13-20-23_UTC_3.jpg,Annalena Baerbock,b5ea8be6-69b9-4fdb-8813-88f307903fb4.png,0.8024674218053961,Facenet512,euclidean_l2,26.0,Annalena Baerbock,abaerbock
3301,90599163-3604-40ea-804e-4e63e7aa0024,abaerbock/2021-09-25_15-05-02_UTC_1.jpg,Annalena Baerbock,9a8aa257-6928-4d20-bb76-b003078f551d.png,0.7250861290245598,Facenet512,euclidean_l2,26.0,Annalena Baerbock,abaerbock
3309,d56ac3fc-f41c-480b-ba5b-e04a94cc770e,abaerbock/2021-09-21_14-36-27_UTC_1.jpg,Annalena Baerbock,,,,,,Unknown,abaerbock
3316,007f01fe-3444-4507-9049-6550508df3f4,abaerbock/2021-09-20_18-22-45_UTC_2.jpg,Annalena Baerbock,dded1da1-82ba-453b-8736-9ef3e81ab387.png,0.8710152102543404,Facenet512,euclidean_l2,26.0,Annalena Baerbock,abaerbock
3327,025352ae-840e-43af-8f6b-1e0d98adc061,abaerbock/2021-09-24_11-50-01_UTC_1.jpg,Annalena Baerbock,,,,,,Unknown,abaerbock
3328,6aa6808a-08ad-483b-b3b0-ea114cfc8113,abaerbock/2021-09-17_19-48-04_UTC_1.jpg,Annalena Baerbock,b2e13edc-d8cc-4db2-9310-6924bd90b7e8.png,0.7376080702769939,Facenet512,euclidean_l2,26.0,Annalena Baerbock,abaerbock
3330,87f0611b-165b-4c2b-849b-75955a18fb3a,abaerbock/2021-09-17_12-51-57_UTC.jpg,Annalena Baerbock,d0023ba3-e826-4b9e-9f82-cd652ea335bd.png,0.6293368863743186,Facenet512,euclidean_l2,26.0,Annalena Baerbock,abaerbock
3337,5ddb0813-3541-418e-ad39-d7b2c8138cf7,abaerbock/2021-09-25_15-05-02_UTC_2.jpg,Annalena Baerbock,3f3034b2-faf6-43ad-ae81-188498b8e10d.png,0.7987275029869049,Facenet512,euclidean_l2,26.0,Annalena Baerbock,abaerbock
3341,b4f271a0-1763-42ff-81d5-e097f4f0bd86,abaerbock/2021-09-20_13-46-23_UTC_2.jpg,Annalena Baerbock,,,,,,Unknown,abaerbock
3342,501a723e-b731-446a-b79c-6ef093c87204,armin_laschet/2021-09-16_13-50-14_UTC_1.jpg,Armin Laschet,9c3a43b8-03a7-453c-a980-1c4523abd5f3.png,0.5564336780113853,Facenet512,euclidean_l2,40.0,Armin Laschet,armin_laschet
3344,cbea5331-e5e4-4302-b85e-bfbca3a28d8d,abaerbock/2021-09-25_15-05-02_UTC_4.jpg,Annalena Baerbock,,,,,,Unknown,abaerbock
3347,ff8a3330-f381-42c5-b75e-a9a6b3062368,abaerbock/2021-09-24_17-49-01_UTC_1.jpg,Annalena Baerbock,7043f13e-1c39-4e44-97a1-5130e364ed41.png,0.6523025139542457,Facenet512,euclidean_l2,26.0,Annalena Baerbock,abaerbock
3353,031299a5-b92e-473a-8d6f-60715b2997bc,abaerbock/2021-09-23_19-16-58_UTC_1.jpg,Annalena Baerbock,820608e2-840e-4850-b527-36c922284188.png,0.9127454569008876,Facenet512,euclidean_l2,26.0,Annalena Baerbock,abaerbock
3360,e7bff4b0-438e-498a-9742-587ebb0a8897,abaerbock/2021-09-26_18-15-22_UTC.jpg,Annalena Baerbock,9a8aa257-6928-4d20-bb76-b003078f551d.png,0.5743046066374029,Facenet512,euclidean_l2,26.0,Annalena Baerbock,abaerbock
3362,153c7ec3-4a67-4e93-99e8-faca3d9f5a9d,abaerbock/2021-09-13_19-36-55_UTC_3.jpg,Annalena Baerbock,,,,,,Unknown,abaerbock
3372,dfc6227d-6a99-4193-8788-822015258307,abaerbock/2021-09-20_18-22-45_UTC_7.jpg,Annalena Baerbock,d0023ba3-e826-4b9e-9f82-cd652ea335bd.png,0.5787478076142343,Facenet512,euclidean_l2,26.0,Annalena Baerbock,abaerbock
3373,c62f3a52-7c79-41b7-9a06-c7d98b674641,abaerbock/2021-09-25_15-05-02_UTC_6.jpg,Annalena Baerbock,dded1da1-82ba-453b-8736-9ef3e81ab387.png,0.7163006431903579,Facenet512,euclidean_l2,26.0,Annalena Baerbock,abaerbock
3380,70b95a76-1842-464e-8c7b-c49feff25686,armin_laschet/2021-09-24_20-50-28_UTC_2.jpg,Armin Laschet,f7a956bb-513b-4ae7-9fb0-2adc7ab25076.png,0.891575224022927,Facenet512,euclidean_l2,10.0,Armin Laschet,armin_laschet
3393,527454f8-c5ba-429c-bbdb-c7022785ac6a,abaerbock/2021-09-19_15-10-45_UTC_1.jpg,Annalena Baerbock,baerbock_annalena_gross.jpeg,0.92893781194451,Facenet512,euclidean_l2,12.0,Annalena Baerbock,abaerbock
3437,4dcf435c-674f-4d3c-8597-b909f7968c31,olafscholz/2021-09-15_11-18-08_UTC.jpg,Olaf Scholz,97bef193-f3fe-4df6-b6d6-37ad2790018d.png,0.4452728866709696,Facenet512,euclidean_l2,40.0,Olaf Scholz,olafscholz
3439,b26a9322-d40a-49cd-b088-da1dafcaf6b3,olafscholz/2021-09-24_11-51-14_UTC_1.jpg,Olaf Scholz,baaa081f-7a38-4907-b92b-ba3d791c4012.png,0.510332046686374,Facenet512,euclidean_l2,40.0,Olaf Scholz,olafscholz
3443,7f3586e2-9a99-4208-92e6-cc16b82e12b4,armin_laschet/2021-09-18_19-12-07_UTC_2.jpg,Armin Laschet,c0c7aedd-97dc-4394-8336-f812c19fc1a2.png,0.791738878932367,Facenet512,euclidean_l2,38.0,Armin Laschet,armin_laschet
3475,70eecef3-e830-4a70-a2a7-7bd25b383d41,armin_laschet/2021-09-22_14-55-06_UTC_3.jpg,Armin Laschet,cc6b3530-cd71-4500-a5fe-d868c449b8d1.png,0.7511806113253661,Facenet512,euclidean_l2,40.0,Armin Laschet,armin_laschet
3482,09319a79-dbec-4c90-9ad0-16080dca911a,armin_laschet/2021-09-15_09-28-48_UTC_1.jpg,Armin Laschet,cc6b3530-cd71-4500-a5fe-d868c449b8d1.png,0.640497545662035,Facenet512,euclidean_l2,40.0,Armin Laschet,armin_laschet
3535,defb7db9-52f7-40d9-8bd3-68e1cd0006b2,olafscholz/2021-09-22_12-20-14_UTC.jpg,Olaf Scholz,82f4d29e-1d17-4672-b015-52009fda2a23.png,0.9250385438573582,Facenet512,euclidean_l2,30.0,Olaf Scholz,olafscholz
3540,a0a7100e-ef50-4daf-885e-b24f0f06a4a7,olafscholz/2021-09-18_20-26-35_UTC_1.jpg,Olaf Scholz,baaa081f-7a38-4907-b92b-ba3d791c4012.png,0.637252739952836,Facenet512,euclidean_l2,38.0,Olaf Scholz,olafscholz
3543,eea68d13-fa03-4372-9ee6-daaac870d313,olafscholz/2021-09-22_20-57-22_UTC_2.jpg,Olaf Scholz,c27ee252-e37c-4074-92b5-20e300431107.png,0.410677999086596,Facenet512,euclidean_l2,40.0,Olaf Scholz,olafscholz
3588,ec063e04-b766-46fe-a96a-6b214286d942,olafscholz/2021-09-25_11-22-24_UTC.jpg,Olaf Scholz,9bc42743-ba76-4b29-8ae3-88daa99f6988.png,0.9768129157960436,Facenet512,euclidean_l2,6.0,Olaf Scholz,olafscholz
3589,45c0bb8b-4f0e-449c-9e76-b436e4fbc024,olafscholz/2021-09-15_13-26-59_UTC.jpg,Olaf Scholz,8c8b42f9-47e7-4df5-bffb-da674eab6953.png,0.9918450958394548,Facenet512,euclidean_l2,6.0,Olaf Scholz,olafscholz
3600,790cb392-6f03-46f6-bf95-f9bcecb2fd89,olafscholz/2021-09-18_12-22-03_UTC_3.jpg,Olaf Scholz,82f4d29e-1d17-4672-b015-52009fda2a23.png,0.9135855689590175,Facenet512,euclidean_l2,30.0,Olaf Scholz,olafscholz
3604,765b7293-e057-4a75-a80f-abe62db60502,olafscholz/2021-09-21_11-26-43_UTC_2.jpg,Olaf Scholz,c27ee252-e37c-4074-92b5-20e300431107.png,0.6835760880775174,Facenet512,euclidean_l2,40.0,Olaf Scholz,olafscholz
3612,5acac5b3-75e3-4ac7-9396-ccc17e1f5957,olafscholz/2021-09-21_11-26-43_UTC_2.jpg,Olaf Scholz,77b54f7d-504a-4313-ab25-b66060e08f06.png,0.43256794935316,Facenet512,euclidean_l2,38.0,Olaf Scholz,olafscholz
3614,028bdc04-759f-4117-9d72-f9d8895d71a3,olafscholz/2021-09-16_08-20-47_UTC.jpg,Olaf Scholz,cf207ba3-2a6b-42b2-b0c6-b0fb9e7532f0.png,0.4852635973549671,Facenet512,euclidean_l2,38.0,Olaf Scholz,olafscholz
3619,78d72a2b-d3c2-4b77-994d-1fca1cffc2b1,olafscholz/2021-09-21_13-38-38_UTC.jpg,Olaf Scholz,77b54f7d-504a-4313-ab25-b66060e08f06.png,0.2550466432220005,Facenet512,euclidean_l2,38.0,Olaf Scholz,olafscholz
3642,eaddbb34-0c53-402e-a1a6-168bb4c6880e,christlichsozialeunion/2021-09-24_18-34-35_UTC.jpg,Markus Söder,2e3825be-7e0c-4e62-b2c7-b9aea0bcb158.png,0.6655635763796178,Facenet512,euclidean_l2,26.0,Markus Söder,christlichsozialeunion
3654,f2b2753f-3b64-4a82-9c2c-c1c4928709d1,christlichsozialeunion/2021-09-26_11-31-48_UTC.jpg,Markus Söder,,,,,,Unknown,christlichsozialeunion
3670,4144d885-0982-4a8c-a28e-78ce7e8401c5,christlichsozialeunion/2021-09-19_10-53-20_UTC_2.jpg,Markus Söder,8cc74ed4-1eaf-489c-8072-432287400d9b.png,0.465964576425718,Facenet512,euclidean_l2,26.0,Markus Söder,christlichsozialeunion
3673,11f73482-4f5c-47f1-91ad-f045c9ce2931,christlichsozialeunion/2021-09-24_17-47-19_UTC_1.jpg,Markus Söder,aef8776f-6cb2-461e-aa5f-26798f3b263e.png,0.5545539332162426,Facenet512,euclidean_l2,26.0,Markus Söder,christlichsozialeunion
3678,74b87fb3-7346-4cb8-9c70-dfe853c3676b,christlichsozialeunion/2021-09-20_12-34-16_UTC.jpg,Markus Söder,732bdb01-2da9-438e-9b36-04c89ad1eea4.png,0.4279318631698102,Facenet512,euclidean_l2,26.0,Markus Söder,christlichsozialeunion
3679,7db93a81-d5b5-41e7-a4e4-9fde4f04c756,christlichsozialeunion/2021-09-26_09-00-19_UTC.jpg,Markus Söder,soeder.jpeg,0.6637603188217517,Facenet512,euclidean_l2,26.0,Markus Söder,christlichsozialeunion
3688,905ef69c-5069-49b0-875e-8e959aeb18bf,christlichsozialeunion/2021-09-19_10-53-20_UTC_1.jpg,Markus Söder,471d9645-9a33-471b-9e3e-5bfb82032fd8.png,0.8512310302862789,Facenet512,euclidean_l2,20.0,Markus Söder,christlichsozialeunion
3702,c1423139-3d6a-401c-bbbf-7a7794f53c64,christlichsozialeunion/2021-09-15_19-36-35_UTC_5.jpg,Markus Söder,2e3825be-7e0c-4e62-b2c7-b9aea0bcb158.png,0.5961457538631472,Facenet512,euclidean_l2,26.0,Markus Söder,christlichsozialeunion
3704,778a1496-f8fe-4f8c-9a07-4d508372dd58,christlichsozialeunion/2021-09-24_09-20-50_UTC.jpg,Markus Söder,8cc74ed4-1eaf-489c-8072-432287400d9b.png,0.2762549188277214,Facenet512,euclidean_l2,26.0,Markus Söder,christlichsozialeunion
3723,4cdb4628-1dec-4162-86a9-855dfba1fab0,christlichsozialeunion/2021-09-25_13-00-30_UTC.jpg,Markus Söder,e673e074-b17d-46b3-a482-2f69bca15936.png,0.4202539083403681,Facenet512,euclidean_l2,26.0,Markus Söder,christlichsozialeunion
3733,ccba54d6-dd2d-4139-851c-2384fa5339cf,christlichsozialeunion/2021-09-15_13-08-15_UTC.jpg,Markus Söder,7b71cbfb-e1d9-44c4-98cf-df3e9761a43b.png,0.5267001911303478,Facenet512,euclidean_l2,26.0,Markus Söder,christlichsozialeunion
3753,eb6a4043-7096-4186-8e7a-4ff0344a07b3,christlichsozialeunion/2021-09-24_17-47-19_UTC_6.jpg,Markus Söder,732bdb01-2da9-438e-9b36-04c89ad1eea4.png,0.5542523054813785,Facenet512,euclidean_l2,26.0,Markus Söder,christlichsozialeunion
3791,fd62a2a2-72b3-4a2f-810a-a676dc2b0ee5,christlichsozialeunion/2021-09-15_19-36-35_UTC_1.jpg,Markus Söder,471d9645-9a33-471b-9e3e-5bfb82032fd8.png,0.5387726205977331,Facenet512,euclidean_l2,26.0,Markus Söder,christlichsozialeunion
3800,1da08149-0498-45a6-854e-f1dabac69e63,christlichsozialeunion/2021-09-17_13-41-38_UTC.jpg,Markus Söder,8cc74ed4-1eaf-489c-8072-432287400d9b.png,0.2950838147593106,Facenet512,euclidean_l2,26.0,Markus Söder,christlichsozialeunion
3813,52735d0a-9f56-4709-8e89-e7231baed287,christlichsozialeunion/2021-09-17_15-29-38_UTC_1.jpg,Markus Söder,49bdb61e-e0b0-4666-9cf0-5c7ab16b2516.png,0.6941480601306896,Facenet512,euclidean_l2,26.0,Markus Söder,christlichsozialeunion
3820,93f9499f-5ecc-413a-93d0-bad4771d9d09,christlichsozialeunion/2021-09-14_17-51-04_UTC.jpg,Markus Söder,8cc74ed4-1eaf-489c-8072-432287400d9b.png,0.2340986766586751,Facenet512,euclidean_l2,26.0,Markus Söder,christlichsozialeunion
3854,2b8bd8a7-606a-4517-b37b-c380c645f1c0,christlichsozialeunion/2021-09-24_18-00-48_UTC.jpg,Markus Söder,7b71cbfb-e1d9-44c4-98cf-df3e9761a43b.png,0.6879928080347,Facenet512,euclidean_l2,26.0,Markus Söder,christlichsozialeunion
3856,f7ef5dff-8c4a-41e3-a466-687db8f74dbf,christlichsozialeunion/2021-09-22_05-30-15_UTC.jpg,Markus Söder,732bdb01-2da9-438e-9b36-04c89ad1eea4.png,0.48739794582391,Facenet512,euclidean_l2,26.0,Markus Söder,christlichsozialeunion
3871,44696d81-4dcd-4198-ba7a-bf58695f5e84,christlichsozialeunion/2021-09-17_07-28-12_UTC.jpg,Markus Söder,8cc74ed4-1eaf-489c-8072-432287400d9b.png,0.2900688773426296,Facenet512,euclidean_l2,26.0,Markus Söder,christlichsozialeunion
3876,606d9ae1-1f45-4340-a3f1-68403d5330a4,christlichsozialeunion/2021-09-17_18-25-15_UTC_1.jpg,Markus Söder,471d9645-9a33-471b-9e3e-5bfb82032fd8.png,0.5807699479094831,Facenet512,euclidean_l2,26.0,Markus Söder,christlichsozialeunion
3877,9eb3f5a7-0149-43db-8e6b-c4024ae960bd,christlichsozialeunion/2021-09-26_05-30-10_UTC.jpg,Markus Söder,d58b66d8-f621-4c58-9284-a999f266986a.png,0.2953209179517764,Facenet512,euclidean_l2,26.0,Markus Söder,christlichsozialeunion
3889,1b35f187-28b8-4d34-9b73-471b2b92bec9,christlichsozialeunion/2021-09-17_15-29-38_UTC_2.jpg,Markus Söder,49bdb61e-e0b0-4666-9cf0-5c7ab16b2516.png,0.6880586669888465,Facenet512,euclidean_l2,26.0,Markus Söder,christlichsozialeunion
3900,2d446c74-8e9b-47ce-8a1f-95f50394c10d,christlichsozialeunion/2021-09-23_19-34-53_UTC.jpg,Markus Söder,2e3825be-7e0c-4e62-b2c7-b9aea0bcb158.png,0.5349298914532185,Facenet512,euclidean_l2,26.0,Markus Söder,christlichsozialeunion
3903,b099e796-89d2-4ce8-8c14-d237d1978ee0,christlichsozialeunion/2021-09-24_17-52-49_UTC.jpg,Markus Söder,,,,,,Unknown,christlichsozialeunion
3966,53813468-6742-4dd6-819e-b785d7726a47,christlichsozialeunion/2021-09-24_17-47-19_UTC_2.jpg,Markus Söder,471d9645-9a33-471b-9e3e-5bfb82032fd8.png,0.5958401111318211,Facenet512,euclidean_l2,26.0,Markus Söder,christlichsozialeunion
4024,7d553e64-f603-4792-bb92-89991ac80652,christlichsozialeunion/2021-09-26_07-00-59_UTC.jpg,Markus Söder,983080ac-9963-4313-84db-4ad3649257da.png,0.6271971856482725,Facenet512,euclidean_l2,26.0,Markus Söder,christlichsozialeunion
4036,0fd51ea3-4a79-428f-b005-12ac2af4e445,christlichsozialeunion/2021-09-15_19-36-35_UTC_9.jpg,Markus Söder,af45e70d-e05b-4c1c-89ac-114a74810f45.png,0.8408808339377007,Facenet512,euclidean_l2,16.0,Markus Söder,christlichsozialeunion
4041,13bca9b4-48dc-47ca-a3c6-f16417219733,christlichsozialeunion/2021-09-17_18-25-15_UTC_10.jpg,Markus Söder,49bdb61e-e0b0-4666-9cf0-5c7ab16b2516.png,0.8127233644873911,Facenet512,euclidean_l2,26.0,Markus Söder,christlichsozialeunion
4045,dbb9e7e0-2126-4128-89e7-70a3ff377955,markus.soeder/2021-09-14_06-13-54_UTC.jpg,Markus Söder,2e3825be-7e0c-4e62-b2c7-b9aea0bcb158.png,0.4935759953288597,Facenet512,euclidean_l2,26.0,Markus Söder,markus.soeder
4046,593ac4ab-9ac2-42d6-9e04-55a78da72097,markus.soeder/2021-09-14_07-32-45_UTC_3.jpg,Markus Söder,49bdb61e-e0b0-4666-9cf0-5c7ab16b2516.png,0.8543287510204494,Facenet512,euclidean_l2,16.0,Markus Söder,markus.soeder
4050,735b1b8a-9765-46a1-99c9-eddebd47eb04,markus.soeder/2021-09-14_07-32-45_UTC_2.jpg,Markus Söder,49bdb61e-e0b0-4666-9cf0-5c7ab16b2516.png,0.9319515239120156,Facenet512,euclidean_l2,2.0,Markus Söder,markus.soeder
4052,d82ea7d0-a046-4cd0-b1cc-b6f97507ca5d,markus.soeder/2021-09-24_18-00-27_UTC_2.jpg,Markus Söder,aef8776f-6cb2-461e-aa5f-26798f3b263e.png,0.7477886788034567,Facenet512,euclidean_l2,26.0,Markus Söder,markus.soeder
4060,e2a77b61-e929-4473-b3d1-7b08be0a0f78,markus.soeder/2021-09-15_14-55-59_UTC_3.jpg,Markus Söder,49bdb61e-e0b0-4666-9cf0-5c7ab16b2516.png,0.940159093410882,Facenet512,euclidean_l2,12.0,Markus Söder,markus.soeder
4073,599c06f6-98dd-4fbc-9ae6-7c6df722dcce,markus.soeder/2021-09-17_11-05-37_UTC_1.jpg,Markus Söder,49bdb61e-e0b0-4666-9cf0-5c7ab16b2516.png,1.0007304823541463,Facenet512,euclidean_l2,2.0,Markus Söder,markus.soeder
4076,3a06b7a2-2745-457e-bfb2-549670d8e8ea,markus.soeder/2021-09-22_13-27-13_UTC.jpg,Markus Söder,471d9645-9a33-471b-9e3e-5bfb82032fd8.png,0.4701211131907776,Facenet512,euclidean_l2,26.0,Markus Söder,markus.soeder
4077,33fecca3-a0a8-4271-8280-fa6d7f161471,markus.soeder/2021-09-14_10-15-28_UTC.jpg,Markus Söder,8cc74ed4-1eaf-489c-8072-432287400d9b.png,0.6810078982463301,Facenet512,euclidean_l2,26.0,Markus Söder,markus.soeder
4079,360af307-cf87-4623-9be0-cdcf27711dce,markus.soeder/2021-09-18_10-05-35_UTC_3.jpg,Markus Söder,7b71cbfb-e1d9-44c4-98cf-df3e9761a43b.png,0.6968724176549733,Facenet512,euclidean_l2,26.0,Markus Söder,markus.soeder
4089,51355b8f-3f4d-4dd9-9d0d-673f162c1222,markus.soeder/2021-09-16_10-22-44_UTC_2.jpg,Markus Söder,49bdb61e-e0b0-4666-9cf0-5c7ab16b2516.png,0.8796829843419409,Facenet512,euclidean_l2,8.0,Markus Söder,markus.soeder
4096,49300ea7-d585-4976-af14-6efcf9025323,markus.soeder/2021-09-20_11-09-29_UTC_1.jpg,Markus Söder,af45e70d-e05b-4c1c-89ac-114a74810f45.png,0.744154931710522,Facenet512,euclidean_l2,24.0,Markus Söder,markus.soeder
4099,60422c7c-9b5a-44d0-b9d6-3c468a641711,markus.soeder/2021-09-24_10-51-37_UTC_1.jpg,Markus Söder,,,,,,Unknown,markus.soeder
4103,1cf632c2-9b1f-46c9-9987-853e9f9b3ad0,markus.soeder/2021-09-15_14-55-59_UTC_1.jpg,Markus Söder,49bdb61e-e0b0-4666-9cf0-5c7ab16b2516.png,1.0081793306028706,Facenet512,euclidean_l2,2.0,Markus Söder,markus.soeder
4107,608415bb-a941-4732-8b8d-d708c9f4fdc6,markus.soeder/2021-09-24_15-24-01_UTC.jpg,Markus Söder,aef8776f-6cb2-461e-aa5f-26798f3b263e.png,0.348803482532012,Facenet512,euclidean_l2,26.0,Markus Söder,markus.soeder
4127,297cf6a9-d672-4ed3-ad54-95dc960cd639,markus.soeder/2021-09-24_09-12-12_UTC.jpg,Markus Söder,8cc74ed4-1eaf-489c-8072-432287400d9b.png,0.2762549188277214,Facenet512,euclidean_l2,26.0,Markus Söder,markus.soeder
4166,da65baeb-bbee-44e7-8ad6-438b96369c98,markus.soeder/2021-09-24_17-11-37_UTC.jpg,Markus Söder,471d9645-9a33-471b-9e3e-5bfb82032fd8.png,0.5834288865998801,Facenet512,euclidean_l2,26.0,Markus Söder,markus.soeder
4170,c8398bba-06cc-47c0-8016-22d4fb5c511b,markus.soeder/2021-09-17_11-05-37_UTC_2.jpg,Markus Söder,,,,,,Unknown,markus.soeder
4172,73be3a1a-8cc2-4bd4-a0ed-aff6864f3a0a,markus.soeder/2021-09-16_05-00-17_UTC.jpg,Markus Söder,7b71cbfb-e1d9-44c4-98cf-df3e9761a43b.png,0.6252115177635453,Facenet512,euclidean_l2,26.0,Markus Söder,markus.soeder
4176,31af6e7d-1f27-4bb9-afd3-248dfcd6c3d0,markus.soeder/2021-09-21_13-39-35_UTC.jpg,Markus Söder,,,,,,Unknown,markus.soeder
4191,6e2daa63-9ee6-42b8-9827-bef1449fa6c2,markus.soeder/2021-09-24_17-27-15_UTC.jpg,Markus Söder,dade5d2a-6e44-4700-a1b0-7a6449735c40.png,0.6856222640956421,Facenet512,euclidean_l2,26.0,Markus Söder,markus.soeder
4192,f4c0171c-8a31-4f29-9c8f-24a3294e9261,markus.soeder/2021-09-23_13-00-42_UTC.jpg,Markus Söder,49bdb61e-e0b0-4666-9cf0-5c7ab16b2516.png,0.965242855967955,Facenet512,euclidean_l2,8.0,Markus Söder,markus.soeder
4193,3b975851-fda7-4403-8294-15620ecf7cbc,markus.soeder/2021-09-15_06-30-30_UTC.jpg,Markus Söder,49bdb61e-e0b0-4666-9cf0-5c7ab16b2516.png,0.6748259036691467,Facenet512,euclidean_l2,26.0,Markus Söder,markus.soeder
4194,9082a509-2b6b-48ee-a65a-3ea29b0d8bd3,markus.soeder/2021-09-17_11-45-11_UTC_2.jpg,Markus Söder,af45e70d-e05b-4c1c-89ac-114a74810f45.png,0.8371425280663068,Facenet512,euclidean_l2,24.0,Markus Söder,markus.soeder
4200,2758be86-a658-47c3-a0d3-63002fa00c83,markus.soeder/2021-09-13_14-47-26_UTC_1.jpg,Markus Söder,49bdb61e-e0b0-4666-9cf0-5c7ab16b2516.png,0.8400406586367534,Facenet512,euclidean_l2,18.0,Markus Söder,markus.soeder
4202,097c6106-341d-4cf3-9f53-adfaf7834056,markus.soeder/2021-09-22_15-01-58_UTC.jpg,Markus Söder,d58b66d8-f621-4c58-9284-a999f266986a.png,0.4568339215016687,Facenet512,euclidean_l2,26.0,Markus Söder,markus.soeder
4211,8359a82d-cfa6-4e44-8d0e-53bb5fa7cd37,markus.soeder/2021-09-24_06-15-09_UTC.jpg,Markus Söder,2e3825be-7e0c-4e62-b2c7-b9aea0bcb158.png,0.2374972039950531,Facenet512,euclidean_l2,26.0,Markus Söder,markus.soeder
4212,ae7d2114-425e-481d-b025-ed8214080ca4,markus.soeder/2021-09-14_07-32-45_UTC_1.jpg,Markus Söder,49bdb61e-e0b0-4666-9cf0-5c7ab16b2516.png,0.9890125794784868,Facenet512,euclidean_l2,8.0,Markus Söder,markus.soeder
4218,4fb3852a-c386-4c23-bec6-e4e1cb192038,markus.soeder/2021-09-16_15-50-02_UTC_4.jpg,Markus Söder,2e3825be-7e0c-4e62-b2c7-b9aea0bcb158.png,0.5893798064748378,Facenet512,euclidean_l2,26.0,Markus Söder,markus.soeder
4221,4bac266b-2ba0-4b35-ad5d-4b3193ffece4,markus.soeder/2021-09-15_15-55-29_UTC_3.jpg,Markus Söder,471d9645-9a33-471b-9e3e-5bfb82032fd8.png,0.6338132819690413,Facenet512,euclidean_l2,26.0,Markus Söder,markus.soeder
4224,e8a71d01-ecc8-4aca-ad09-7eca688c5392,markus.soeder/2021-09-24_17-43-58_UTC.jpg,Markus Söder,471d9645-9a33-471b-9e3e-5bfb82032fd8.png,0.6152611598382316,Facenet512,euclidean_l2,26.0,Markus Söder,markus.soeder
4225,34f4a52c-1110-4e61-90bb-f599d6fd82a6,markus.soeder/2021-09-23_05-30-49_UTC.jpg,Markus Söder,471d9645-9a33-471b-9e3e-5bfb82032fd8.png,0.5060737314548724,Facenet512,euclidean_l2,26.0,Markus Söder,markus.soeder
4226,20d680c8-b056-45dd-ae4c-cf1a4e68f16e,markus.soeder/2021-09-16_15-50-02_UTC_3.jpg,Markus Söder,aef8776f-6cb2-461e-aa5f-26798f3b263e.png,1.0363720528706628,Facenet512,euclidean_l2,2.0,Markus Söder,markus.soeder
4231,2e8b9102-41d7-44c1-abb6-288e0c63889b,markus.soeder/2021-09-22_05-00-10_UTC.jpg,Markus Söder,732bdb01-2da9-438e-9b36-04c89ad1eea4.png,0.4892751530505754,Facenet512,euclidean_l2,26.0,Markus Söder,markus.soeder
4234,ce6e175c-86f9-42a7-a600-8004728f163f,markus.soeder/2021-09-17_11-45-11_UTC_1.jpg,Markus Söder,49bdb61e-e0b0-4666-9cf0-5c7ab16b2516.png,0.6875362574886884,Facenet512,euclidean_l2,26.0,Markus Söder,markus.soeder
4239,2dc87720-d75d-42cd-9b05-65d252aff6d3,markus.soeder/2021-09-21_14-32-44_UTC.jpg,Markus Söder,8cc74ed4-1eaf-489c-8072-432287400d9b.png,0.6193044328605491,Facenet512,euclidean_l2,24.0,Markus Söder,markus.soeder
4240,3c84676e-51e1-4845-a8a0-8be6a82fac03,markus.soeder/2021-09-15_05-00-53_UTC.jpg,Markus Söder,983080ac-9963-4313-84db-4ad3649257da.png,0.3737004771464016,Facenet512,euclidean_l2,26.0,Markus Söder,markus.soeder
4241,bab254ce-aaa1-4d0e-9028-fb256d5caa72,markus.soeder/2021-09-15_08-00-34_UTC.jpg,Markus Söder,af45e70d-e05b-4c1c-89ac-114a74810f45.png,0.2347310692084437,Facenet512,euclidean_l2,26.0,Markus Söder,markus.soeder
4242,eb3c1547-474f-424f-8f71-1de150dae7ef,markus.soeder/2021-09-21_15-12-47_UTC.jpg,Markus Söder,d58b66d8-f621-4c58-9284-a999f266986a.png,0.5417475570094735,Facenet512,euclidean_l2,26.0,Markus Söder,markus.soeder
4246,fd62d927-b82d-46cd-8cb6-df59ec2209a5,markus.soeder/2021-09-18_10-05-35_UTC_2.jpg,Markus Söder,d58b66d8-f621-4c58-9284-a999f266986a.png,0.6838524734106665,Facenet512,euclidean_l2,26.0,Markus Söder,markus.soeder
4248,35feddc0-6b4f-4f03-94a3-1e164432dc62,markus.soeder/2021-09-24_18-00-27_UTC_1.jpg,Markus Söder,49bdb61e-e0b0-4666-9cf0-5c7ab16b2516.png,0.9011815150212638,Facenet512,euclidean_l2,10.0,Markus Söder,markus.soeder
4255,5f5ab89b-dd17-4d89-a454-a727a4300ea9,markus.soeder/2021-09-23_18-11-21_UTC.jpg,Markus Söder,471d9645-9a33-471b-9e3e-5bfb82032fd8.png,0.6528594283653696,Facenet512,euclidean_l2,26.0,Markus Söder,markus.soeder
4256,6a57ff0c-b5b1-4a62-b2fd-8baccb4ed2e0,markus.soeder/2021-09-23_06-45-55_UTC.jpg,Markus Söder,49bdb61e-e0b0-4666-9cf0-5c7ab16b2516.png,0.9403472673271458,Facenet512,euclidean_l2,12.0,Markus Söder,markus.soeder
4257,7c731959-98a2-4463-9519-edfb7b7e7278,markus.soeder/2021-09-16_10-22-44_UTC_1.jpg,Markus Söder,49bdb61e-e0b0-4666-9cf0-5c7ab16b2516.png,0.792029345039398,Facenet512,euclidean_l2,20.0,Markus Söder,markus.soeder
4259,ac7467e3-945c-4cde-a201-5ed81aa04735,markus.soeder/2021-09-20_14-35-36_UTC.jpg,Markus Söder,,,,,,Unknown,markus.soeder
4261,0d6a8425-2fce-4606-92ff-27199fae29d2,markus.soeder/2021-09-18_10-05-35_UTC_1.jpg,Markus Söder,soeder.jpeg,0.5575187830272242,Facenet512,euclidean_l2,26.0,Markus Söder,markus.soeder
4262,3af9ab65-b85c-424f-85c9-94546046e466,markus.soeder/2021-09-26_05-00-58_UTC.jpg,Markus Söder,d58b66d8-f621-4c58-9284-a999f266986a.png,0.2953209179517764,Facenet512,euclidean_l2,26.0,Markus Söder,markus.soeder
4265,08917d88-16ed-47ac-93d8-d1328ee2159d,markus.soeder/2021-09-20_11-09-29_UTC_2.jpg,Markus Söder,d58b66d8-f621-4c58-9284-a999f266986a.png,0.5934457096599143,Facenet512,euclidean_l2,26.0,Markus Söder,markus.soeder
4276,5552551c-70ce-493c-9023-aba4e3cf4025,markus.soeder/2021-09-16_16-00-56_UTC.jpg,Markus Söder,471d9645-9a33-471b-9e3e-5bfb82032fd8.png,0.3263466708963746,Facenet512,euclidean_l2,26.0,Markus Söder,markus.soeder
4278,d8669ac5-c0f3-4382-b317-f82d503617cb,markus.soeder/2021-09-17_11-05-37_UTC_3.jpg,Markus Söder,d58b66d8-f621-4c58-9284-a999f266986a.png,0.6916320376548822,Facenet512,euclidean_l2,26.0,Markus Söder,markus.soeder
4279,576aad00-a833-47de-8235-cba2a4512109,markus.soeder/2021-09-20_13-34-41_UTC.jpg,Markus Söder,dade5d2a-6e44-4700-a1b0-7a6449735c40.png,0.2685234997217153,Facenet512,euclidean_l2,26.0,Markus Söder,markus.soeder
4280,3a3e6556-f783-4cdf-a2f6-bd541afbe691,markus.soeder/2021-09-20_11-09-29_UTC_3.jpg,Markus Söder,d58b66d8-f621-4c58-9284-a999f266986a.png,0.4779326965683849,Facenet512,euclidean_l2,26.0,Markus Söder,markus.soeder
4282,894f45e4-f380-46a7-9750-84bf65bb154d,markus.soeder/2021-09-18_10-05-35_UTC_4.jpg,Markus Söder,732bdb01-2da9-438e-9b36-04c89ad1eea4.png,0.6871219134109466,Facenet512,euclidean_l2,26.0,Markus Söder,markus.soeder
4285,bd8ee23d-7b66-4bcb-ad55-293450fa6cb0,markus.soeder/2021-09-12_20-09-57_UTC.jpg,Markus Söder,d58b66d8-f621-4c58-9284-a999f266986a.png,0.6063669651478586,Facenet512,euclidean_l2,26.0,Markus Söder,markus.soeder
4287,ecc578af-375d-404c-9fb4-87e98e292425,markus.soeder/2021-09-16_15-50-02_UTC_2.jpg,Markus Söder,7b71cbfb-e1d9-44c4-98cf-df3e9761a43b.png,0.8380984077233474,Facenet512,euclidean_l2,18.0,Markus Söder,markus.soeder
4291,da2c5e6e-5cbc-4d29-a85d-eeb8a5766417,markus.soeder/2021-09-24_10-51-37_UTC_3.jpg,Markus Söder,8cc74ed4-1eaf-489c-8072-432287400d9b.png,0.5732389212306442,Facenet512,euclidean_l2,26.0,Markus Söder,markus.soeder
4292,22e2ee11-8ba4-4597-adcd-84ed11948bc9,markus.soeder/2021-09-16_15-50-02_UTC_1.jpg,Markus Söder,dade5d2a-6e44-4700-a1b0-7a6449735c40.png,0.8451001808018855,Facenet512,euclidean_l2,22.0,Markus Söder,markus.soeder
4295,6611068c-dd2b-4502-a909-a77a59635236,markus.soeder/2021-09-24_05-24-04_UTC.jpg,Markus Söder,2e3825be-7e0c-4e62-b2c7-b9aea0bcb158.png,0.5349298914532185,Facenet512,euclidean_l2,26.0,Markus Söder,markus.soeder
4296,794381eb-9159-464c-923e-2af6d24d5e1a,markus.soeder/2021-09-15_15-55-29_UTC_2.jpg,Markus Söder,2e3825be-7e0c-4e62-b2c7-b9aea0bcb158.png,0.7217371104720237,Facenet512,euclidean_l2,24.0,Markus Söder,markus.soeder
4298,84e922ef-8133-4197-b388-2dd5f5424947,markus.soeder/2021-09-26_08-32-39_UTC.jpg,Markus Söder,983080ac-9963-4313-84db-4ad3649257da.png,0.9705419969078928,Facenet512,euclidean_l2,10.0,Markus Söder,markus.soeder
4302,2d81b78c-cfc2-46f2-8193-e896c52a8591,markus.soeder/2021-09-13_14-47-26_UTC_2.jpg,Markus Söder,d58b66d8-f621-4c58-9284-a999f266986a.png,0.8590896943605281,Facenet512,euclidean_l2,18.0,Markus Söder,markus.soeder
4305,143db11e-f3b0-4149-af5e-4738bf15f40d,markus.soeder/2021-09-15_15-55-29_UTC_1.jpg,Markus Söder,471d9645-9a33-471b-9e3e-5bfb82032fd8.png,0.7224647041781275,Facenet512,euclidean_l2,26.0,Markus Söder,markus.soeder
4308,e808b1ba-0ac9-4ee9-8607-9fde70847a17,markus.soeder/2021-09-24_10-51-37_UTC_2.jpg,Markus Söder,49bdb61e-e0b0-4666-9cf0-5c7ab16b2516.png,0.7829385816797884,Facenet512,euclidean_l2,18.0,Markus Söder,markus.soeder
4312,ca65b901-94a8-4aff-94f6-6dce55c35126,markus.soeder/2021-09-15_14-55-59_UTC_2.jpg,Markus Söder,,,,,,Unknown,markus.soeder
4318,4a4856a4-aff1-4793-ba0b-e660dab4dbb9,markus.soeder/2021-09-16_10-22-44_UTC_3.jpg,Markus Söder,49bdb61e-e0b0-4666-9cf0-5c7ab16b2516.png,0.9205812298783764,Facenet512,euclidean_l2,6.0,Markus Söder,markus.soeder
4320,89118434-38d3-4375-83f7-984eb0e4b376,markus.soeder/2021-09-19_12-43-37_UTC.jpg,Markus Söder,49bdb61e-e0b0-4666-9cf0-5c7ab16b2516.png,0.8097432159868738,Facenet512,euclidean_l2,26.0,Markus Söder,markus.soeder
4482,92bd79b5-8427-4de4-9804-6d889758c28d,cdu/2021-09-20_15-01-31_UTC.jpg,Armin Laschet,d0e6d963-6d02-463b-a226-ce3f34b0fcc5.png,0.3152807167082091,Facenet512,euclidean_l2,40.0,Armin Laschet,cdu
4487,24215c77-f99a-43a5-af44-377bc9b0b86d,cdu/2021-09-21_11-34-09_UTC_1.jpg,Armin Laschet,laschet_armin.jpeg,0.7014654480945308,Facenet512,euclidean_l2,40.0,Armin Laschet,cdu
4491,feaf6fb4-487d-406c-a4c6-210b4d4a40c6,cdu/2021-09-21_14-34-05_UTC.jpg,Armin Laschet,5efa5b53-ada6-486e-8b66-4c6330a71ea7.png,0.8967117136156396,Facenet512,euclidean_l2,32.0,Armin Laschet,cdu
4495,0e4d281d-f758-422e-a746-c5b5bd2371ed,cdu/2021-09-25_08-17-29_UTC.jpg,Armin Laschet,,,,,,Unknown,cdu
4502,10cae54c-1171-4d09-ab1c-b80bc8ccd7fa,cdu/2021-09-17_14-14-38_UTC_2.jpg,Armin Laschet,80b6f539-47d0-408e-8a0b-aadcffe513a5.png,0.7882241034752097,Facenet512,euclidean_l2,40.0,Armin Laschet,cdu
4509,c486565d-bd4f-439b-8d43-ab431079b840,cdu/2021-09-21_20-02-32_UTC_5.jpg,Armin Laschet,1e103923-022b-4d3f-a32e-e9c848a00e70.png,0.717845070568025,Facenet512,euclidean_l2,40.0,Armin Laschet,cdu
4518,cf7242b1-ad33-47f4-97ca-85b6db925082,cdu/2021-09-24_19-39-33_UTC_3.jpg,Armin Laschet,b95e4651-bf56-4f12-8d9c-4defe1aef9b0.png,0.6481344470193322,Facenet512,euclidean_l2,38.0,Armin Laschet,cdu
4521,8a0a1511-4aa3-43f6-8ac5-07d838f66fd7,cdu/2021-09-21_20-02-32_UTC_1.jpg,Armin Laschet,1f347af9-a36f-4727-923b-4c1a1e934ab9.png,0.9184651058993548,Facenet512,euclidean_l2,22.0,Armin Laschet,cdu
4534,d445b653-4352-4ca6-9226-21144a03b4ff,cdu/2021-09-16_17-02-39_UTC_5.jpg,Armin Laschet,,,,,,Unknown,cdu
4540,8d32855b-4fe6-44ac-be9d-3d47aaaf4f64,cdu/2021-09-18_13-19-15_UTC_7.jpg,Armin Laschet,5efa5b53-ada6-486e-8b66-4c6330a71ea7.png,0.9863668029433048,Facenet512,euclidean_l2,4.0,Armin Laschet,cdu
4545,0d252677-97ec-483a-b725-bf78fec576c3,cdu/2021-09-25_13-50-24_UTC_3.jpg,Armin Laschet,,,,,,Unknown,cdu
4549,3f6a53c8-53b0-4961-96d4-acc887e8ff07,cdu/2021-09-24_14-19-26_UTC.jpg,Armin Laschet,b95e4651-bf56-4f12-8d9c-4defe1aef9b0.png,0.3559267774070867,Facenet512,euclidean_l2,40.0,Armin Laschet,cdu
4551,6d719252-b87b-49f1-88b6-7262c764d262,cdu/2021-09-15_14-32-35_UTC.jpg,Armin Laschet,laschet_armin.jpeg,0.6112509607569606,Facenet512,euclidean_l2,38.0,Armin Laschet,cdu
4571,258c99a0-26a6-4d0e-9cb3-c50e5a7e0610,cdu/2021-09-16_17-02-39_UTC_9.jpg,Armin Laschet,,,,,,Unknown,cdu
4575,7b8d7ddd-11e4-4af7-96c0-c785d5af8ae4,cdu/2021-09-21_08-37-35_UTC.jpg,Armin Laschet,5efa5b53-ada6-486e-8b66-4c6330a71ea7.png,0.7310175340781768,Facenet512,euclidean_l2,18.0,Armin Laschet,cdu
4576,e51b6dc4-1376-457f-bd6d-b9b9411a41b6,cdu/2021-09-18_17-06-46_UTC_2.jpg,Armin Laschet,d0e6d963-6d02-463b-a226-ce3f34b0fcc5.png,0.8945555595172392,Facenet512,euclidean_l2,30.0,Armin Laschet,cdu
4588,40648470-b0cf-4e07-a08b-2b9063a9e78b,cdu/2021-09-25_11-10-23_UTC.jpg,Armin Laschet,5efa5b53-ada6-486e-8b66-4c6330a71ea7.png,0.6610316140845086,Facenet512,euclidean_l2,34.0,Armin Laschet,cdu
4595,9f029c4a-797d-421d-9219-35ed8875c31c,cdu/2021-09-17_14-14-38_UTC_1.jpg,Armin Laschet,,,,,,Unknown,cdu
4604,1095d896-32ef-4f41-95cd-1933f38ad039,cdu/2021-09-15_09-26-42_UTC_1.jpg,Armin Laschet,f891fb5e-737c-4bf0-9c55-824f2cdff348.png,0.5952369324097313,Facenet512,euclidean_l2,38.0,Armin Laschet,cdu
4608,b9542270-9efd-4217-953f-a1be77b229fe,cdu/2021-09-20_16-32-49_UTC_1.jpg,Armin Laschet,5efa5b53-ada6-486e-8b66-4c6330a71ea7.png,0.5707881427268557,Facenet512,euclidean_l2,40.0,Armin Laschet,cdu
4614,1bee575a-cdd2-4ae8-a682-173e78107ce5,cdu/2021-09-16_17-02-39_UTC_8.jpg,Armin Laschet,c0c7aedd-97dc-4394-8336-f812c19fc1a2.png,0.5291036243974621,Facenet512,euclidean_l2,36.0,Armin Laschet,cdu
4632,8001c362-d430-44b1-a524-51d38216e58f,cdu/2021-09-16_08-30-37_UTC.jpg,Armin Laschet,laschet_armin.jpeg,0.5495788570219918,Facenet512,euclidean_l2,38.0,Armin Laschet,cdu
4634,7f3c7ee7-d898-4427-bd5e-d33255801336,cdu/2021-09-26_19-11-44_UTC.jpg,Armin Laschet,1e103923-022b-4d3f-a32e-e9c848a00e70.png,0.6103242769164782,Facenet512,euclidean_l2,38.0,Armin Laschet,cdu
4638,56317dc6-9642-4961-9947-36b209fbbb85,cdu/2021-09-23_16-10-56_UTC_3.jpg,Armin Laschet,544c4dd7-ae0f-4d1e-825f-3d9e1eca7fd3.png,0.6423275830266211,Facenet512,euclidean_l2,40.0,Armin Laschet,cdu
4649,03197b4d-b5ae-4ad2-9dfd-f13b697ee4b9,cdu/2021-09-22_14-30-18_UTC.jpg,Armin Laschet,b95e4651-bf56-4f12-8d9c-4defe1aef9b0.png,0.5193661865856709,Facenet512,euclidean_l2,40.0,Armin Laschet,cdu
4650,4b311669-16a1-4548-ae9c-317e12d05be1,cdu/2021-09-20_16-32-49_UTC_3.jpg,Armin Laschet,c1a12a4c-30ca-47ec-b1c5-11409ded5262.png,0.6877742022172308,Facenet512,euclidean_l2,40.0,Armin Laschet,cdu
4654,e56c1f02-1037-4060-a30b-f6bfac00ee76,cdu/2021-09-18_17-06-46_UTC_1.jpg,Armin Laschet,5efa5b53-ada6-486e-8b66-4c6330a71ea7.png,0.5643933721946263,Facenet512,euclidean_l2,38.0,Armin Laschet,cdu
4662,b1d12f18-2fd2-42ad-a06a-765c1708f6b0,cdu/2021-09-18_17-06-46_UTC_6.jpg,Armin Laschet,,,,,,Unknown,cdu
4664,fc1aa905-8b64-42bc-a11b-dbadec659755,cdu/2021-09-25_07-45-25_UTC.jpg,Armin Laschet,laschet_armin.jpeg,0.7631107970495009,Facenet512,euclidean_l2,34.0,Armin Laschet,cdu
4665,30a3b04b-0377-44d2-8135-21df4718b311,cdu/2021-09-19_20-01-46_UTC.jpg,Armin Laschet,laschet_armin.jpeg,0.5787475325654615,Facenet512,euclidean_l2,38.0,Armin Laschet,cdu
4669,29e5ef8d-c48e-48af-9d42-1245e7243c22,cdu/2021-09-18_10-16-45_UTC_3.jpg,Armin Laschet,d0e6d963-6d02-463b-a226-ce3f34b0fcc5.png,0.6742863005102261,Facenet512,euclidean_l2,38.0,Armin Laschet,cdu
4677,c3b897d1-4353-4b1b-9287-cdb89147e53f,cdu/2021-09-21_11-34-09_UTC_2.jpg,Armin Laschet,,,,,,Unknown,cdu
4678,f2e3bf26-73e8-4cab-bd9c-29959867fbc2,cdu/2021-09-24_19-39-33_UTC_1.jpg,Armin Laschet,1f347af9-a36f-4727-923b-4c1a1e934ab9.png,0.7994569554742387,Facenet512,euclidean_l2,36.0,Armin Laschet,cdu
4701,716d1d8d-6ac9-4f21-8e40-8fb2a3b7580e,cdu/2021-09-19_13-42-10_UTC.jpg,Armin Laschet,,,,,,Unknown,cdu
4704,9f1e586a-19cf-4a1b-a5b3-241b93a368f2,cdu/2021-09-18_13-19-15_UTC_2.jpg,Armin Laschet,1f347af9-a36f-4727-923b-4c1a1e934ab9.png,0.8947740101182574,Facenet512,euclidean_l2,28.0,Armin Laschet,cdu
4719,1caa9d37-5ec2-402a-b844-20c75cf40186,cdu/2021-09-21_12-24-33_UTC.jpg,Armin Laschet,5efa5b53-ada6-486e-8b66-4c6330a71ea7.png,0.4656587888735456,Facenet512,euclidean_l2,38.0,Armin Laschet,cdu
4722,87cc3194-8523-4d06-9953-16a774c61f0d,cdu/2021-09-18_13-19-15_UTC_9.jpg,Armin Laschet,,,,,,Unknown,cdu
4730,4c48c7d3-51f5-40fe-b5fc-f3e5d31e4cdf,cdu/2021-09-16_17-02-39_UTC_7.jpg,Armin Laschet,,,,,,Unknown,cdu
4731,259f613a-3fd0-4f5c-8898-6e7720f54258,cdu/2021-09-16_17-02-39_UTC_7.jpg,Armin Laschet,c1a12a4c-30ca-47ec-b1c5-11409ded5262.png,0.717794696320458,Facenet512,euclidean_l2,40.0,Armin Laschet,cdu
4735,4f42dece-0781-40b8-9287-1b979882b4af,cdu/2021-09-21_18-48-32_UTC_3.jpg,Armin Laschet,c0c7aedd-97dc-4394-8336-f812c19fc1a2.png,0.5728352502259123,Facenet512,euclidean_l2,40.0,Armin Laschet,cdu
4738,79d3ae76-a9bf-4c83-95ff-384b9ab6c28a,cdu/2021-09-23_10-08-51_UTC_5.jpg,Armin Laschet,laschet_armin.jpeg,0.5531691956031897,Facenet512,euclidean_l2,40.0,Armin Laschet,cdu
4740,b22f689c-85ca-4de1-93b1-1bf9515cef0a,cdu/2021-09-12_10-18-41_UTC.jpg,Armin Laschet,80b6f539-47d0-408e-8a0b-aadcffe513a5.png,0.3927596205372656,Facenet512,euclidean_l2,40.0,Armin Laschet,cdu
4741,50137cd2-e222-46ee-86da-95fd9385bde3,cdu/2021-09-23_16-10-56_UTC_1.jpg,Armin Laschet,5efa5b53-ada6-486e-8b66-4c6330a71ea7.png,0.5716220079655375,Facenet512,euclidean_l2,40.0,Armin Laschet,cdu
4758,7b334214-776f-4f30-8c14-ce8fe375d0f4,cdu/2021-09-16_17-02-39_UTC_3.jpg,Armin Laschet,6eea9eca-17f8-4cce-b3dd-7cf5cb345415.png,0.6013440996679211,Facenet512,euclidean_l2,40.0,Armin Laschet,cdu
4772,1c24a888-95c3-4ccb-8bec-b1fa63390eec,cdu/2021-09-23_10-08-51_UTC_2.jpg,Armin Laschet,1f347af9-a36f-4727-923b-4c1a1e934ab9.png,0.6795891688656649,Facenet512,euclidean_l2,38.0,Armin Laschet,cdu
4773,9de0a59f-0e90-463a-98be-fcf29846af9a,cdu/2021-09-18_13-19-15_UTC_1.jpg,Armin Laschet,c0c7aedd-97dc-4394-8336-f812c19fc1a2.png,0.622175150141716,Facenet512,euclidean_l2,40.0,Armin Laschet,cdu
4776,7953ce9d-da86-4e7a-a005-9570bb8eb72e,cdu/2021-09-18_13-19-15_UTC_1.jpg,Armin Laschet,,,,,,Unknown,cdu
4786,ca8015a3-ba29-48a5-b78d-9e47aec5bd65,cdu/2021-09-17_14-14-38_UTC_3.jpg,Armin Laschet,1e103923-022b-4d3f-a32e-e9c848a00e70.png,0.7513780798324007,Facenet512,euclidean_l2,38.0,Armin Laschet,cdu
4790,4aa09354-996b-4212-92ef-9473fefa9f66,cdu/2021-09-18_17-06-46_UTC_7.jpg,Armin Laschet,c0c7aedd-97dc-4394-8336-f812c19fc1a2.png,0.5545357769881297,Facenet512,euclidean_l2,34.0,Armin Laschet,cdu
4793,bb8cc05a-29dd-4b98-8221-1a104ddeb26e,cdu/2021-09-23_19-45-26_UTC.jpg,Armin Laschet,d0e6d963-6d02-463b-a226-ce3f34b0fcc5.png,0.5838815047240713,Facenet512,euclidean_l2,40.0,Armin Laschet,cdu
4795,ee3a4872-68e0-489b-ab2f-48b7afdb1f72,cdu/2021-09-15_18-01-26_UTC.jpg,Armin Laschet,d0e6d963-6d02-463b-a226-ce3f34b0fcc5.png,0.6301074872460092,Facenet512,euclidean_l2,40.0,Armin Laschet,cdu
4796,5c539bab-600b-4081-b182-69cb51169b3b,cdu/2021-09-13_12-04-40_UTC_1.jpg,Armin Laschet,1e103923-022b-4d3f-a32e-e9c848a00e70.png,0.5919771783111887,Facenet512,euclidean_l2,40.0,Armin Laschet,cdu
4797,b42c702f-c7d1-49bb-90a1-0366c35c207d,cdu/2021-09-16_13-38-07_UTC.jpg,Armin Laschet,laschet_armin.jpeg,0.5879728620575109,Facenet512,euclidean_l2,38.0,Armin Laschet,cdu
4801,0b84c0ac-dfe3-41a8-a7c8-22eeacfbfa5c,cdu/2021-09-25_13-50-24_UTC_4.jpg,Armin Laschet,5efa5b53-ada6-486e-8b66-4c6330a71ea7.png,0.6282950406020926,Facenet512,euclidean_l2,32.0,Armin Laschet,cdu
4819,d8ad75d3-fbf0-4ad4-91b6-39f01edffcac,cdu/2021-09-21_09-28-34_UTC.jpg,Armin Laschet,,,,,,Unknown,cdu
4822,c483369c-3e44-459c-9e94-b7cae7662976,cdu/2021-09-19_06-23-34_UTC.jpg,Armin Laschet,7cdeee40-f222-4b03-a819-4db32fc47d20.png,0.7542373038055451,Facenet512,euclidean_l2,34.0,Armin Laschet,cdu
4832,a71d3c77-f120-48af-b183-ed66d8747e55,cdu/2021-09-18_17-06-46_UTC_10.jpg,Armin Laschet,5efa5b53-ada6-486e-8b66-4c6330a71ea7.png,0.6286549502042148,Facenet512,euclidean_l2,40.0,Armin Laschet,cdu
4838,17fd31d7-eecb-4784-b5b4-9f4ba043d911,cdu/2021-09-21_11-34-09_UTC_3.jpg,Armin Laschet,5efa5b53-ada6-486e-8b66-4c6330a71ea7.png,0.7124538656258073,Facenet512,euclidean_l2,40.0,Armin Laschet,cdu
4847,3acefd16-178b-473a-a7b7-ca9420b95411,cdu/2021-09-21_20-02-32_UTC_4.jpg,Armin Laschet,cc6b3530-cd71-4500-a5fe-d868c449b8d1.png,0.8936283767930981,Facenet512,euclidean_l2,20.0,Armin Laschet,cdu
4864,27e8df23-9bd1-4c95-aa3d-8bfe1c958cdf,cdu/2021-09-18_17-06-46_UTC_3.jpg,Armin Laschet,5efa5b53-ada6-486e-8b66-4c6330a71ea7.png,0.7401198083230182,Facenet512,euclidean_l2,16.0,Armin Laschet,cdu
4865,381ce11b-8a63-408a-bf0c-63d37bb07e91,cdu/2021-09-23_16-10-56_UTC_4.jpg,Armin Laschet,7cdeee40-f222-4b03-a819-4db32fc47d20.png,0.7001195839434124,Facenet512,euclidean_l2,40.0,Armin Laschet,cdu
4867,d97c1c44-c9e7-426c-888a-02ca688618ca,cdu/2021-09-12_19-45-25_UTC.jpg,Armin Laschet,9c3a43b8-03a7-453c-a980-1c4523abd5f3.png,0.4987659720415882,Facenet512,euclidean_l2,40.0,Armin Laschet,cdu
4967,cf89b6d1-c650-441a-b2dc-3d1ee7963981,spdde/2021-09-18_09-00-38_UTC.jpg,Olaf Scholz,04a53ef1-618b-4c9c-97a8-a1187a75c05c.png,0.4749560007281349,Facenet512,euclidean_l2,38.0,Olaf Scholz,spdde
5012,6e8a9061-f2cb-4635-a627-6560ba73cabe,spdde/2021-09-16_14-37-13_UTC.jpg,Olaf Scholz,77b54f7d-504a-4313-ab25-b66060e08f06.png,0.2728312766107804,Facenet512,euclidean_l2,38.0,Olaf Scholz,spdde
5013,b672cae1-355b-4502-884c-2a1f418d974f,spdde/2021-09-13_16-00-15_UTC.jpg,Olaf Scholz,04a53ef1-618b-4c9c-97a8-a1187a75c05c.png,0.3337934802261093,Facenet512,euclidean_l2,40.0,Olaf Scholz,spdde
5014,bacf9e10-e57e-4adb-9e1c-f4cc772658b9,spdde/2021-09-20_17-17-32_UTC.jpg,Olaf Scholz,8d943c06-bff2-429b-a407-9931a3761618.png,0.5309895923592686,Facenet512,euclidean_l2,38.0,Olaf Scholz,spdde
5016,8916bea7-b838-4bd8-8e75-7bc8497192be,spdde/2021-09-18_12-09-36_UTC.jpg,Olaf Scholz,cf207ba3-2a6b-42b2-b0c6-b0fb9e7532f0.png,0.4324520922303277,Facenet512,euclidean_l2,40.0,Olaf Scholz,spdde
5018,c3952918-cd80-4d2c-88bd-5eaa214501a1,spdde/2021-09-19_18-45-34_UTC.jpg,Olaf Scholz,04a53ef1-618b-4c9c-97a8-a1187a75c05c.png,0.2415559469447496,Facenet512,euclidean_l2,38.0,Olaf Scholz,spdde
5022,1461471e-705f-4ac7-a221-c18c1a9a14cf,spdde/2021-09-20_15-56-40_UTC.jpg,Olaf Scholz,,,,,,Unknown,spdde
5024,239a03cd-a71b-434c-a26c-4e6c9b5cf80b,spdde/2021-09-25_18-18-01_UTC.jpg,Olaf Scholz,82f4d29e-1d17-4672-b015-52009fda2a23.png,0.891868673766704,Facenet512,euclidean_l2,18.0,Olaf Scholz,spdde
5027,914f5eda-11fd-42ba-b67d-8c2d72889939,spdde/2021-09-14_18-00-57_UTC_3.jpg,Olaf Scholz,04a53ef1-618b-4c9c-97a8-a1187a75c05c.png,0.4976247772801505,Facenet512,euclidean_l2,40.0,Olaf Scholz,spdde
5029,d25e30e7-430e-4da7-a901-d98ee06cd666,spdde/2021-09-14_18-00-57_UTC_1.jpg,Olaf Scholz,fb89d12e-d3a5-48c2-b506-eca8454e847b.png,0.5313009282860909,Facenet512,euclidean_l2,40.0,Olaf Scholz,spdde
5031,25a10f1c-0ed4-43eb-ba5e-1b049409b1ef,spdde/2021-09-17_18-00-10_UTC.jpg,Olaf Scholz,77b54f7d-504a-4313-ab25-b66060e08f06.png,0.2991828428319092,Facenet512,euclidean_l2,40.0,Olaf Scholz,spdde
5066,94dbca94-ebed-42dc-a37e-0ca88dd2d2c8,spdde/2021-09-24_20-19-17_UTC_2.jpg,Olaf Scholz,cf207ba3-2a6b-42b2-b0c6-b0fb9e7532f0.png,0.7181891828819597,Facenet512,euclidean_l2,40.0,Olaf Scholz,spdde
5080,eb391492-2496-4cf8-85a6-bfb0ea783285,spdde/2021-09-12_12-25-49_UTC.jpg,Olaf Scholz,2ec8c611-8404-4676-9523-28f0cc6181ab.png,0.3557703099822184,Facenet512,euclidean_l2,40.0,Olaf Scholz,spdde
5087,438503f6-06c7-4c6f-86f2-b7e59e40ea57,spdde/2021-09-24_20-19-17_UTC_1.jpg,Olaf Scholz,f124d4ca-3c2d-40fd-a3a4-81e0a32b39d5.png,0.4738547898813284,Facenet512,euclidean_l2,40.0,Olaf Scholz,spdde
5089,38ef95f5-8e13-494d-8915-e043891cf361,spdde/2021-09-24_17-55-02_UTC_2.jpg,Olaf Scholz,04a53ef1-618b-4c9c-97a8-a1187a75c05c.png,0.4561423838183714,Facenet512,euclidean_l2,38.0,Olaf Scholz,spdde
5090,68fc3fb8-2453-481c-8065-d0602f49fa48,spdde/2021-09-12_19-26-11_UTC.jpg,Olaf Scholz,04a53ef1-618b-4c9c-97a8-a1187a75c05c.png,0.2389606052819148,Facenet512,euclidean_l2,38.0,Olaf Scholz,spdde
5092,852ef509-5c1f-4dc9-a189-eb7b54e322c7,spdde/2021-09-24_20-19-17_UTC_4.jpg,Olaf Scholz,82f4d29e-1d17-4672-b015-52009fda2a23.png,0.5440525018633683,Facenet512,euclidean_l2,40.0,Olaf Scholz,spdde
5093,d480c4b4-274e-4a35-80e3-34727df1182d,spdde/2021-09-12_20-35-20_UTC.jpg,Olaf Scholz,c27ee252-e37c-4074-92b5-20e300431107.png,0.4803124130090327,Facenet512,euclidean_l2,38.0,Olaf Scholz,spdde
5100,da788d8f-5407-49aa-9333-9f2ed9c04e0d,spdde/2021-09-22_18-00-38_UTC_3.jpg,Olaf Scholz,addb18d2-ca87-4104-b149-5ecb974f1432.png,0.9356807731437472,Facenet512,euclidean_l2,30.0,Olaf Scholz,spdde
5103,4b9010e0-af84-478c-85f8-11ca27ffe225,spdde/2021-09-18_14-42-04_UTC_2.jpg,Olaf Scholz,8c8b42f9-47e7-4df5-bffb-da674eab6953.png,0.7673668799185794,Facenet512,euclidean_l2,38.0,Olaf Scholz,spdde
5108,fdb7b13b-3056-4c6a-81c5-7234b08a390a,spdde/2021-09-22_15-28-23_UTC.jpg,Olaf Scholz,82f4d29e-1d17-4672-b015-52009fda2a23.png,0.9250385438573582,Facenet512,euclidean_l2,30.0,Olaf Scholz,spdde
5113,df6c77dd-4e29-4832-98ab-db22a5a0a75c,spdde/2021-09-24_18-00-20_UTC_1.jpg,Olaf Scholz,91d6fa25-3671-4110-8beb-1c3296cdf4d0.png,0.4917096564149391,Facenet512,euclidean_l2,40.0,Olaf Scholz,spdde
5114,0fa8c75e-dd78-46a4-a1a5-00eb014b3032,spdde/2021-09-17_10-32-40_UTC.jpg,Olaf Scholz,77b54f7d-504a-4313-ab25-b66060e08f06.png,0.4085066993643834,Facenet512,euclidean_l2,38.0,Olaf Scholz,spdde
5137,314dfa67-0562-4675-b25d-78015138ed44,spdde/2021-09-18_14-42-04_UTC_9.jpg,Olaf Scholz,9bc42743-ba76-4b29-8ae3-88daa99f6988.png,0.9752974225930292,Facenet512,euclidean_l2,4.0,Olaf Scholz,spdde
5146,34902b37-72f6-4d59-a7a7-91826328bb5f,spdde/2021-09-24_17-55-02_UTC_6.jpg,Olaf Scholz,cf207ba3-2a6b-42b2-b0c6-b0fb9e7532f0.png,0.5635751841892319,Facenet512,euclidean_l2,40.0,Olaf Scholz,spdde
5147,f7b781af-098c-43f3-a91c-fa3b65d1c6fd,spdde/2021-09-14_18-00-57_UTC_2.jpg,Olaf Scholz,c27ee252-e37c-4074-92b5-20e300431107.png,0.4391855302269115,Facenet512,euclidean_l2,40.0,Olaf Scholz,spdde
5153,4ee44fbf-586d-4a82-a4ad-1bf3ff50d112,spdde/2021-09-19_20-34-50_UTC.jpg,Olaf Scholz,77b54f7d-504a-4313-ab25-b66060e08f06.png,0.5501500843023975,Facenet512,euclidean_l2,38.0,Olaf Scholz,spdde
5156,b6022893-aee7-4787-9c7f-462285a408ad,spdde/2021-09-21_15-00-10_UTC.jpg,Olaf Scholz,77b54f7d-504a-4313-ab25-b66060e08f06.png,0.4211936844228721,Facenet512,euclidean_l2,38.0,Olaf Scholz,spdde
5157,de179721-c81e-4d6a-a650-fca7ccf683f2,spdde/2021-09-18_14-42-04_UTC_7.jpg,Olaf Scholz,fb89d12e-d3a5-48c2-b506-eca8454e847b.png,0.5918726387959699,Facenet512,euclidean_l2,38.0,Olaf Scholz,spdde
5177,60f1f96b-a03d-4e7f-979d-5543cc55613b,spdde/2021-09-22_18-00-38_UTC_2.jpg,Olaf Scholz,9bc42743-ba76-4b29-8ae3-88daa99f6988.png,0.9317965156456408,Facenet512,euclidean_l2,30.0,Olaf Scholz,spdde
5207,34cbdd3a-85ae-428d-8ceb-a2be90a37dd7,spdde/2021-09-22_18-00-38_UTC_1.jpg,Olaf Scholz,8c8b42f9-47e7-4df5-bffb-da674eab6953.png,0.9370095709454048,Facenet512,euclidean_l2,32.0,Olaf Scholz,spdde
