image,shortcode,username
armin_laschet/2021-09-22_14-55-06_UTC_2.jpg,CUIMVtAIcv0,armin_laschet
armin_laschet/2021-09-18_19-12-07_UTC_5.jpg,CT-Wks4orcn,armin_laschet
armin_laschet/2021-09-15_12-38-48_UTC.jpg,CT17LV3ohf5,armin_laschet
armin_laschet/2021-09-21_11-03-21_UTC_1.jpg,CUFNBhQIo6x,armin_laschet
armin_laschet/2021-09-23_13-50-48_UTC_1.jpg,CUKpxsNIuW2,armin_laschet
armin_laschet/2021-09-25_12-43-21_UTC_5.jpg,CUPrpaToNq3,armin_laschet
armin_laschet/2021-09-24_20-50-28_UTC_3.jpg,CUN-mSsosuB,armin_laschet
armin_laschet/2021-09-25_12-43-21_UTC_1.jpg,CUPrpaToNq3,armin_laschet
armin_laschet/2021-09-16_13-50-14_UTC_2.jpg,CT4oJVBobFY,armin_laschet
armin_laschet/2021-09-21_05-10-21_UTC_2.jpg,CUEkn_Co_mJ,armin_laschet
armin_laschet/2021-09-12_20-45-47_UTC.jpg,CTvESz8IU6S,armin_laschet
armin_laschet/2021-09-17_12-59-07_UTC_3.jpg,CT7HF6qoleh,armin_laschet
armin_laschet/2021-09-17_12-59-07_UTC_2.jpg,CT7HF6qoleh,armin_laschet
armin_laschet/2021-09-16_15-01-25_UTC.jpg,CT4wSutIFrr,armin_laschet
armin_laschet/2021-09-19_20-18-11_UTC.jpg,CUBCjAfo1aj,armin_laschet
armin_laschet/2021-09-22_14-55-06_UTC_1.jpg,CUIMVtAIcv0,armin_laschet
armin_laschet/2021-09-17_12-59-07_UTC_1.jpg,CT7HF6qoleh,armin_laschet
armin_laschet/2021-09-22_18-31-08_UTC.jpg,CUIk_3mISxT,armin_laschet
armin_laschet/2021-09-24_13-34-04_UTC_2.jpg,CUNMp9tou0o,armin_laschet
armin_laschet/2021-09-24_12-06-26_UTC.jpg,CUNCd3boD8u,armin_laschet
armin_laschet/2021-09-17_12-59-07_UTC_4.jpg,CT7HF6qoleh,armin_laschet
armin_laschet/2021-09-24_13-34-04_UTC_7.jpg,CUNMp9tou0o,armin_laschet
armin_laschet/2021-09-23_13-50-48_UTC_6.jpg,CUKpxsNIuW2,armin_laschet
armin_laschet/2021-09-13_17-02-10_UTC_2.jpg,CTxPuj0IhIo,armin_laschet
armin_laschet/2021-09-22_09-18-33_UTC_2.jpg,CUHl0vDoHT1,armin_laschet
armin_laschet/2021-09-25_08-06-07_UTC.jpg,CUPL3_yIUHt,armin_laschet
armin_laschet/2021-09-24_13-34-04_UTC_5.jpg,CUNMp9tou0o,armin_laschet
armin_laschet/2021-09-18_19-12-07_UTC_7.jpg,CT-Wks4orcn,armin_laschet
armin_laschet/2021-09-21_11-03-21_UTC_3.jpg,CUFNBhQIo6x,armin_laschet
armin_laschet/2021-09-24_13-34-04_UTC_1.jpg,CUNMp9tou0o,armin_laschet
armin_laschet/2021-09-21_11-03-21_UTC_4.jpg,CUFNBhQIo6x,armin_laschet
armin_laschet/2021-09-25_12-43-21_UTC_4.jpg,CUPrpaToNq3,armin_laschet
armin_laschet/2021-09-21_11-03-21_UTC_2.jpg,CUFNBhQIo6x,armin_laschet
armin_laschet/2021-09-23_13-50-48_UTC_3.jpg,CUKpxsNIuW2,armin_laschet
armin_laschet/2021-09-19_20-08-29_UTC.jpg,CUBB0WrIXk5,armin_laschet
armin_laschet/2021-09-18_19-12-07_UTC_6.jpg,CT-Wks4orcn,armin_laschet
armin_laschet/2021-09-19_10-05-39_UTC.jpg,CT_81F-It9X,armin_laschet
armin_laschet/2021-09-23_13-50-48_UTC_5.jpg,CUKpxsNIuW2,armin_laschet
armin_laschet/2021-09-23_18-01-50_UTC.jpg,CULGdMQIl1_,armin_laschet
armin_laschet/2021-09-25_12-43-21_UTC_3.jpg,CUPrpaToNq3,armin_laschet
armin_laschet/2021-09-18_19-12-07_UTC_8.jpg,CT-Wks4orcn,armin_laschet
armin_laschet/2021-09-23_08-01-29_UTC.jpg,CUKBzKRoYa4,armin_laschet
armin_laschet/2021-09-22_14-55-06_UTC_5.jpg,CUIMVtAIcv0,armin_laschet
armin_laschet/2021-09-15_09-28-48_UTC_3.jpg,CT1lbrxIW_N,armin_laschet
armin_laschet/2021-09-22_09-18-33_UTC_1.jpg,CUHl0vDoHT1,armin_laschet
armin_laschet/2021-09-22_09-18-33_UTC_3.jpg,CUHl0vDoHT1,armin_laschet
armin_laschet/2021-09-18_19-12-07_UTC_1.jpg,CT-Wks4orcn,armin_laschet
armin_laschet/2021-09-20_14-38-01_UTC.jpg,CUDAmo6IXEn,armin_laschet
armin_laschet/2021-09-24_20-50-28_UTC_4.jpg,CUN-mSsosuB,armin_laschet
armin_laschet/2021-09-23_13-50-48_UTC_4.jpg,CUKpxsNIuW2,armin_laschet
armin_laschet/2021-09-24_18-27-21_UTC.jpg,CUNuOCrIjCE,armin_laschet
armin_laschet/2021-09-23_13-50-48_UTC_2.jpg,CUKpxsNIuW2,armin_laschet
armin_laschet/2021-09-18_19-12-07_UTC_4.jpg,CT-Wks4orcn,armin_laschet
armin_laschet/2021-09-24_13-34-04_UTC_4.jpg,CUNMp9tou0o,armin_laschet
armin_laschet/2021-09-13_17-02-10_UTC_1.jpg,CTxPuj0IhIo,armin_laschet
armin_laschet/2021-09-20_14-07-14_UTC_2.jpg,CUC9RaKITMH,armin_laschet
armin_laschet/2021-09-13_17-02-10_UTC_3.jpg,CTxPuj0IhIo,armin_laschet
armin_laschet/2021-09-15_09-28-48_UTC_2.jpg,CT1lbrxIW_N,armin_laschet
armin_laschet/2021-09-12_20-15-07_UTC.jpg,CTvBA4kor32,armin_laschet
armin_laschet/2021-09-24_13-34-04_UTC_3.jpg,CUNMp9tou0o,armin_laschet
armin_laschet/2021-09-17_12-59-07_UTC_5.jpg,CT7HF6qoleh,armin_laschet
armin_laschet/2021-09-24_20-50-28_UTC_1.jpg,CUN-mSsosuB,armin_laschet
armin_laschet/2021-09-25_12-43-21_UTC_2.jpg,CUPrpaToNq3,armin_laschet
armin_laschet/2021-09-21_05-10-21_UTC_4.jpg,CUEkn_Co_mJ,armin_laschet
armin_laschet/2021-09-24_14-33-50_UTC.jpg,CUNTceII37i,armin_laschet
armin_laschet/2021-09-20_14-07-14_UTC_1.jpg,CUC9RaKITMH,armin_laschet
armin_laschet/2021-09-21_18-48-29_UTC.jpg,CUGBT04oVCp,armin_laschet
armin_laschet/2021-09-18_19-12-07_UTC_3.jpg,CT-Wks4orcn,armin_laschet
armin_laschet/2021-09-22_09-18-33_UTC_4.jpg,CUHl0vDoHT1,armin_laschet
armin_laschet/2021-09-17_12-59-07_UTC_6.jpg,CT7HF6qoleh,armin_laschet
armin_laschet/2021-09-24_13-34-04_UTC_6.jpg,CUNMp9tou0o,armin_laschet
armin_laschet/2021-09-21_05-10-21_UTC_3.jpg,CUEkn_Co_mJ,armin_laschet
armin_laschet/2021-09-21_05-10-21_UTC_1.jpg,CUEkn_Co_mJ,armin_laschet
armin_laschet/2021-09-22_14-55-06_UTC_4.jpg,CUIMVtAIcv0,armin_laschet
armin_laschet/2021-09-25_08-46-13_UTC.jpg,CUPQZ85oBEw,armin_laschet
armin_laschet/2021-09-25_12-43-21_UTC_6.jpg,CUPrpaToNq3,armin_laschet
armin_laschet/2021-09-20_14-07-14_UTC_3.jpg,CUC9RaKITMH,armin_laschet
armin_laschet/2021-09-16_13-50-14_UTC_1.jpg,CT4oJVBobFY,armin_laschet
armin_laschet/2021-09-24_20-50-28_UTC_2.jpg,CUN-mSsosuB,armin_laschet
armin_laschet/2021-09-18_19-12-07_UTC_2.jpg,CT-Wks4orcn,armin_laschet
armin_laschet/2021-09-22_14-55-06_UTC_3.jpg,CUIMVtAIcv0,armin_laschet
armin_laschet/2021-09-15_09-28-48_UTC_1.jpg,CT1lbrxIW_N,armin_laschet
cdu/2021-09-21_18-48-32_UTC_2.jpg,CUGCQkQswqb,cdu
cdu/2021-09-23_10-08-51_UTC_1.jpg,CUKQYFtI0P1,cdu
cdu/2021-09-18_17-06-46_UTC_9.jpg,CT-IOjYo79S,cdu
cdu/2021-09-14_05-32-44_UTC.jpg,CTylkpXK5ns,cdu
cdu/2021-09-14_13-38-22_UTC.jpg,CTzdMqOK91U,cdu
cdu/2021-09-20_12-12-13_UTC.jpg,CUCv8AgIZpg,cdu
cdu/2021-09-21_20-02-32_UTC_2.jpg,CUGKukNojxJ,cdu
cdu/2021-09-18_17-06-46_UTC_4.jpg,CT-IOjYo79S,cdu
cdu/2021-09-13_14-01-05_UTC.jpg,CTw7AO8K6YD,cdu
cdu/2021-09-12_20-09-20_UTC.jpg,CTu_70lImWO,cdu
cdu/2021-09-23_07-44-39_UTC.jpg,CUJ_Qg-oHd9,cdu
cdu/2021-09-15_09-26-42_UTC_4.jpg,CT1lMXaqkoj,cdu
cdu/2021-09-24_15-48-03_UTC_1.jpg,CUNb_TRIMNk,cdu
cdu/2021-09-24_15-48-03_UTC_2.jpg,CUNb_TRIMNk,cdu
cdu/2021-09-18_13-19-15_UTC_10.jpg,CT9uMNpI2JD,cdu
cdu/2021-09-25_09-31-48_UTC.jpg,CUPVrOXKfb5,cdu
cdu/2021-09-19_19-37-53_UTC.jpg,CUA-URNqK_x,cdu
cdu/2021-09-25_07-57-40_UTC.jpg,CUPKylkIIEj,cdu
cdu/2021-09-19_18-49-18_UTC.jpg,CUA4wcHqbpY,cdu
cdu/2021-09-23_19-23-55_UTC.jpg,CULP5dNKc7Z,cdu
cdu/2021-09-20_10-21-05_UTC.jpg,CUCjY_hoVD2,cdu
cdu/2021-09-15_07-58-57_UTC.jpg,CT1bFVcIKJD,cdu
cdu/2021-09-13_17-44-47_UTC_1.jpg,CTxUmmFo4IX,cdu
cdu/2021-09-24_16-26-59_UTC.jpg,CUNgbdqKgkQ,cdu
cdu/2021-09-15_09-26-42_UTC_3.jpg,CT1lMXaqkoj,cdu
cdu/2021-09-21_11-34-09_UTC_4.jpg,CUFQjCVqZ4T,cdu
cdu/2021-09-12_18-16-18_UTC.jpg,CTuzajKKDNM,cdu
cdu/2021-09-24_19-39-33_UTC_2.jpg,CUN2e4RIwVC,cdu
cdu/2021-09-16_17-02-39_UTC_2.jpg,CT4-KqdIb3Z,cdu
cdu/2021-09-15_19-53-11_UTC.jpg,CT2smmAIFIX,cdu
cdu/2021-09-25_11-00-47_UTC.jpg,CUPf5IzqUwh,cdu
cdu/2021-09-24_19-39-33_UTC_9.jpg,CUN2e4RIwVC,cdu
cdu/2021-09-24_16-42-35_UTC.jpg,CUNiOtyKfa2,cdu
cdu/2021-09-20_07-12-27_UTC.jpg,CUCNkooIRzw,cdu
cdu/2021-09-24_15-38-55_UTC.jpg,CUNa6YcKZz9,cdu
cdu/2021-09-21_20-02-32_UTC_3.jpg,CUGKukNojxJ,cdu
cdu/2021-09-16_17-02-39_UTC_10.jpg,CT4-KqdIb3Z,cdu
cdu/2021-09-18_13-19-15_UTC_3.jpg,CT9uMNpI2JD,cdu
cdu/2021-09-24_19-39-33_UTC_6.jpg,CUN2e4RIwVC,cdu
cdu/2021-09-24_08-04-31_UTC.jpg,CUMm6fYq7v5,cdu
cdu/2021-09-20_16-32-49_UTC_4.jpg,CUDN7rfq6nl,cdu
cdu/2021-09-16_08-24-28_UTC.jpg,CT4Cmg5IOwX,cdu
cdu/2021-09-20_14-01-19_UTC_4.jpg,CUC8mEyKvPu,cdu
cdu/2021-09-22_11-34-00_UTC.jpg,CUH1U2tIJeP,cdu
cdu/2021-09-18_17-06-46_UTC_5.jpg,CT-IOjYo79S,cdu
cdu/2021-09-18_07-14-58_UTC.jpg,CT9BCHTIVFN,cdu
cdu/2021-09-24_19-39-33_UTC_7.jpg,CUN2e4RIwVC,cdu
cdu/2021-09-19_19-41-00_UTC.jpg,CUA-rDjK0SX,cdu
cdu/2021-09-18_10-16-45_UTC_2.jpg,CT9ZTfsIzsn,cdu
cdu/2021-09-16_11-46-26_UTC_2.jpg,CT4Z-qlqDuL,cdu
cdu/2021-09-13_13-31-57_UTC.jpg,CTw3q5LqD71,cdu
cdu/2021-09-19_19-24-49_UTC.jpg,CUA80l9IH3P,cdu
cdu/2021-09-25_17-36-43_UTC.jpg,CUQNM_EqBXH,cdu
cdu/2021-09-18_10-16-45_UTC_5.jpg,CT9ZTfsIzsn,cdu
cdu/2021-09-13_14-31-41_UTC.jpg,CTw-gYwq264,cdu
cdu/2021-09-23_10-08-51_UTC_6.jpg,CUKQYFtI0P1,cdu
cdu/2021-09-12_19-51-08_UTC.jpg,CTu-RN1qYMD,cdu
cdu/2021-09-12_19-16-09_UTC.jpg,CTu6Q9RKt18,cdu
cdu/2021-09-18_13-19-15_UTC_8.jpg,CT9uMNpI2JD,cdu
cdu/2021-09-25_07-16-11_UTC.jpg,CUPGLc1Klm0,cdu
cdu/2021-09-19_19-12-41_UTC.jpg,CUA7bsUKm01,cdu
cdu/2021-09-18_11-58-24_UTC.jpg,CT9k8B0Itst,cdu
cdu/2021-09-24_12-22-24_UTC.jpg,CUNEZ5OqQ9J,cdu
cdu/2021-09-15_09-26-42_UTC_2.jpg,CT1lMXaqkoj,cdu
cdu/2021-09-15_12-50-53_UTC.jpg,CT18h7hKU_5,cdu
cdu/2021-09-24_17-15-13_UTC.jpg,CUNl7-ZqSAb,cdu
cdu/2021-09-18_13-19-15_UTC_6.jpg,CT9uMNpI2JD,cdu
cdu/2021-09-23_16-10-56_UTC_5.jpg,CUK50B3oSwl,cdu
cdu/2021-09-24_19-39-33_UTC_10.jpg,CUN2e4RIwVC,cdu
cdu/2021-09-25_15-48-16_UTC.jpg,CUQAzsrqhfB,cdu
cdu/2021-09-25_18-15-45_UTC.jpg,CUQRr83qPO-,cdu
cdu/2021-09-25_08-41-54_UTC.jpg,CUPQA9NoBwQ,cdu
cdu/2021-09-18_10-16-45_UTC_4.jpg,CT9ZTfsIzsn,cdu
cdu/2021-09-13_12-04-40_UTC_2.jpg,CTwtrisqMtb,cdu
cdu/2021-09-15_14-06-44_UTC.jpg,CT2E-c6IeTv,cdu
cdu/2021-09-20_18-38-05_UTC_1.jpg,CUDcRMqoPR2,cdu
cdu/2021-09-22_07-58-36_UTC.jpg,CUHcXiSKpQ5,cdu
cdu/2021-09-25_06-34-25_UTC.jpg,CUPBZdsKyVI,cdu
cdu/2021-09-23_11-14-04_UTC.jpg,CUKXovdoixJ,cdu
cdu/2021-09-23_12-30-11_UTC.jpg,CUKgjP8ocnM,cdu
cdu/2021-09-17_06-33-04_UTC.jpg,CT6aVvCIw2y,cdu
cdu/2021-09-23_10-08-51_UTC_3.jpg,CUKQYFtI0P1,cdu
cdu/2021-09-23_15-17-25_UTC.jpg,CUKzpxTqLNM,cdu
cdu/2021-09-22_17-17-37_UTC.jpg,CUIcfZqKBrc,cdu
cdu/2021-09-24_19-39-33_UTC_4.jpg,CUN2e4RIwVC,cdu
cdu/2021-09-18_08-01-12_UTC.jpg,CT9JytoIEsy,cdu
cdu/2021-09-19_19-30-35_UTC.jpg,CUA9ez6qbRU,cdu
cdu/2021-09-20_14-01-19_UTC_1.jpg,CUC8mEyKvPu,cdu
cdu/2021-09-24_16-13-02_UTC.jpg,CUNe0bwqqNS,cdu
cdu/2021-09-16_17-02-39_UTC_1.jpg,CT4-KqdIb3Z,cdu
cdu/2021-09-20_14-01-19_UTC_2.jpg,CUC8mEyKvPu,cdu
cdu/2021-09-21_18-48-32_UTC_4.jpg,CUGCQkQswqb,cdu
cdu/2021-09-13_15-31-45_UTC.jpg,CTxFYQ1qKi6,cdu
cdu/2021-09-13_12-04-40_UTC_3.jpg,CTwtrisqMtb,cdu
cdu/2021-09-21_18-48-32_UTC_1.jpg,CUGCQkQswqb,cdu
cdu/2021-09-20_16-32-49_UTC_2.jpg,CUDN7rfq6nl,cdu
cdu/2021-09-16_17-02-39_UTC_4.jpg,CT4-KqdIb3Z,cdu
cdu/2021-09-23_10-08-51_UTC_4.jpg,CUKQYFtI0P1,cdu
cdu/2021-09-18_13-19-15_UTC_4.jpg,CT9uMNpI2JD,cdu
cdu/2021-09-25_13-50-24_UTC_1.jpg,CUPzUgko3Ie,cdu
cdu/2021-09-20_19-55-34_UTC.jpg,CUDjGZ9gan-,cdu
cdu/2021-09-18_10-16-45_UTC_1.jpg,CT9ZTfsIzsn,cdu
cdu/2021-09-25_13-50-24_UTC_2.jpg,CUPzUgko3Ie,cdu
cdu/2021-09-20_15-01-31_UTC.jpg,CUDDe9sK04N,cdu
cdu/2021-09-13_17-44-47_UTC_2.jpg,CTxUmmFo4IX,cdu
cdu/2021-09-25_14-57-24_UTC.jpg,CUP6_JoIim1,cdu
cdu/2021-09-19_18-40-59_UTC.jpg,CUA3ziLKh7u,cdu
cdu/2021-09-21_11-34-09_UTC_1.jpg,CUFQjCVqZ4T,cdu
cdu/2021-09-21_14-34-05_UTC.jpg,CUFlI7mojxo,cdu
cdu/2021-09-23_13-56-49_UTC.jpg,CUKqdsoIm3J,cdu
cdu/2021-09-23_19-53-47_UTC.jpg,CULTSsaNgJX,cdu
cdu/2021-09-24_19-39-33_UTC_8.jpg,CUN2e4RIwVC,cdu
cdu/2021-09-25_08-17-29_UTC.jpg,CUPMqLaoTGS,cdu
cdu/2021-09-23_16-10-56_UTC_2.jpg,CUK50B3oSwl,cdu
cdu/2021-09-17_14-14-38_UTC_2.jpg,CT7Pu-PIl-c,cdu
cdu/2021-09-21_20-02-32_UTC_5.jpg,CUGKukNojxJ,cdu
cdu/2021-09-13_15-01-28_UTC.jpg,CTxB6cMKe2U,cdu
cdu/2021-09-24_19-39-33_UTC_3.jpg,CUN2e4RIwVC,cdu
cdu/2021-09-20_18-38-05_UTC_2.jpg,CUDcRMqoPR2,cdu
cdu/2021-09-21_20-02-32_UTC_1.jpg,CUGKukNojxJ,cdu
cdu/2021-09-16_17-02-39_UTC_5.jpg,CT4-KqdIb3Z,cdu
cdu/2021-09-20_08-26-06_UTC.jpg,CUCWLrCqMAH,cdu
cdu/2021-09-18_13-19-15_UTC_7.jpg,CT9uMNpI2JD,cdu
cdu/2021-09-23_18-48-06_UTC.jpg,CULLyTdqxBP,cdu
cdu/2021-09-22_19-29-27_UTC.jpg,CUIrvKuIKFO,cdu
cdu/2021-09-25_13-50-24_UTC_3.jpg,CUPzUgko3Ie,cdu
cdu/2021-09-23_14-25-15_UTC.jpg,CUKtt6aIkXd,cdu
cdu/2021-09-24_14-19-26_UTC.jpg,CUNR2S1oQ2b,cdu
cdu/2021-09-15_14-32-35_UTC.jpg,CT2IA07o1Op,cdu
cdu/2021-09-17_13-01-02_UTC.jpg,CT7HFniIbeR,cdu
cdu/2021-09-16_17-02-39_UTC_9.jpg,CT4-KqdIb3Z,cdu
cdu/2021-09-21_08-37-35_UTC.jpg,CUE8DwRo3Rr,cdu
cdu/2021-09-18_17-06-46_UTC_2.jpg,CT-IOjYo79S,cdu
cdu/2021-09-23_11-45-07_UTC.jpg,CUKbZD0IJcZ,cdu
cdu/2021-09-20_18-32-31_UTC_2.jpg,CUDboVFo4ez,cdu
cdu/2021-09-20_14-01-19_UTC_3.jpg,CUC8mEyKvPu,cdu
cdu/2021-09-25_11-10-23_UTC.jpg,CUPg-ihKeCN,cdu
cdu/2021-09-13_13-01-51_UTC.jpg,CTw0OWXKhuU,cdu
cdu/2021-09-17_14-14-38_UTC_1.jpg,CT7Pu-PIl-c,cdu
cdu/2021-09-15_09-26-42_UTC_1.jpg,CT1lMXaqkoj,cdu
cdu/2021-09-20_18-32-31_UTC_1.jpg,CUDboVFo4ez,cdu
cdu/2021-09-20_16-32-49_UTC_1.jpg,CUDN7rfq6nl,cdu
cdu/2021-09-18_20-02-46_UTC.jpg,CT-cXnco14L,cdu
cdu/2021-09-22_09-45-48_UTC.jpg,CUHovVYqylp,cdu
cdu/2021-09-16_17-02-39_UTC_8.jpg,CT4-KqdIb3Z,cdu
cdu/2021-09-24_10-58-52_UTC.jpg,CUM65QioJYP,cdu
cdu/2021-09-13_19-24-53_UTC.jpg,CTxgD12IwG4,cdu
cdu/2021-09-18_13-19-15_UTC_5.jpg,CT9uMNpI2JD,cdu
cdu/2021-09-12_19-50-04_UTC.jpg,CTu-Ho2q8jE,cdu
cdu/2021-09-16_08-30-37_UTC.jpg,CT4DeTioE1U,cdu
cdu/2021-09-24_19-39-33_UTC_5.jpg,CUN2e4RIwVC,cdu
cdu/2021-09-23_16-10-56_UTC_3.jpg,CUK50B3oSwl,cdu
cdu/2021-09-16_17-02-39_UTC_6.jpg,CT4-KqdIb3Z,cdu
cdu/2021-09-21_20-16-34_UTC.jpg,CUGL-wTqnDY,cdu
cdu/2021-09-22_14-30-18_UTC.jpg,CUIJcXHKfjd,cdu
cdu/2021-09-20_16-32-49_UTC_3.jpg,CUDN7rfq6nl,cdu
cdu/2021-09-23_08-57-15_UTC.jpg,CUKILnGoYd6,cdu
cdu/2021-09-19_15-47-44_UTC.jpg,CUAj-lOoBfg,cdu
cdu/2021-09-12_19-31-39_UTC.jpg,CTu8CerKzPe,cdu
cdu/2021-09-23_19-17-36_UTC.jpg,CULPLPqqCTZ,cdu
cdu/2021-09-19_19-01-23_UTC.jpg,CUA6I6YqWTq,cdu
cdu/2021-09-16_11-46-26_UTC_1.jpg,CT4Z-qlqDuL,cdu
cdu/2021-09-24_08-33-48_UTC.jpg,CUMqSt6InjC,cdu
cdu/2021-09-19_10-44-36_UTC.jpg,CUABSWuISHA,cdu
cdu/2021-09-18_17-06-46_UTC_1.jpg,CT-IOjYo79S,cdu
cdu/2021-09-23_18-22-54_UTC.jpg,CULI6jEKCrk,cdu
cdu/2021-09-25_16-02-01_UTC.jpg,CUQCWNHqeWl,cdu
cdu/2021-09-25_07-38-34_UTC.jpg,CUPIxHUIL0Q,cdu
cdu/2021-09-18_17-06-46_UTC_6.jpg,CT-IOjYo79S,cdu
cdu/2021-09-20_14-01-19_UTC_5.jpg,CUC8mEyKvPu,cdu
cdu/2021-09-14_11-58-16_UTC.jpg,CTzRvj9KJYg,cdu
cdu/2021-09-15_15-46-58_UTC.jpg,CT2QtiCI2fw,cdu
cdu/2021-09-25_07-45-25_UTC.jpg,CUPJhfMqfeC,cdu
cdu/2021-09-19_20-01-46_UTC.jpg,CUBBDOhKZyb,cdu
cdu/2021-09-13_12-31-14_UTC.jpg,CTwwuFhqbF4,cdu
cdu/2021-09-18_10-16-45_UTC_3.jpg,CT9ZTfsIzsn,cdu
cdu/2021-09-21_11-34-09_UTC_2.jpg,CUFQjCVqZ4T,cdu
cdu/2021-09-23_18-57-40_UTC.jpg,CULM4OXKH0-,cdu
cdu/2021-09-12_19-01-42_UTC.jpg,CTu4nLJqlyW,cdu
cdu/2021-09-22_21-00-55_UTC.jpg,CUI2NEFoNyG,cdu
cdu/2021-09-24_19-39-33_UTC_1.jpg,CUN2e4RIwVC,cdu
cdu/2021-09-25_06-56-23_UTC.jpg,CUPD8J4oqgn,cdu
cdu/2021-09-19_13-42-10_UTC.jpg,CUAVMoSIwA2,cdu
cdu/2021-09-25_16-15-50_UTC.jpg,CUQD9tjKQ80,cdu
cdu/2021-09-18_13-19-15_UTC_2.jpg,CT9uMNpI2JD,cdu
cdu/2021-09-21_18-48-32_UTC_5.jpg,CUGCQkQswqb,cdu
cdu/2021-09-21_12-24-33_UTC.jpg,CUFWQt0KDWe,cdu
cdu/2021-09-18_13-19-15_UTC_9.jpg,CT9uMNpI2JD,cdu
cdu/2021-09-19_17-14-41_UTC.jpg,CUAt5nCqWzw,cdu
cdu/2021-09-16_17-02-39_UTC_7.jpg,CT4-KqdIb3Z,cdu
cdu/2021-09-21_18-48-32_UTC_3.jpg,CUGCQkQswqb,cdu
cdu/2021-09-22_15-48-22_UTC.jpg,CUISKniITKv,cdu
cdu/2021-09-13_12-04-40_UTC_4.jpg,CTwtrisqMtb,cdu
cdu/2021-09-20_14-01-19_UTC_6.jpg,CUC8mEyKvPu,cdu
cdu/2021-09-23_10-08-51_UTC_5.jpg,CUKQYFtI0P1,cdu
cdu/2021-09-12_10-18-41_UTC.jpg,CTt8wZVIW6Z,cdu
cdu/2021-09-23_18-35-59_UTC.jpg,CULKaWTKLqa,cdu
cdu/2021-09-23_16-10-56_UTC_1.jpg,CUK50B3oSwl,cdu
cdu/2021-09-16_11-46-26_UTC_4.jpg,CT4Z-qlqDuL,cdu
cdu/2021-09-25_16-41-46_UTC.jpg,CUQG7iyqReS,cdu
cdu/2021-09-19_18-32-34_UTC.jpg,CUA214HKQLL,cdu
cdu/2021-09-16_17-02-39_UTC_3.jpg,CT4-KqdIb3Z,cdu
cdu/2021-09-23_10-08-51_UTC_2.jpg,CUKQYFtI0P1,cdu
cdu/2021-09-18_13-19-15_UTC_1.jpg,CT9uMNpI2JD,cdu
cdu/2021-09-17_14-14-38_UTC_3.jpg,CT7Pu-PIl-c,cdu
cdu/2021-09-18_17-06-46_UTC_7.jpg,CT-IOjYo79S,cdu
cdu/2021-09-23_19-45-26_UTC.jpg,CULSXCzIX7Z,cdu
cdu/2021-09-15_18-01-26_UTC.jpg,CT2gD5bqqkU,cdu
cdu/2021-09-23_08-30-03_UTC.jpg,CUKFEcHIt2k,cdu
cdu/2021-09-16_11-46-26_UTC_3.jpg,CT4Z-qlqDuL,cdu
cdu/2021-09-13_12-04-40_UTC_1.jpg,CTwtrisqMtb,cdu
cdu/2021-09-16_13-38-07_UTC.jpg,CT4mu9SIAtM,cdu
cdu/2021-09-16_10-34-42_UTC.jpg,CT4RxQ8KD2-,cdu
cdu/2021-09-25_13-50-24_UTC_4.jpg,CUPzUgko3Ie,cdu
cdu/2021-09-18_17-06-46_UTC_8.jpg,CT-IOjYo79S,cdu
cdu/2021-09-21_09-28-34_UTC.jpg,CUFCJc2KOC2,cdu
cdu/2021-09-23_18-07-29_UTC.jpg,CULHGMYqvra,cdu
cdu/2021-09-21_07-12-22_UTC.jpg,CUEydBLo81X,cdu
cdu/2021-09-19_06-23-34_UTC.jpg,CT_jagpI4aZ,cdu
cdu/2021-09-12_18-40-41_UTC.jpg,CTu2NP3q0x-,cdu
cdu/2021-09-18_15-19-47_UTC.jpg,CT97_B-oFs9,cdu
cdu/2021-09-18_17-06-46_UTC_10.jpg,CT-IOjYo79S,cdu
cdu/2021-09-21_11-34-09_UTC_3.jpg,CUFQjCVqZ4T,cdu
cdu/2021-09-21_20-02-32_UTC_4.jpg,CUGKukNojxJ,cdu
cdu/2021-09-22_14-55-38_UTC.jpg,CUIMN2iIfiR,cdu
cdu/2021-09-18_17-06-46_UTC_3.jpg,CT-IOjYo79S,cdu
cdu/2021-09-23_19-38-10_UTC.jpg,CULRg-kqvWv,cdu
cdu/2021-09-23_16-10-56_UTC_4.jpg,CUK50B3oSwl,cdu
cdu/2021-09-12_19-45-25_UTC.jpg,CTu9nW1qVbq,cdu
cdu/2021-09-25_10-37-25_UTC.jpg,CUPdNQ6qLOW,cdu
spdde/2021-09-17_16-00-41_UTC.jpg,CT7b3qrqVcv,spdde
spdde/2021-09-18_09-00-38_UTC.jpg,CT9QmBwKw5I,spdde
spdde/2021-09-18_14-42-04_UTC_5.jpg,CT93qxNs86w,spdde
spdde/2021-09-12_18-32-44_UTC.jpg,CTu1S7wgrTx,spdde
spdde/2021-09-18_14-42-04_UTC_4.jpg,CT93qxNs86w,spdde
spdde/2021-09-25_10-04-18_UTC.jpg,CUPZchMq5S4,spdde
spdde/2021-09-12_19-36-26_UTC.jpg,CTu8ld3ADhv,spdde
spdde/2021-09-14_16-08-41_UTC.jpg,CTzuJzQguCt,spdde
spdde/2021-09-16_14-37-13_UTC.jpg,CT4teRMKy_h,spdde
spdde/2021-09-13_16-00-15_UTC.jpg,CTxIpCYKAGG,spdde
spdde/2021-09-20_17-17-32_UTC.jpg,CUDS-ClAQhF,spdde
spdde/2021-09-19_18-41-53_UTC.jpg,CUA36EHA5ot,spdde
spdde/2021-09-25_07-01-36_UTC.jpg,CUPEdF9A22Z,spdde
spdde/2021-09-18_12-09-36_UTC.jpg,CT9mFT4AMB2,spdde
spdde/2021-09-21_12-29-37_UTC.jpg,CUFW0B9Axey,spdde
spdde/2021-09-17_09-18-30_UTC.jpg,CT6t2BHgl7v,spdde
spdde/2021-09-24_18-00-20_UTC_2.jpg,CUNrILNK5nB,spdde
spdde/2021-09-19_18-45-34_UTC.jpg,CUA4VG3Acw5,spdde
spdde/2021-09-20_15-56-40_UTC.jpg,CUDJp3wAqr2,spdde
spdde/2021-09-23_10-15-55_UTC.jpg,CUKQ5rWA0Jj,spdde
spdde/2021-09-25_18-18-01_UTC.jpg,CUQR6H4KhXw,spdde
spdde/2021-09-14_18-00-57_UTC_3.jpg,CTz7P4QKrwu,spdde
spdde/2021-09-14_18-00-57_UTC_1.jpg,CTz7P4QKrwu,spdde
spdde/2021-09-16_17-00-51_UTC.jpg,CT499djqmex,spdde
spdde/2021-09-17_18-00-10_UTC.jpg,CT7pi2pK2fQ,spdde
spdde/2021-09-14_12-19-45_UTC.jpg,CTzULJaqLDf,spdde
spdde/2021-09-22_13-31-09_UTC_1.jpg,CUICu6XsTRk,spdde
spdde/2021-09-12_19-45-31_UTC.jpg,CTu9oA-ghq-,spdde
spdde/2021-09-24_17-55-02_UTC_3.jpg,CUNqhSWg__h,spdde
spdde/2021-09-20_12-42-02_UTC_1.jpg,CUCzhbJqBas,spdde
spdde/2021-09-22_11-21-14_UTC.jpg,CUHzilcAHyO,spdde
spdde/2021-09-12_19-11-59_UTC.jpg,CTu5yaNAF7n,spdde
spdde/2021-09-24_16-19-58_UTC.jpg,CUNfbOxgEzN,spdde
spdde/2021-09-15_08-54-16_UTC_3.jpg,CT1hexOKLqd,spdde
spdde/2021-09-24_20-19-17_UTC_2.jpg,CUN7B0Dgb-J,spdde
spdde/2021-09-18_14-42-04_UTC_8.jpg,CT93qxNs86w,spdde
spdde/2021-09-17_14-06-02_UTC.jpg,CT7OwBSKJr3,spdde
spdde/2021-09-20_12-42-02_UTC_2.jpg,CUCzhbJqBas,spdde
spdde/2021-09-23_12-54-38_UTC.jpg,CUKjDpkggYm,spdde
spdde/2021-09-12_12-25-49_UTC.jpg,CTuLTmkseVW,spdde
spdde/2021-09-24_20-19-17_UTC_1.jpg,CUN7B0Dgb-J,spdde
spdde/2021-09-24_17-55-02_UTC_2.jpg,CUNqhSWg__h,spdde
spdde/2021-09-24_18-00-20_UTC_3.jpg,CUNrILNK5nB,spdde
spdde/2021-09-20_12-42-02_UTC_3.jpg,CUCzhbJqBas,spdde
spdde/2021-09-12_19-30-06_UTC.jpg,CTu73MGgrVu,spdde
spdde/2021-09-13_10-51-14_UTC_2.jpg,CTwlRr6qK1B,spdde
spdde/2021-09-12_19-26-11_UTC.jpg,CTu7aaighJc,spdde
spdde/2021-09-24_20-19-17_UTC_4.jpg,CUN7B0Dgb-J,spdde
spdde/2021-09-12_20-35-20_UTC.jpg,CTvDU5yK0aS,spdde
spdde/2021-09-22_18-00-38_UTC_3.jpg,CUIhknTKvcR,spdde
spdde/2021-09-18_14-42-04_UTC_2.jpg,CT93qxNs86w,spdde
spdde/2021-09-22_15-28-23_UTC.jpg,CUIQGSiKjXU,spdde
spdde/2021-09-24_18-00-20_UTC_1.jpg,CUNrILNK5nB,spdde
spdde/2021-09-22_13-31-09_UTC_2.jpg,CUICu6XsTRk,spdde
spdde/2021-09-17_10-32-40_UTC.jpg,CT62VLaAcOb,spdde
spdde/2021-09-24_20-19-17_UTC_3.jpg,CUN7B0Dgb-J,spdde
spdde/2021-09-24_17-55-02_UTC_4.jpg,CUNqhSWg__h,spdde
spdde/2021-09-24_15-25-20_UTC.jpg,CUNZSn6AXp6,spdde
spdde/2021-09-19_19-37-31_UTC.jpg,CUA-RotgTvg,spdde
spdde/2021-09-24_17-55-02_UTC_1.jpg,CUNqhSWg__h,spdde
spdde/2021-09-13_14-53-39_UTC.jpg,CTxA73qg9VS,spdde
spdde/2021-09-18_14-42-04_UTC_9.jpg,CT93qxNs86w,spdde
spdde/2021-09-24_17-55-02_UTC_6.jpg,CUNqhSWg__h,spdde
spdde/2021-09-14_18-00-57_UTC_2.jpg,CTz7P4QKrwu,spdde
spdde/2021-09-18_14-42-04_UTC_6.jpg,CT93qxNs86w,spdde
spdde/2021-09-14_15-07-56_UTC.jpg,CTznLykA7Fw,spdde
spdde/2021-09-14_14-02-26_UTC.jpg,CTzf5rVqsGm,spdde
spdde/2021-09-19_20-34-50_UTC.jpg,CUBE1Z-qJMj,spdde
spdde/2021-09-24_07-37-11_UTC.jpg,CUMj0CIKtBs,spdde
spdde/2021-09-21_15-00-10_UTC.jpg,CUFoH7UqP4l,spdde
spdde/2021-09-18_14-42-04_UTC_7.jpg,CT93qxNs86w,spdde
spdde/2021-09-25_11-23-57_UTC.jpg,CUPiZMEASW-,spdde
spdde/2021-09-19_19-05-20_UTC_1.jpg,CUA6l4IA64v,spdde
spdde/2021-09-23_19-45-44_UTC.jpg,CULSWZ_gVVH,spdde
spdde/2021-09-21_13-30-09_UTC_1.jpg,CUFd0q9K6Nu,spdde
spdde/2021-09-24_17-55-02_UTC_9.jpg,CUNqhSWg__h,spdde
spdde/2021-09-24_17-55-02_UTC_8.jpg,CUNqhSWg__h,spdde
spdde/2021-09-19_19-42-15_UTC.jpg,CUA-0SXAQFE,spdde
spdde/2021-09-13_10-51-14_UTC_1.jpg,CTwlRr6qK1B,spdde
spdde/2021-09-22_18-00-38_UTC_2.jpg,CUIhknTKvcR,spdde
spdde/2021-09-16_16-07-38_UTC.jpg,CT433ssMzcG,spdde
spdde/2021-09-15_08-54-16_UTC_2.jpg,CT1hexOKLqd,spdde
spdde/2021-09-22_18-00-38_UTC_1.jpg,CUIhknTKvcR,spdde
spdde/2021-09-19_19-05-20_UTC_2.jpg,CUA6l4IA64v,spdde
spdde/2021-09-12_20-05-09_UTC.jpg,CTu_32iqGKd,spdde
spdde/2021-09-22_16-12-26_UTC.jpg,CUIUwRSA7rY,spdde
spdde/2021-09-24_17-55-02_UTC_7.jpg,CUNqhSWg__h,spdde
spdde/2021-09-24_17-55-02_UTC_5.jpg,CUNqhSWg__h,spdde
spdde/2021-09-21_13-30-09_UTC_2.jpg,CUFd0q9K6Nu,spdde
spdde/2021-09-19_19-30-37_UTC.jpg,CUA9fD4g1q9,spdde
spdde/2021-09-19_19-44-44_UTC.jpg,CUA_GZkggxN,spdde
spdde/2021-09-19_18-50-21_UTC.jpg,CUA44KkAbEG,spdde
spdde/2021-09-18_14-42-04_UTC_1.jpg,CT93qxNs86w,spdde
spdde/2021-09-15_08-54-16_UTC_1.jpg,CT1hexOKLqd,spdde
spdde/2021-09-13_10-51-14_UTC_3.jpg,CTwlRr6qK1B,spdde
spdde/2021-09-18_10-48-05_UTC.jpg,CT9c4_EAZAt,spdde
spdde/2021-09-21_13-30-09_UTC_3.jpg,CUFd0q9K6Nu,spdde
spdde/2021-09-18_14-42-04_UTC_3.jpg,CT93qxNs86w,spdde
spdde/2021-09-12_19-33-17_UTC.jpg,CTu8OZJALg0,spdde
spdde/2021-09-15_11-00-56_UTC.jpg,CT1v7-RKJz0,spdde
spdde/2021-09-12_19-52-28_UTC.jpg,CTu-a-XgAQs,spdde
spdde/2021-09-14_18-00-57_UTC_4.jpg,CTz7P4QKrwu,spdde
spdde/2021-09-22_13-31-09_UTC_3.jpg,CUICu6XsTRk,spdde
fdp/2021-09-17_13-08-34_UTC.jpg,CT7ILDdN5tY,fdp
fdp/2021-09-24_06-01-43_UTC.jpg,CUMY46IKydV,fdp
fdp/2021-09-15_13-02-08_UTC_2.jpg,CT192LZKPvQ,fdp
fdp/2021-09-24_10-01-04_UTC.jpg,CUM0R5zqfmt,fdp
fdp/2021-09-17_11-01-04_UTC.jpg,CT65lQOKQWd,fdp
fdp/2021-09-22_09-31-03_UTC.jpg,CUHnQSiqYPu,fdp
fdp/2021-09-18_08-57-37_UTC.jpg,CT9QHkYg8A8,fdp
fdp/2021-09-20_07-09-39_UTC.jpg,CUCNe4-tYPE,fdp
fdp/2021-09-23_11-01-31_UTC.jpg,CUKWZyLKBml,fdp
fdp/2021-09-25_07-01-29_UTC_1.jpg,CUPEha-qjNx,fdp
fdp/2021-09-20_10-59-08_UTC.jpg,CUCnvvbN7u5,fdp
fdp/2021-09-23_07-01-25_UTC.jpg,CUJ67OeKuif,fdp
fdp/2021-09-12_18-39-19_UTC_2.jpg,CTu2DKfKClM,fdp
fdp/2021-09-13_11-01-47_UTC.jpg,CTwmfAkq8-k,fdp
fdp/2021-09-25_07-01-29_UTC_2.jpg,CUPEha-qjNx,fdp
fdp/2021-09-18_11-01-31_UTC.jpg,CT9ebaLKdxj,fdp
fdp/2021-09-25_11-02-01_UTC.jpg,CUPgDOgqJ_w,fdp
fdp/2021-09-21_07-34-41_UTC.jpg,CUE1JLxNKee,fdp
fdp/2021-09-24_16-01-51_UTC.jpg,CUNdkWKqP86,fdp
fdp/2021-09-22_07-02-53_UTC.jpg,CUHWTGHqzo8,fdp
fdp/2021-09-23_13-15-04_UTC.jpg,CUKlr8SKdkw,fdp
fdp/2021-09-14_11-01-16_UTC.jpg,CTzLMRiK4Xo,fdp
fdp/2021-09-25_09-01-43_UTC.jpg,CUPSQP-qEMj,fdp
fdp/2021-09-22_13-32-54_UTC.jpg,CUIC7uJKK_b,fdp
fdp/2021-09-15_09-09-13_UTC.jpg,CT1jMQ3tWhx,fdp
fdp/2021-09-19_09-30-40_UTC.jpg,CT_4y2Qq7Uk,fdp
fdp/2021-09-20_15-39-10_UTC.jpg,CUDHyurNwW1,fdp
fdp/2021-09-24_08-01-16_UTC.jpg,CUMmkbGKxg4,fdp
fdp/2021-09-18_07-01-23_UTC.jpg,CT9C8liqgGd,fdp
fdp/2021-09-22_11-30-24_UTC.jpg,CUH06bvKUDb,fdp
fdp/2021-09-14_13-30-06_UTC.jpg,CTzcQLYqfGO,fdp
fdp/2021-09-13_07-09-10_UTC.jpg,CTwL0BNKnYT,fdp
fdp/2021-09-24_14-01-53_UTC.jpg,CUNP1ufqG0S,fdp
fdp/2021-09-13_13-17-04_UTC_2.jpg,CTw19x1qo6b,fdp
fdp/2021-09-22_15-59-21_UTC.jpg,CUITsPzq4Kv,fdp
fdp/2021-09-15_13-02-08_UTC_1.jpg,CT192LZKPvQ,fdp
fdp/2021-09-20_13-49-54_UTC.jpg,CUC7Sc3NWW8,fdp
fdp/2021-09-21_11-01-03_UTC.jpg,CUFMwknq4Ec,fdp
fdp/2021-09-21_13-31-22_UTC.jpg,CUFd7XTAmCb,fdp
fdp/2021-09-23_09-01-38_UTC.jpg,CUKIryKKO0i,fdp
fdp/2021-09-12_07-01-31_UTC.jpg,CTtmMVIqOmN,fdp
fdp/2021-09-12_09-38-30_UTC.jpg,CTt3_qqAIKx,fdp
fdp/2021-09-12_18-39-19_UTC_1.jpg,CTu2DKfKClM,fdp
fdp/2021-09-13_13-17-04_UTC_1.jpg,CTw19x1qo6b,fdp
fdp/2021-09-16_07-00-40_UTC.jpg,CT35RlFqQYO,fdp
fdp/2021-09-21_15-55-39_UTC.jpg,CUFueWfq4KV,fdp
fdp/2021-09-23_18-56-37_UTC.jpg,CULMxjyqa6t,fdp
fdp/2021-09-13_13-17-04_UTC_3.jpg,CTw19x1qo6b,fdp
fdp/2021-09-17_07-25-19_UTC.jpg,CT6g5E5tYaj,fdp
fdp/2021-09-25_13-01-57_UTC.jpg,CUPtxkYK9qj,fdp
fdp/2021-09-12_12-01-02_UTC.jpg,CTuIeBgtVJ4,fdp
fdp/2021-09-24_12-45-17_UTC.jpg,CUNHEnxKFwn,fdp
fdp/2021-09-15_11-18-34_UTC.jpg,CT1x_qktr2m,fdp
fdp/2021-09-16_13-04-10_UTC.jpg,CT4i37jKPjC,fdp
fdp/2021-09-14_07-29-25_UTC.jpg,CTyy-ZotPNG,fdp
fdp/2021-09-25_07-01-29_UTC_3.jpg,CUPEha-qjNx,fdp
fdp/2021-09-19_12-52-45_UTC.jpg,CUAP870qiA9,fdp
christianlindner/2021-09-17_16-42-20_UTC_6.jpg,CT7goxXItxt,christianlindner
christianlindner/2021-09-22_20-20-19_UTC_3.jpg,CUIxjo2Idku,christianlindner
christianlindner/2021-09-17_19-33-56_UTC_1.jpg,CT70RkVMrF_,christianlindner
christianlindner/2021-09-15_18-37-22_UTC_7.jpg,CT2kNf8Ms01,christianlindner
christianlindner/2021-09-14_10-08-32_UTC.jpg,CTzFAFZjCEn,christianlindner
christianlindner/2021-09-23_17-53-41_UTC.jpg,CULFd4OjCNg,christianlindner
christianlindner/2021-09-15_18-37-22_UTC_1.jpg,CT2kNf8Ms01,christianlindner
christianlindner/2021-09-15_18-37-22_UTC_6.jpg,CT2kNf8Ms01,christianlindner
christianlindner/2021-09-22_20-20-19_UTC_6.jpg,CUIxjo2Idku,christianlindner
christianlindner/2021-09-24_14-03-00_UTC_3.jpg,CUNP92dobKx,christianlindner
christianlindner/2021-09-18_09-33-42_UTC.jpg,CT9UOpTIJaK,christianlindner
christianlindner/2021-09-13_10-08-20_UTC_1.jpg,CTwgXg7olN6,christianlindner
christianlindner/2021-09-17_19-33-56_UTC_9.jpg,CT70RkVMrF_,christianlindner
christianlindner/2021-09-21_14-50-34_UTC_6.jpg,CUFnBtCoL-i,christianlindner
christianlindner/2021-09-16_18-15-11_UTC_2.jpg,CT5Gd8YIl2z,christianlindner
christianlindner/2021-09-22_20-20-19_UTC_4.jpg,CUIxjo2Idku,christianlindner
christianlindner/2021-09-19_15-17-46_UTC_1.jpg,CUAgjFLoWAC,christianlindner
christianlindner/2021-09-21_14-50-34_UTC_3.jpg,CUFnBtCoL-i,christianlindner
christianlindner/2021-09-16_18-15-11_UTC_3.jpg,CT5Gd8YIl2z,christianlindner
christianlindner/2021-09-17_16-42-20_UTC_2.jpg,CT7goxXItxt,christianlindner
christianlindner/2021-09-17_16-42-20_UTC_4.jpg,CT7goxXItxt,christianlindner
christianlindner/2021-09-21_14-50-34_UTC_4.jpg,CUFnBtCoL-i,christianlindner
christianlindner/2021-09-17_16-42-20_UTC_5.jpg,CT7goxXItxt,christianlindner
christianlindner/2021-09-16_18-15-11_UTC_1.jpg,CT5Gd8YIl2z,christianlindner
christianlindner/2021-09-16_14-29-18_UTC_2.jpg,CT4sneks83j,christianlindner
christianlindner/2021-09-24_11-49-38_UTC.jpg,CUNAtDwoqI-,christianlindner
christianlindner/2021-09-17_08-03-58_UTC.jpg,CT6lO4OIvet,christianlindner
christianlindner/2021-09-22_20-20-19_UTC_5.jpg,CUIxjo2Idku,christianlindner
christianlindner/2021-09-21_14-50-34_UTC_1.jpg,CUFnBtCoL-i,christianlindner
christianlindner/2021-09-21_19-30-47_UTC_4.jpg,CUGHGCSo13C,christianlindner
christianlindner/2021-09-13_10-08-20_UTC_3.jpg,CTwgXg7olN6,christianlindner
christianlindner/2021-09-13_10-08-20_UTC_2.jpg,CTwgXg7olN6,christianlindner
christianlindner/2021-09-21_14-50-34_UTC_5.jpg,CUFnBtCoL-i,christianlindner
christianlindner/2021-09-15_18-37-22_UTC_5.jpg,CT2kNf8Ms01,christianlindner
christianlindner/2021-09-17_19-33-56_UTC_7.jpg,CT70RkVMrF_,christianlindner
christianlindner/2021-09-15_18-37-22_UTC_3.jpg,CT2kNf8Ms01,christianlindner
christianlindner/2021-09-24_14-03-00_UTC_2.jpg,CUNP92dobKx,christianlindner
christianlindner/2021-09-17_19-33-56_UTC_5.jpg,CT70RkVMrF_,christianlindner
christianlindner/2021-09-17_19-33-56_UTC_3.jpg,CT70RkVMrF_,christianlindner
christianlindner/2021-09-16_14-29-18_UTC_1.jpg,CT4sneks83j,christianlindner
christianlindner/2021-09-21_19-30-47_UTC_5.jpg,CUGHGCSo13C,christianlindner
christianlindner/2021-09-24_14-03-00_UTC_1.jpg,CUNP92dobKx,christianlindner
christianlindner/2021-09-16_07-47-54_UTC.jpg,CT3-rhjoxOa,christianlindner
christianlindner/2021-09-17_16-42-20_UTC_1.jpg,CT7goxXItxt,christianlindner
christianlindner/2021-09-24_07-02-09_UTC.jpg,CUMfm67oUHv,christianlindner
christianlindner/2021-09-21_19-30-47_UTC_2.jpg,CUGHGCSo13C,christianlindner
christianlindner/2021-09-22_08-40-29_UTC.jpg,CUHhXbmj3XQ,christianlindner
christianlindner/2021-09-22_20-20-19_UTC_1.jpg,CUIxjo2Idku,christianlindner
christianlindner/2021-09-15_18-37-22_UTC_2.jpg,CT2kNf8Ms01,christianlindner
christianlindner/2021-09-19_18-12-56_UTC_1.jpg,CUA0mHIszm9,christianlindner
christianlindner/2021-09-17_13-01-40_UTC.jpg,CT7HYhqIfrG,christianlindner
christianlindner/2021-09-20_07-51-26_UTC.jpg,CUCSQ-LofLS,christianlindner
christianlindner/2021-09-21_08-12-35_UTC.jpg,CUE5eupIcKT,christianlindner
christianlindner/2021-09-17_19-33-56_UTC_6.jpg,CT70RkVMrF_,christianlindner
christianlindner/2021-09-23_09-38-13_UTC.jpg,CUKM3qxIjqz,christianlindner
christianlindner/2021-09-21_19-30-47_UTC_1.jpg,CUGHGCSo13C,christianlindner
christianlindner/2021-09-19_15-17-46_UTC_2.jpg,CUAgjFLoWAC,christianlindner
christianlindner/2021-09-19_15-17-46_UTC_3.jpg,CUAgjFLoWAC,christianlindner
christianlindner/2021-09-22_20-20-19_UTC_2.jpg,CUIxjo2Idku,christianlindner
christianlindner/2021-09-21_14-50-34_UTC_2.jpg,CUFnBtCoL-i,christianlindner
christianlindner/2021-09-17_19-33-56_UTC_8.jpg,CT70RkVMrF_,christianlindner
christianlindner/2021-09-17_16-42-20_UTC_3.jpg,CT7goxXItxt,christianlindner
christianlindner/2021-09-17_19-33-56_UTC_2.jpg,CT70RkVMrF_,christianlindner
christianlindner/2021-09-15_18-37-22_UTC_4.jpg,CT2kNf8Ms01,christianlindner
christianlindner/2021-09-21_19-30-47_UTC_3.jpg,CUGHGCSo13C,christianlindner
christianlindner/2021-09-17_19-33-56_UTC_4.jpg,CT70RkVMrF_,christianlindner
christianlindner/2021-09-19_18-12-56_UTC_2.jpg,CUA0mHIszm9,christianlindner
die_gruenen/2021-09-24_15-45-55_UTC_2.jpg,CUNbvtVq9Zj,die_gruenen
die_gruenen/2021-09-21_11-33-53_UTC_2.jpg,CUFQhCyql4p,die_gruenen
die_gruenen/2021-09-24_15-45-55_UTC_1.jpg,CUNbvtVq9Zj,die_gruenen
die_gruenen/2021-09-22_14-03-34_UTC_2.jpg,CUIGcOXqMgo,die_gruenen
die_gruenen/2021-09-23_12-40-16_UTC_1.jpg,CUKhtFtqydv,die_gruenen
die_gruenen/2021-09-12_08-27-20_UTC.jpg,CTtwA4iK0S9,die_gruenen
die_gruenen/2021-09-14_10-33-56_UTC.jpg,CTzIF5MqSVV,die_gruenen
die_gruenen/2021-09-15_12-42-23_UTC_2.jpg,CT17lkGqKSn,die_gruenen
die_gruenen/2021-09-17_18-07-21_UTC_2.jpg,CT7qXaKqh3p,die_gruenen
die_gruenen/2021-09-24_16-22-56_UTC.jpg,CUNf-yxI3Jq,die_gruenen
die_gruenen/2021-09-21_14-07-24_UTC_1.jpg,CUFiFbqKg3q,die_gruenen
die_gruenen/2021-09-13_06-24-47_UTC.jpg,CTwGyICK8z8,die_gruenen
die_gruenen/2021-09-21_11-33-53_UTC_1.jpg,CUFQhCyql4p,die_gruenen
die_gruenen/2021-09-22_09-47-57_UTC.jpg,CUHoRDGoDYE,die_gruenen
die_gruenen/2021-09-13_12-11-28_UTC.jpg,CTwudVAqCSV,die_gruenen
die_gruenen/2021-09-18_07-52-36_UTC_2.jpg,CT9Izx2LPmZ,die_gruenen
die_gruenen/2021-09-25_09-13-34_UTC.jpg,CUPTnJ7LhXM,die_gruenen
die_gruenen/2021-09-23_09-30-58_UTC_2.jpg,CUKMCmBKWfI,die_gruenen
die_gruenen/2021-09-12_16-05-53_UTC.jpg,CTukcAboQW0,die_gruenen
die_gruenen/2021-09-17_15-18-32_UTC_2.jpg,CT7XDBPKEED,die_gruenen
die_gruenen/2021-09-24_06-30-37_UTC.jpg,CUMcMjlKxyn,die_gruenen
die_gruenen/2021-09-19_06-34-40_UTC_2.jpg,CT_kr18LkoS,die_gruenen
die_gruenen/2021-09-12_20-30-05_UTC.jpg,CTvCqGHoTny,die_gruenen
die_gruenen/2021-09-25_13-20-51_UTC_3.jpg,CUPv8FKqJOq,die_gruenen
die_gruenen/2021-09-19_12-05-44_UTC.jpg,CUAKkpMKGwf,die_gruenen
die_gruenen/2021-09-20_14-43-30_UTC_2.jpg,CUDBbCiKu3m,die_gruenen
die_gruenen/2021-09-18_07-52-36_UTC_1.jpg,CT9Izx2LPmZ,die_gruenen
die_gruenen/2021-09-25_13-20-51_UTC_4.jpg,CUPv8FKqJOq,die_gruenen
die_gruenen/2021-09-12_06-53-51_UTC.jpg,CTtlP5OIdfp,die_gruenen
die_gruenen/2021-09-20_14-43-30_UTC_1.jpg,CUDBbCiKu3m,die_gruenen
die_gruenen/2021-09-21_16-13-15_UTC_2.jpg,CUFwfOAKTLG,die_gruenen
die_gruenen/2021-09-25_13-20-51_UTC_7.jpg,CUPv8FKqJOq,die_gruenen
die_gruenen/2021-09-25_13-20-51_UTC_2.jpg,CUPv8FKqJOq,die_gruenen
die_gruenen/2021-09-24_09-05-14_UTC_1.jpg,CUMt5ABq0MD,die_gruenen
die_gruenen/2021-09-13_16-46-33_UTC.jpg,CTxNrwRo9Vh,die_gruenen
die_gruenen/2021-09-16_13-34-10_UTC_1.jpg,CT4mTqqL3FP,die_gruenen
die_gruenen/2021-09-23_14-13-06_UTC_1.jpg,CUKsU89q8Bm,die_gruenen
die_gruenen/2021-09-19_14-02-17_UTC.jpg,CUAX6ObqIFU,die_gruenen
die_gruenen/2021-09-19_06-34-40_UTC_1.jpg,CT_kr18LkoS,die_gruenen
die_gruenen/2021-09-23_14-13-06_UTC_2.jpg,CUKsU89q8Bm,die_gruenen
die_gruenen/2021-09-21_14-07-24_UTC_2.jpg,CUFiFbqKg3q,die_gruenen
die_gruenen/2021-09-22_12-01-35_UTC_3.jpg,CUH4e5Oqnen,die_gruenen
die_gruenen/2021-09-23_20-30-28_UTC.jpg,CULXXK5odG9,die_gruenen
die_gruenen/2021-09-17_15-18-32_UTC_1.jpg,CT7XDBPKEED,die_gruenen
die_gruenen/2021-09-20_08-47-11_UTC.jpg,CUCYpPcLzWO,die_gruenen
die_gruenen/2021-09-23_12-40-16_UTC_2.jpg,CUKhtFtqydv,die_gruenen
die_gruenen/2021-09-20_14-10-58_UTC.jpg,CUC9NyQIhRm,die_gruenen
die_gruenen/2021-09-19_09-28-42_UTC.jpg,CT_4jmarSGg,die_gruenen
die_gruenen/2021-09-22_15-14-06_UTC.jpg,CUIM3QGoEPZ,die_gruenen
die_gruenen/2021-09-21_16-13-15_UTC_1.jpg,CUFwfOAKTLG,die_gruenen
die_gruenen/2021-09-22_14-03-34_UTC_1.jpg,CUIGcOXqMgo,die_gruenen
die_gruenen/2021-09-20_16-09-06_UTC.jpg,CUDLJwKIBXz,die_gruenen
die_gruenen/2021-09-24_06-55-12_UTC_2.jpg,CUMfAiQqo4h,die_gruenen
die_gruenen/2021-09-24_09-05-14_UTC_2.jpg,CUMt5ABq0MD,die_gruenen
die_gruenen/2021-09-17_18-07-21_UTC_1.jpg,CT7qXaKqh3p,die_gruenen
die_gruenen/2021-09-23_09-30-58_UTC_1.jpg,CUKMCmBKWfI,die_gruenen
die_gruenen/2021-09-25_13-20-51_UTC_1.jpg,CUPv8FKqJOq,die_gruenen
die_gruenen/2021-09-12_20-32-06_UTC.jpg,CTvBwSHI4ZC,die_gruenen
die_gruenen/2021-09-24_06-55-12_UTC_1.jpg,CUMfAiQqo4h,die_gruenen
die_gruenen/2021-09-16_13-34-10_UTC_2.jpg,CT4mTqqL3FP,die_gruenen
die_gruenen/2021-09-19_20-19-42_UTC.jpg,CUBC4Orokcq,die_gruenen
die_gruenen/2021-09-24_15-39-19_UTC.jpg,CUNa_WZocqL,die_gruenen
die_gruenen/2021-09-22_12-01-35_UTC_2.jpg,CUH4e5Oqnen,die_gruenen
die_gruenen/2021-09-25_13-20-51_UTC_6.jpg,CUPv8FKqJOq,die_gruenen
die_gruenen/2021-09-25_13-20-51_UTC_5.jpg,CUPv8FKqJOq,die_gruenen
die_gruenen/2021-09-22_12-01-35_UTC_1.jpg,CUH4e5Oqnen,die_gruenen
die_gruenen/2021-09-19_14-36-21_UTC.jpg,CUAbwpgK8mj,die_gruenen
die_gruenen/2021-09-15_12-42-23_UTC_1.jpg,CT17lkGqKSn,die_gruenen
abaerbock/2021-09-13_19-36-55_UTC_2.jpg,CTxhb8gMLqn,abaerbock
abaerbock/2021-09-23_19-16-58_UTC_3.jpg,CULPGiCsfCL,abaerbock
abaerbock/2021-09-21_14-36-27_UTC_3.jpg,CUFlaOksc8x,abaerbock
abaerbock/2021-09-13_19-36-55_UTC_1.jpg,CTxhb8gMLqn,abaerbock
abaerbock/2021-09-21_14-36-27_UTC_6.jpg,CUFlaOksc8x,abaerbock
abaerbock/2021-09-24_17-49-01_UTC_3.jpg,CUNp1TbsIKw,abaerbock
abaerbock/2021-09-17_11-48-57_UTC.jpg,CT6-mMnjvKC,abaerbock
abaerbock/2021-09-22_13-32-14_UTC_3.jpg,CUIC2ynMsY6,abaerbock
abaerbock/2021-09-13_14-02-02_UTC.jpg,CTw3GFIjJ9z,abaerbock
abaerbock/2021-09-19_20-21-33_UTC.jpg,CUBDSPOKhmP,abaerbock
abaerbock/2021-09-21_08-58-26_UTC.jpg,CUE-uhXszg0,abaerbock
abaerbock/2021-09-21_14-36-27_UTC_7.jpg,CUFlaOksc8x,abaerbock
abaerbock/2021-09-21_14-36-27_UTC_2.jpg,CUFlaOksc8x,abaerbock
abaerbock/2021-09-25_08-37-35_UTC.jpg,CUPPaZujOza,abaerbock
abaerbock/2021-09-25_15-05-02_UTC_5.jpg,CUP73Dds0Ry,abaerbock
abaerbock/2021-09-20_16-36-45_UTC.jpg,CUDOS5ADuC2,abaerbock
abaerbock/2021-09-24_17-49-01_UTC_5.jpg,CUNp1TbsIKw,abaerbock
abaerbock/2021-09-14_10-00-20_UTC_3.jpg,CTzEP1Zs4Iw,abaerbock
abaerbock/2021-09-20_18-22-45_UTC_6.jpg,CUDag4tsRgm,abaerbock
abaerbock/2021-09-14_10-00-20_UTC_1.jpg,CTzEP1Zs4Iw,abaerbock
abaerbock/2021-09-22_19-23-29_UTC_3.jpg,CUIrDXKM7zM,abaerbock
abaerbock/2021-09-21_14-36-27_UTC_5.jpg,CUFlaOksc8x,abaerbock
abaerbock/2021-09-23_16-08-18_UTC.jpg,CUK5cWSrsHP,abaerbock
abaerbock/2021-09-21_14-36-27_UTC_9.jpg,CUFlaOksc8x,abaerbock
abaerbock/2021-09-17_19-48-04_UTC_5.jpg,CT715IGMLrT,abaerbock
abaerbock/2021-09-22_19-23-29_UTC_4.jpg,CUIrDXKM7zM,abaerbock
abaerbock/2021-09-21_14-36-27_UTC_4.jpg,CUFlaOksc8x,abaerbock
abaerbock/2021-09-15_13-20-23_UTC_4.jpg,CT1_75VsaBU,abaerbock
abaerbock/2021-09-17_19-48-04_UTC_6.jpg,CT715IGMLrT,abaerbock
abaerbock/2021-09-15_13-20-23_UTC_6.jpg,CT1_75VsaBU,abaerbock
abaerbock/2021-09-15_13-20-23_UTC_5.jpg,CT1_75VsaBU,abaerbock
abaerbock/2021-09-19_15-10-45_UTC_3.jpg,CUAfvw9KKO6,abaerbock
abaerbock/2021-09-21_14-36-27_UTC_8.jpg,CUFlaOksc8x,abaerbock
abaerbock/2021-09-24_11-50-01_UTC_2.jpg,CUNAv4mMBMz,abaerbock
abaerbock/2021-09-25_15-05-02_UTC_3.jpg,CUP73Dds0Ry,abaerbock
abaerbock/2021-09-17_19-48-04_UTC_3.jpg,CT715IGMLrT,abaerbock
abaerbock/2021-09-15_13-20-23_UTC_1.jpg,CT1_75VsaBU,abaerbock
abaerbock/2021-09-14_10-00-20_UTC_6.jpg,CTzEP1Zs4Iw,abaerbock
abaerbock/2021-09-24_11-50-01_UTC_3.jpg,CUNAv4mMBMz,abaerbock
abaerbock/2021-09-22_13-32-14_UTC_2.jpg,CUIC2ynMsY6,abaerbock
abaerbock/2021-09-19_15-10-45_UTC_4.jpg,CUAfvw9KKO6,abaerbock
abaerbock/2021-09-14_10-00-20_UTC_5.jpg,CTzEP1Zs4Iw,abaerbock
abaerbock/2021-09-24_17-49-01_UTC_2.jpg,CUNp1TbsIKw,abaerbock
abaerbock/2021-09-15_13-20-23_UTC_2.jpg,CT1_75VsaBU,abaerbock
abaerbock/2021-09-13_19-36-55_UTC_4.jpg,CTxhb8gMLqn,abaerbock
abaerbock/2021-09-17_19-48-04_UTC_2.jpg,CT715IGMLrT,abaerbock
abaerbock/2021-09-20_13-46-23_UTC_1.jpg,CUC64sgsiJa,abaerbock
abaerbock/2021-09-17_19-48-04_UTC_4.jpg,CT715IGMLrT,abaerbock
abaerbock/2021-09-20_18-22-45_UTC_3.jpg,CUDag4tsRgm,abaerbock
abaerbock/2021-09-14_10-00-20_UTC_4.jpg,CTzEP1Zs4Iw,abaerbock
abaerbock/2021-09-20_18-22-45_UTC_4.jpg,CUDag4tsRgm,abaerbock
abaerbock/2021-09-23_19-16-58_UTC_5.jpg,CULPGiCsfCL,abaerbock
abaerbock/2021-09-23_19-16-58_UTC_6.jpg,CULPGiCsfCL,abaerbock
abaerbock/2021-09-19_15-10-45_UTC_2.jpg,CUAfvw9KKO6,abaerbock
abaerbock/2021-09-23_14-42-45_UTC.jpg,CUKvsnFLMJB,abaerbock
abaerbock/2021-09-20_13-46-23_UTC_3.jpg,CUC64sgsiJa,abaerbock
abaerbock/2021-09-22_13-32-14_UTC_1.jpg,CUIC2ynMsY6,abaerbock
abaerbock/2021-09-15_13-20-23_UTC_3.jpg,CT1_75VsaBU,abaerbock
abaerbock/2021-09-25_15-05-02_UTC_1.jpg,CUP73Dds0Ry,abaerbock
abaerbock/2021-09-15_13-20-23_UTC_7.jpg,CT1_75VsaBU,abaerbock
abaerbock/2021-09-21_14-36-27_UTC_1.jpg,CUFlaOksc8x,abaerbock
abaerbock/2021-09-20_18-22-45_UTC_1.jpg,CUDag4tsRgm,abaerbock
abaerbock/2021-09-20_18-22-45_UTC_2.jpg,CUDag4tsRgm,abaerbock
abaerbock/2021-09-24_11-50-01_UTC_1.jpg,CUNAv4mMBMz,abaerbock
abaerbock/2021-09-14_10-00-20_UTC_2.jpg,CTzEP1Zs4Iw,abaerbock
abaerbock/2021-09-17_19-48-04_UTC_1.jpg,CT715IGMLrT,abaerbock
abaerbock/2021-09-17_12-51-57_UTC.jpg,CT7GNtRrmB6,abaerbock
abaerbock/2021-09-23_19-16-58_UTC_2.jpg,CULPGiCsfCL,abaerbock
abaerbock/2021-09-24_17-49-01_UTC_4.jpg,CUNp1TbsIKw,abaerbock
abaerbock/2021-09-25_15-05-02_UTC_2.jpg,CUP73Dds0Ry,abaerbock
abaerbock/2021-09-20_13-46-23_UTC_2.jpg,CUC64sgsiJa,abaerbock
abaerbock/2021-09-25_15-05-02_UTC_4.jpg,CUP73Dds0Ry,abaerbock
abaerbock/2021-09-24_17-49-01_UTC_1.jpg,CUNp1TbsIKw,abaerbock
abaerbock/2021-09-23_19-16-58_UTC_1.jpg,CULPGiCsfCL,abaerbock
abaerbock/2021-09-13_19-36-55_UTC_3.jpg,CTxhb8gMLqn,abaerbock
abaerbock/2021-09-17_19-48-04_UTC_7.jpg,CT715IGMLrT,abaerbock
abaerbock/2021-09-20_18-22-45_UTC_5.jpg,CUDag4tsRgm,abaerbock
abaerbock/2021-09-23_19-16-58_UTC_4.jpg,CULPGiCsfCL,abaerbock
abaerbock/2021-09-20_18-22-45_UTC_7.jpg,CUDag4tsRgm,abaerbock
abaerbock/2021-09-25_15-05-02_UTC_6.jpg,CUP73Dds0Ry,abaerbock
abaerbock/2021-09-22_19-23-29_UTC_2.jpg,CUIrDXKM7zM,abaerbock
abaerbock/2021-09-14_15-44-32_UTC.jpg,CTzrmLCqsJF,abaerbock
abaerbock/2021-09-19_15-10-45_UTC_1.jpg,CUAfvw9KKO6,abaerbock
abaerbock/2021-09-22_19-23-29_UTC_1.jpg,CUIrDXKM7zM,abaerbock
abaerbock/2021-09-15_13-20-23_UTC_8.jpg,CT1_75VsaBU,abaerbock
olafscholz/2021-09-15_11-18-08_UTC.jpg,CT1xvITjBl1,olafscholz
olafscholz/2021-09-24_11-51-14_UTC_1.jpg,CUNA41IMYES,olafscholz
olafscholz/2021-09-13_07-45-59_UTC.jpg,CTwQCUnKj5R,olafscholz
olafscholz/2021-09-14_10-23-23_UTC_1.jpg,CTzG4oqsEgx,olafscholz
olafscholz/2021-09-17_10-42-46_UTC_2.jpg,CT63fJmqb_M,olafscholz
olafscholz/2021-09-20_11-29-19_UTC.jpg,CUCrMw4Mivy,olafscholz
olafscholz/2021-09-16_19-01-33_UTC_2.jpg,CT5Lxe2sRdK,olafscholz
olafscholz/2021-09-21_20-52-10_UTC.jpg,CUGQaIqMvys,olafscholz
olafscholz/2021-09-18_16-51-02_UTC.jpg,CT-GZQhKgMc,olafscholz
olafscholz/2021-09-18_20-26-35_UTC_4.jpg,CT-fGBoMbhN,olafscholz
olafscholz/2021-09-20_14-48-22_UTC.jpg,CUDB3uaDQc2,olafscholz
olafscholz/2021-09-23_14-27-32_UTC.jpg,CUKt-tRMWXj,olafscholz
olafscholz/2021-09-18_20-26-35_UTC_3.jpg,CT-fGBoMbhN,olafscholz
olafscholz/2021-09-21_11-26-43_UTC_1.jpg,CUFPsmcMgNw,olafscholz
olafscholz/2021-09-16_19-01-33_UTC_3.jpg,CT5Lxe2sRdK,olafscholz
olafscholz/2021-09-18_12-22-03_UTC_2.jpg,CT9npNgsaPa,olafscholz
olafscholz/2021-09-14_20-32-47_UTC.jpg,CT0Mn8isDRV,olafscholz
olafscholz/2021-09-19_12-46-17_UTC.jpg,CUAPNq8MeFe,olafscholz
olafscholz/2021-09-25_09-36-17_UTC.jpg,CUPWPRiM_Ea,olafscholz
olafscholz/2021-09-14_10-23-23_UTC_3.jpg,CTzG4oqsEgx,olafscholz
olafscholz/2021-09-15_16-06-34_UTC.jpg,CT2S5IMjhHo,olafscholz
olafscholz/2021-09-14_15-18-17_UTC.jpg,CTzoj9KD3uk,olafscholz
olafscholz/2021-09-20_18-06-50_UTC_3.jpg,CUDYsP4MJVN,olafscholz
olafscholz/2021-09-23_16-02-21_UTC.jpg,CUK4wcGDJvx,olafscholz
olafscholz/2021-09-13_17-19-29_UTC.jpg,CTxRtTJNn7q,olafscholz
olafscholz/2021-09-22_16-01-08_UTC.jpg,CUIT5Ujsh3i,olafscholz
olafscholz/2021-09-18_12-22-03_UTC_1.jpg,CT9npNgsaPa,olafscholz
olafscholz/2021-09-22_20-57-22_UTC_1.jpg,CUI1y_QsxjZ,olafscholz
olafscholz/2021-09-12_06-04-39_UTC.jpg,CTtfFpHjssI,olafscholz
olafscholz/2021-09-16_15-57-44_UTC.jpg,CT42vOWsRMP,olafscholz
olafscholz/2021-09-25_06-30-26_UTC.jpg,CUPA-ACK6MW,olafscholz
olafscholz/2021-09-17_19-18-27_UTC.jpg,CT7ygNfMUVr,olafscholz
olafscholz/2021-09-20_18-06-50_UTC_4.jpg,CUDYsP4MJVN,olafscholz
olafscholz/2021-09-23_20-32-15_UTC.jpg,CULXt7Fs41u,olafscholz
olafscholz/2021-09-23_08-10-17_UTC.jpg,CUKCzo1sIex,olafscholz
olafscholz/2021-09-24_11-51-14_UTC_2.jpg,CUNA41IMYES,olafscholz
olafscholz/2021-09-17_10-42-46_UTC_1.jpg,CT63fJmqb_M,olafscholz
olafscholz/2021-09-20_18-06-50_UTC_1.jpg,CUDYsP4MJVN,olafscholz
olafscholz/2021-09-24_19-32-36_UTC.jpg,CUN1gAPjCtz,olafscholz
olafscholz/2021-09-18_20-26-35_UTC_2.jpg,CT-fGBoMbhN,olafscholz
olafscholz/2021-09-24_17-07-55_UTC.jpg,CUNlIMssQLw,olafscholz
olafscholz/2021-09-19_06-31-01_UTC.jpg,CT_kOxRKA-J,olafscholz
olafscholz/2021-09-16_19-01-33_UTC_1.jpg,CT5Lxe2sRdK,olafscholz
olafscholz/2021-09-25_16-17-50_UTC.jpg,CUQEGtODdYC,olafscholz
olafscholz/2021-09-20_18-06-50_UTC_2.jpg,CUDYsP4MJVN,olafscholz
olafscholz/2021-09-14_10-23-23_UTC_2.jpg,CTzG4oqsEgx,olafscholz
olafscholz/2021-09-22_12-20-14_UTC.jpg,CUH6kOnqm7d,olafscholz
olafscholz/2021-09-18_20-26-35_UTC_1.jpg,CT-fGBoMbhN,olafscholz
olafscholz/2021-09-18_11-33-33_UTC.jpg,CT9iEKtqWZJ,olafscholz
olafscholz/2021-09-22_20-57-22_UTC_2.jpg,CUI1y_QsxjZ,olafscholz
olafscholz/2021-09-18_20-26-35_UTC_5.jpg,CT-fGBoMbhN,olafscholz
olafscholz/2021-09-25_11-22-24_UTC.jpg,CUPiYcTMwxW,olafscholz
olafscholz/2021-09-15_13-26-59_UTC.jpg,CT2AsQXKB2N,olafscholz
olafscholz/2021-09-18_12-22-03_UTC_3.jpg,CT9npNgsaPa,olafscholz
olafscholz/2021-09-21_11-26-43_UTC_2.jpg,CUFPsmcMgNw,olafscholz
olafscholz/2021-09-16_08-20-47_UTC.jpg,CT4CcXpsbEU,olafscholz
olafscholz/2021-09-21_13-38-38_UTC.jpg,CUFequVDhUP,olafscholz
christlichsozialeunion/2021-09-17_18-25-15_UTC_3.jpg,CT7sagWKOu0,christlichsozialeunion
christlichsozialeunion/2021-09-17_10-10-52_UTC.jpg,CT6z1nXqHkr,christlichsozialeunion
christlichsozialeunion/2021-09-23_11-59-27_UTC.jpg,CUKdCGwK1c9,christlichsozialeunion
christlichsozialeunion/2021-09-16_09-33-33_UTC.jpg,CT4Krdtq9Xr,christlichsozialeunion
christlichsozialeunion/2021-09-25_16-41-07_UTC.jpg,CUQGwawKIl1,christlichsozialeunion
christlichsozialeunion/2021-09-18_15-00-49_UTC.jpg,CT950EPKYqi,christlichsozialeunion
christlichsozialeunion/2021-09-17_18-25-15_UTC_4.jpg,CT7sagWKOu0,christlichsozialeunion
christlichsozialeunion/2021-09-24_18-34-35_UTC.jpg,CUNu8OAq4b8,christlichsozialeunion
christlichsozialeunion/2021-09-17_18-25-15_UTC_2.jpg,CT7sagWKOu0,christlichsozialeunion
christlichsozialeunion/2021-09-22_09-42-25_UTC.jpg,CUHojj7KQLs,christlichsozialeunion
christlichsozialeunion/2021-09-21_09-38-46_UTC.jpg,CUFDV9pKfCc,christlichsozialeunion
christlichsozialeunion/2021-09-20_13-23-24_UTC_10.jpg,CUC4QXZtVlQ,christlichsozialeunion
christlichsozialeunion/2021-09-13_14-15-00_UTC_4.jpg,CTw8mJpK1K8,christlichsozialeunion
christlichsozialeunion/2021-09-13_14-15-00_UTC_5.jpg,CTw8mJpK1K8,christlichsozialeunion
christlichsozialeunion/2021-09-15_13-39-09_UTC.jpg,CT2CFSFqyu1,christlichsozialeunion
christlichsozialeunion/2021-09-20_13-23-24_UTC_2.jpg,CUC4QXZtVlQ,christlichsozialeunion
christlichsozialeunion/2021-09-17_15-29-38_UTC_6.jpg,CT7YUSVKNoE,christlichsozialeunion
christlichsozialeunion/2021-09-15_19-36-35_UTC_8.jpg,CT2q_PgKh0_,christlichsozialeunion
christlichsozialeunion/2021-09-19_10-53-20_UTC_2.jpg,CUACSSUqur2,christlichsozialeunion
christlichsozialeunion/2021-09-13_08-42-14_UTC_5.jpg,CTwWg1SqXGN,christlichsozialeunion
christlichsozialeunion/2021-09-22_14-02-34_UTC.jpg,CUIGU-0qSZ5,christlichsozialeunion
christlichsozialeunion/2021-09-14_14-40-43_UTC_4.jpg,CTzkVXtqgZf,christlichsozialeunion
christlichsozialeunion/2021-09-24_17-47-19_UTC_1.jpg,CUNpoxGKYfZ,christlichsozialeunion
christlichsozialeunion/2021-09-20_12-34-16_UTC.jpg,CUCyockK3ta,christlichsozialeunion
christlichsozialeunion/2021-09-24_17-47-19_UTC_3.jpg,CUNpoxGKYfZ,christlichsozialeunion
christlichsozialeunion/2021-09-13_08-42-14_UTC_3.jpg,CTwWg1SqXGN,christlichsozialeunion
christlichsozialeunion/2021-09-19_10-53-20_UTC_1.jpg,CUACSSUqur2,christlichsozialeunion
christlichsozialeunion/2021-09-15_19-42-53_UTC.jpg,CT2rplhqean,christlichsozialeunion
christlichsozialeunion/2021-09-17_18-25-15_UTC_9.jpg,CT7sagWKOu0,christlichsozialeunion
christlichsozialeunion/2021-09-15_19-36-35_UTC_5.jpg,CT2q_PgKh0_,christlichsozialeunion
christlichsozialeunion/2021-09-24_09-20-50_UTC.jpg,CUMvrMHqRuO,christlichsozialeunion
christlichsozialeunion/2021-09-17_18-25-15_UTC_8.jpg,CT7sagWKOu0,christlichsozialeunion
christlichsozialeunion/2021-09-20_13-23-24_UTC_5.jpg,CUC4QXZtVlQ,christlichsozialeunion
christlichsozialeunion/2021-09-20_13-23-24_UTC_9.jpg,CUC4QXZtVlQ,christlichsozialeunion
christlichsozialeunion/2021-09-20_13-23-24_UTC_4.jpg,CUC4QXZtVlQ,christlichsozialeunion
christlichsozialeunion/2021-09-25_08-48-35_UTC.jpg,CUPQx6WKifJ,christlichsozialeunion
christlichsozialeunion/2021-09-19_10-53-20_UTC_3.jpg,CUACSSUqur2,christlichsozialeunion
christlichsozialeunion/2021-09-21_08-46-18_UTC.jpg,CUE9VvEqM2b,christlichsozialeunion
christlichsozialeunion/2021-09-20_14-29-16_UTC.jpg,CUC_ywUKbER,christlichsozialeunion
christlichsozialeunion/2021-09-17_18-25-15_UTC_7.jpg,CT7sagWKOu0,christlichsozialeunion
christlichsozialeunion/2021-09-21_14-24-51_UTC.jpg,CUFkFVvq3DT,christlichsozialeunion
christlichsozialeunion/2021-09-25_10-00-26_UTC.jpg,CUPZAMbq2TL,christlichsozialeunion
christlichsozialeunion/2021-09-22_11-55-11_UTC.jpg,CUH3v87qmW7,christlichsozialeunion
christlichsozialeunion/2021-09-25_13-00-30_UTC.jpg,CUPtm99qqd_,christlichsozialeunion
christlichsozialeunion/2021-09-13_19-20-03_UTC.jpg,CTxfem2KjVN,christlichsozialeunion
christlichsozialeunion/2021-09-19_10-53-20_UTC_4.jpg,CUACSSUqur2,christlichsozialeunion
christlichsozialeunion/2021-09-20_13-23-24_UTC_1.jpg,CUC4QXZtVlQ,christlichsozialeunion
christlichsozialeunion/2021-09-13_08-42-14_UTC_4.jpg,CTwWg1SqXGN,christlichsozialeunion
christlichsozialeunion/2021-09-15_13-08-15_UTC.jpg,CT1-g5xqqfq,christlichsozialeunion
christlichsozialeunion/2021-09-13_14-15-00_UTC_6.jpg,CTw8mJpK1K8,christlichsozialeunion
christlichsozialeunion/2021-09-14_14-40-43_UTC_1.jpg,CTzkVXtqgZf,christlichsozialeunion
christlichsozialeunion/2021-09-14_08-39-39_UTC.jpg,CTy7A1GKyrW,christlichsozialeunion
christlichsozialeunion/2021-09-15_19-36-35_UTC_4.jpg,CT2q_PgKh0_,christlichsozialeunion
christlichsozialeunion/2021-09-16_08-41-54_UTC_2.jpg,CT4E3BYK6Uc,christlichsozialeunion
christlichsozialeunion/2021-09-13_08-42-14_UTC_6.jpg,CTwWg1SqXGN,christlichsozialeunion
christlichsozialeunion/2021-09-21_12-15-31_UTC.jpg,CUFVSCmqCdN,christlichsozialeunion
christlichsozialeunion/2021-09-24_17-47-19_UTC_8.jpg,CUNpoxGKYfZ,christlichsozialeunion
christlichsozialeunion/2021-09-24_17-47-19_UTC_6.jpg,CUNpoxGKYfZ,christlichsozialeunion
christlichsozialeunion/2021-09-13_18-18-09_UTC.jpg,CTxYbAgqzbR,christlichsozialeunion
christlichsozialeunion/2021-09-18_06-30-49_UTC.jpg,CT8_cwFKAVC,christlichsozialeunion
christlichsozialeunion/2021-09-23_08-08-46_UTC.jpg,CUKCoifqD9l,christlichsozialeunion
christlichsozialeunion/2021-09-14_17-16-49_UTC.jpg,CTz2JZ7KFoV,christlichsozialeunion
christlichsozialeunion/2021-09-22_14-30-51_UTC.jpg,CUIJkD_qxxd,christlichsozialeunion
christlichsozialeunion/2021-09-25_12-49-31_UTC.jpg,CUPsWk0qRzG,christlichsozialeunion
christlichsozialeunion/2021-09-14_05-30-12_UTC.jpg,CTylVPXqy8q,christlichsozialeunion
christlichsozialeunion/2021-09-19_10-53-20_UTC_7.jpg,CUACSSUqur2,christlichsozialeunion
christlichsozialeunion/2021-09-15_19-36-35_UTC_1.jpg,CT2q_PgKh0_,christlichsozialeunion
christlichsozialeunion/2021-09-15_19-36-35_UTC_6.jpg,CT2q_PgKh0_,christlichsozialeunion
christlichsozialeunion/2021-09-17_18-25-15_UTC_5.jpg,CT7sagWKOu0,christlichsozialeunion
christlichsozialeunion/2021-09-17_13-41-38_UTC.jpg,CT7L9NaqwdQ,christlichsozialeunion
christlichsozialeunion/2021-09-24_17-47-19_UTC_4.jpg,CUNpoxGKYfZ,christlichsozialeunion
christlichsozialeunion/2021-09-14_09-37-37_UTC.jpg,CTzBpaOKV8V,christlichsozialeunion
christlichsozialeunion/2021-09-23_18-58-34_UTC.jpg,CULM_vnqkPa,christlichsozialeunion
christlichsozialeunion/2021-09-13_14-15-00_UTC_1.jpg,CTw8mJpK1K8,christlichsozialeunion
christlichsozialeunion/2021-09-17_15-29-38_UTC_1.jpg,CT7YUSVKNoE,christlichsozialeunion
christlichsozialeunion/2021-09-17_15-29-38_UTC_3.jpg,CT7YUSVKNoE,christlichsozialeunion
christlichsozialeunion/2021-09-14_17-51-04_UTC.jpg,CTz6HiIqSht,christlichsozialeunion
christlichsozialeunion/2021-09-15_19-36-35_UTC_2.jpg,CT2q_PgKh0_,christlichsozialeunion
christlichsozialeunion/2021-09-21_14-16-48_UTC.jpg,CUFjGZPKdxT,christlichsozialeunion
christlichsozialeunion/2021-09-21_07-52-26_UTC.jpg,CUE2nI5qAmU,christlichsozialeunion
christlichsozialeunion/2021-09-16_06-30-34_UTC.jpg,CT311ISKIR8,christlichsozialeunion
christlichsozialeunion/2021-09-20_13-23-24_UTC_7.jpg,CUC4QXZtVlQ,christlichsozialeunion
christlichsozialeunion/2021-09-13_14-15-00_UTC_3.jpg,CTw8mJpK1K8,christlichsozialeunion
christlichsozialeunion/2021-09-21_17-00-51_UTC.jpg,CUF170aqcZV,christlichsozialeunion
christlichsozialeunion/2021-09-17_15-29-38_UTC_5.jpg,CT7YUSVKNoE,christlichsozialeunion
christlichsozialeunion/2021-09-13_12-49-30_UTC.jpg,CTwyxiAqEGL,christlichsozialeunion
christlichsozialeunion/2021-09-24_18-00-48_UTC.jpg,CUNrLlXqGHA,christlichsozialeunion
christlichsozialeunion/2021-09-19_14-08-09_UTC.jpg,CUAYcfqKODP,christlichsozialeunion
christlichsozialeunion/2021-09-22_05-30-15_UTC.jpg,CUHLsoHqJa2,christlichsozialeunion
christlichsozialeunion/2021-09-15_13-00-22_UTC.jpg,CT19pSEKHmS,christlichsozialeunion
christlichsozialeunion/2021-09-23_14-31-51_UTC.jpg,CUKueVvq4C-,christlichsozialeunion
christlichsozialeunion/2021-09-17_18-25-15_UTC_6.jpg,CT7sagWKOu0,christlichsozialeunion
christlichsozialeunion/2021-09-16_14-55-24_UTC.jpg,CT4vmuKq9O7,christlichsozialeunion
christlichsozialeunion/2021-09-20_13-23-24_UTC_6.jpg,CUC4QXZtVlQ,christlichsozialeunion
christlichsozialeunion/2021-09-17_07-28-12_UTC.jpg,CT6hOJdNMq5,christlichsozialeunion
christlichsozialeunion/2021-09-24_17-47-19_UTC_5.jpg,CUNpoxGKYfZ,christlichsozialeunion
christlichsozialeunion/2021-09-19_06-23-23_UTC.jpg,CT_jZKrKDp2,christlichsozialeunion
christlichsozialeunion/2021-09-17_18-25-15_UTC_1.jpg,CT7sagWKOu0,christlichsozialeunion
christlichsozialeunion/2021-09-15_19-36-35_UTC_3.jpg,CT2q_PgKh0_,christlichsozialeunion
christlichsozialeunion/2021-09-20_10-45-27_UTC.jpg,CUCmLgyqpsN,christlichsozialeunion
christlichsozialeunion/2021-09-17_15-29-38_UTC_4.jpg,CT7YUSVKNoE,christlichsozialeunion
christlichsozialeunion/2021-09-17_15-29-38_UTC_2.jpg,CT7YUSVKNoE,christlichsozialeunion
christlichsozialeunion/2021-09-12_19-59-34_UTC.jpg,CTu_O_TKPkH,christlichsozialeunion
christlichsozialeunion/2021-09-23_09-34-03_UTC.jpg,CUKMXAmKm13,christlichsozialeunion
christlichsozialeunion/2021-09-12_18-35-16_UTC.jpg,CTu1lkVKdtG,christlichsozialeunion
christlichsozialeunion/2021-09-23_19-34-53_UTC.jpg,CULREv0KIBT,christlichsozialeunion
christlichsozialeunion/2021-09-21_06-00-11_UTC.jpg,CUEqU9JKuPD,christlichsozialeunion
christlichsozialeunion/2021-09-16_11-10-41_UTC.jpg,CT4V40kqbrm,christlichsozialeunion
christlichsozialeunion/2021-09-15_12-10-02_UTC.jpg,CT134lYqxEA,christlichsozialeunion
christlichsozialeunion/2021-09-25_18-00-09_UTC.jpg,CUQP5tEqRml,christlichsozialeunion
christlichsozialeunion/2021-09-16_08-41-54_UTC_1.jpg,CT4E3BYK6Uc,christlichsozialeunion
christlichsozialeunion/2021-09-24_17-52-49_UTC.jpg,CUNqEt4q4pi,christlichsozialeunion
christlichsozialeunion/2021-09-14_14-40-43_UTC_2.jpg,CTzkVXtqgZf,christlichsozialeunion
christlichsozialeunion/2021-09-13_14-15-00_UTC_2.jpg,CTw8mJpK1K8,christlichsozialeunion
christlichsozialeunion/2021-09-19_10-53-20_UTC_5.jpg,CUACSSUqur2,christlichsozialeunion
christlichsozialeunion/2021-09-20_13-23-24_UTC_3.jpg,CUC4QXZtVlQ,christlichsozialeunion
christlichsozialeunion/2021-09-13_08-42-14_UTC_1.jpg,CTwWg1SqXGN,christlichsozialeunion
christlichsozialeunion/2021-09-20_15-40-17_UTC.jpg,CUDH624K7op,christlichsozialeunion
christlichsozialeunion/2021-09-17_18-58-42_UTC.jpg,CT7vuR6IBmM,christlichsozialeunion
christlichsozialeunion/2021-09-25_08-46-27_UTC.jpg,CUPQdsTqJ7V,christlichsozialeunion
christlichsozialeunion/2021-09-21_17-12-07_UTC.jpg,CUF3JYfqlba,christlichsozialeunion
christlichsozialeunion/2021-09-15_19-36-35_UTC_7.jpg,CT2q_PgKh0_,christlichsozialeunion
christlichsozialeunion/2021-09-20_16-45-17_UTC.jpg,CUDPW_FKSDu,christlichsozialeunion
christlichsozialeunion/2021-09-16_14-58-25_UTC.jpg,CT4v8w_qIbI,christlichsozialeunion
christlichsozialeunion/2021-09-22_08-45-54_UTC.jpg,CUHiCLRKasX,christlichsozialeunion
christlichsozialeunion/2021-09-13_17-54-43_UTC.jpg,CTxVvbYqZb5,christlichsozialeunion
christlichsozialeunion/2021-09-14_14-40-43_UTC_3.jpg,CTzkVXtqgZf,christlichsozialeunion
christlichsozialeunion/2021-09-23_09-58-30_UTC.jpg,CUKPMSnKEmQ,christlichsozialeunion
christlichsozialeunion/2021-09-20_13-23-24_UTC_8.jpg,CUC4QXZtVlQ,christlichsozialeunion
christlichsozialeunion/2021-09-14_13-42-34_UTC.jpg,CTzdrdCKY82,christlichsozialeunion
christlichsozialeunion/2021-09-19_10-53-20_UTC_6.jpg,CUACSSUqur2,christlichsozialeunion
christlichsozialeunion/2021-09-18_14-18-16_UTC.jpg,CT908fNKVIn,christlichsozialeunion
christlichsozialeunion/2021-09-13_08-42-14_UTC_2.jpg,CTwWg1SqXGN,christlichsozialeunion
christlichsozialeunion/2021-09-24_17-47-19_UTC_2.jpg,CUNpoxGKYfZ,christlichsozialeunion
christlichsozialeunion/2021-09-24_17-47-19_UTC_7.jpg,CUNpoxGKYfZ,christlichsozialeunion
christlichsozialeunion/2021-09-15_19-36-35_UTC_9.jpg,CT2q_PgKh0_,christlichsozialeunion
christlichsozialeunion/2021-09-17_18-25-15_UTC_10.jpg,CT7sagWKOu0,christlichsozialeunion
christlichsozialeunion/2021-09-23_19-47-08_UTC.jpg,CULSjeuN5ki,christlichsozialeunion
markus.soeder/2021-09-14_06-13-54_UTC.jpg,CTyqVYnow66,markus.soeder
markus.soeder/2021-09-14_07-32-45_UTC_3.jpg,CTyzWzBoPGq,markus.soeder
markus.soeder/2021-09-14_07-32-45_UTC_2.jpg,CTyzWzBoPGq,markus.soeder
markus.soeder/2021-09-24_18-00-27_UTC_2.jpg,CUNrJAlKbAH,markus.soeder
markus.soeder/2021-09-15_14-55-59_UTC_3.jpg,CT2K4GAouNr,markus.soeder
markus.soeder/2021-09-14_05-00-05_UTC.jpg,CTyh4qtKjfU,markus.soeder
markus.soeder/2021-09-17_11-05-37_UTC_1.jpg,CT66GnPo0Mc,markus.soeder
markus.soeder/2021-09-22_13-27-13_UTC.jpg,CUICSAHI0W1,markus.soeder
markus.soeder/2021-09-14_10-15-28_UTC.jpg,CTzF-qiKoxV,markus.soeder
markus.soeder/2021-09-18_10-05-35_UTC_3.jpg,CT9YByJKfi1,markus.soeder
markus.soeder/2021-09-16_10-22-44_UTC_2.jpg,CT4QZkYozZ0,markus.soeder
markus.soeder/2021-09-20_11-09-29_UTC_1.jpg,CUCo7eFImrV,markus.soeder
markus.soeder/2021-09-24_10-51-37_UTC_1.jpg,CUM6ELPI-7v,markus.soeder
markus.soeder/2021-09-15_14-55-59_UTC_1.jpg,CT2K4GAouNr,markus.soeder
markus.soeder/2021-09-24_15-24-01_UTC.jpg,CUNZPTWIddx,markus.soeder
markus.soeder/2021-09-24_09-12-12_UTC.jpg,CUMur_KKa3g,markus.soeder
markus.soeder/2021-09-24_17-11-37_UTC.jpg,CUNljUrqfS2,markus.soeder
markus.soeder/2021-09-17_11-05-37_UTC_2.jpg,CT66GnPo0Mc,markus.soeder
markus.soeder/2021-09-16_05-00-17_UTC.jpg,CT3rf96Kh1H,markus.soeder
markus.soeder/2021-09-21_13-39-35_UTC.jpg,CUFe5yKIjql,markus.soeder
markus.soeder/2021-09-24_17-27-15_UTC.jpg,CUNnV1Iqh-B,markus.soeder
markus.soeder/2021-09-23_13-00-42_UTC.jpg,CUKkCs3IaU7,markus.soeder
markus.soeder/2021-09-15_06-30-30_UTC.jpg,CT1RBxdqAG0,markus.soeder
markus.soeder/2021-09-17_11-45-11_UTC_2.jpg,CT6-oVRIT-y,markus.soeder
markus.soeder/2021-09-13_14-47-26_UTC_1.jpg,CTxATtmoEFp,markus.soeder
markus.soeder/2021-09-22_15-01-58_UTC.jpg,CUIM87DII5y,markus.soeder
markus.soeder/2021-09-17_13-31-31_UTC.jpg,CT7KsEnoh4j,markus.soeder
markus.soeder/2021-09-24_06-15-09_UTC.jpg,CUMaYCYIotm,markus.soeder
markus.soeder/2021-09-14_07-32-45_UTC_1.jpg,CTyzWzBoPGq,markus.soeder
markus.soeder/2021-09-16_15-50-02_UTC_4.jpg,CT412xno-qP,markus.soeder
markus.soeder/2021-09-15_15-55-29_UTC_3.jpg,CT2Rr0tIlxm,markus.soeder
markus.soeder/2021-09-14_09-31-19_UTC.jpg,CTzA7OHosLT,markus.soeder
markus.soeder/2021-09-24_17-43-58_UTC.jpg,CUNpQQRqUEE,markus.soeder
markus.soeder/2021-09-23_05-30-49_UTC.jpg,CUJwjtBKKqF,markus.soeder
markus.soeder/2021-09-16_15-50-02_UTC_3.jpg,CT412xno-qP,markus.soeder
markus.soeder/2021-09-22_05-00-10_UTC.jpg,CUHIQQJKmCo,markus.soeder
markus.soeder/2021-09-17_11-45-11_UTC_1.jpg,CT6-oVRIT-y,markus.soeder
markus.soeder/2021-09-21_14-32-44_UTC.jpg,CUFk-_CoOjh,markus.soeder
markus.soeder/2021-09-15_05-00-53_UTC.jpg,CT1GxcGKJrl,markus.soeder
markus.soeder/2021-09-15_08-00-34_UTC.jpg,CT1bVdgq-Fe,markus.soeder
markus.soeder/2021-09-21_15-12-47_UTC.jpg,CUFpkWcqVDn,markus.soeder
markus.soeder/2021-09-18_10-05-35_UTC_2.jpg,CT9YByJKfi1,markus.soeder
markus.soeder/2021-09-24_18-00-27_UTC_1.jpg,CUNrJAlKbAH,markus.soeder
markus.soeder/2021-09-23_18-11-21_UTC.jpg,CULHmCGoAyu,markus.soeder
markus.soeder/2021-09-23_06-45-55_UTC.jpg,CUJ5JrFq_XU,markus.soeder
markus.soeder/2021-09-16_10-22-44_UTC_1.jpg,CT4QZkYozZ0,markus.soeder
markus.soeder/2021-09-15_06-04-52_UTC.jpg,CT1OGABoO6Q,markus.soeder
markus.soeder/2021-09-20_14-35-36_UTC.jpg,CUDAhLUKaUf,markus.soeder
markus.soeder/2021-09-18_10-05-35_UTC_1.jpg,CT9YByJKfi1,markus.soeder
markus.soeder/2021-09-20_11-09-29_UTC_2.jpg,CUCo7eFImrV,markus.soeder
markus.soeder/2021-09-16_16-00-56_UTC.jpg,CT43GpYqLAH,markus.soeder
markus.soeder/2021-09-17_11-05-37_UTC_3.jpg,CT66GnPo0Mc,markus.soeder
markus.soeder/2021-09-20_13-34-41_UTC.jpg,CUC5jClq5iR,markus.soeder
markus.soeder/2021-09-20_11-09-29_UTC_3.jpg,CUCo7eFImrV,markus.soeder
markus.soeder/2021-09-18_10-05-35_UTC_4.jpg,CT9YByJKfi1,markus.soeder
markus.soeder/2021-09-12_20-09-57_UTC.jpg,CTvAa80qhnv,markus.soeder
markus.soeder/2021-09-16_15-50-02_UTC_2.jpg,CT412xno-qP,markus.soeder
markus.soeder/2021-09-24_10-51-37_UTC_3.jpg,CUM6ELPI-7v,markus.soeder
markus.soeder/2021-09-16_15-50-02_UTC_1.jpg,CT412xno-qP,markus.soeder
markus.soeder/2021-09-24_05-24-04_UTC.jpg,CUMUc1fIX0u,markus.soeder
markus.soeder/2021-09-15_15-55-29_UTC_2.jpg,CT2Rr0tIlxm,markus.soeder
markus.soeder/2021-09-13_14-47-26_UTC_2.jpg,CTxATtmoEFp,markus.soeder
markus.soeder/2021-09-15_15-55-29_UTC_1.jpg,CT2Rr0tIlxm,markus.soeder
markus.soeder/2021-09-24_10-51-37_UTC_2.jpg,CUM6ELPI-7v,markus.soeder
markus.soeder/2021-09-15_14-55-59_UTC_2.jpg,CT2K4GAouNr,markus.soeder
markus.soeder/2021-09-16_10-22-44_UTC_3.jpg,CT4QZkYozZ0,markus.soeder
markus.soeder/2021-09-19_12-43-37_UTC.jpg,CUAO6EMqlk8,markus.soeder
