filename,Names,account_name,GPT Count,shortcode,username,user_id,party,type,Post Type
abaerbock/2021-09-13_14-02-02_UTC.jpg,Annalena Baerbock,abaerbock,1,CTw3GFIjJ9z,abaerbock,7012133944,B90DieGruenen,Person,Post
abaerbock/2021-09-13_19-36-55_UTC_1.jpg,Annalena Baerbock,abaerbock,2,CTxhb8gMLqn,abaerbock,7012133944,B90DieGruenen,Person,Post
abaerbock/2021-09-13_19-36-55_UTC_2.jpg,Annalena Baerbock,abaerbock,1,CTxhb8gMLqn,abaerbock,7012133944,B90DieGruenen,Person,Post
abaerbock/2021-09-13_19-36-55_UTC_3.jpg,Annalena Baerbock,abaerbock,2,CTxhb8gMLqn,abaerbock,7012133944,B90DieGruenen,Person,Post
abaerbock/2021-09-13_19-36-55_UTC_4.jpg,Annalena Baerbock,abaerbock,1,CTxhb8gMLqn,abaerbock,7012133944,B90DieGruenen,Person,Post
abaerbock/2021-09-14_10-00-20_UTC_1.jpg,None,abaerbock,,CTzEP1Zs4Iw,abaerbock,7012133944,B90DieGruenen,Person,Post
abaerbock/2021-09-14_10-00-20_UTC_3.jpg,Annalena Baerbock,abaerbock,3+,CTzEP1Zs4Iw,abaerbock,7012133944,B90DieGruenen,Person,Post
abaerbock/2021-09-14_10-00-20_UTC_4.jpg,None,abaerbock,,CTzEP1Zs4Iw,abaerbock,7012133944,B90DieGruenen,Person,Post
abaerbock/2021-09-14_10-00-20_UTC_5.jpg,Annalena Baerbock,abaerbock,1,CTzEP1Zs4Iw,abaerbock,7012133944,B90DieGruenen,Person,Post
abaerbock/2021-09-14_10-00-20_UTC_6.jpg,None,abaerbock,,CTzEP1Zs4Iw,abaerbock,7012133944,B90DieGruenen,Person,Post
abaerbock/2021-09-14_15-44-32_UTC.jpg,None,abaerbock,,CTzrmLCqsJF,abaerbock,7012133944,B90DieGruenen,Person,Post
abaerbock/2021-09-15_13-20-23_UTC_1.jpg,Annalena Baerbock,abaerbock,3+,CT1_75VsaBU,abaerbock,7012133944,B90DieGruenen,Person,Post
abaerbock/2021-09-15_13-20-23_UTC_2.jpg,Annalena Baerbock,abaerbock,1,CT1_75VsaBU,abaerbock,7012133944,B90DieGruenen,Person,Post
abaerbock/2021-09-15_13-20-23_UTC_3.jpg,Annalena Baerbock,abaerbock,1,CT1_75VsaBU,abaerbock,7012133944,B90DieGruenen,Person,Post
abaerbock/2021-09-15_13-20-23_UTC_4.jpg,None,abaerbock,,CT1_75VsaBU,abaerbock,7012133944,B90DieGruenen,Person,Post
abaerbock/2021-09-15_13-20-23_UTC_5.jpg,Annalena Baerbock,abaerbock,2,CT1_75VsaBU,abaerbock,7012133944,B90DieGruenen,Person,Post
abaerbock/2021-09-15_13-20-23_UTC_6.jpg,None,abaerbock,,CT1_75VsaBU,abaerbock,7012133944,B90DieGruenen,Person,Post
abaerbock/2021-09-15_13-20-23_UTC_8.jpg,None,abaerbock,,CT1_75VsaBU,abaerbock,7012133944,B90DieGruenen,Person,Post
abaerbock/2021-09-17_11-48-57_UTC.jpg,Annalena Baerbock,abaerbock,1,CT6-mMnjvKC,abaerbock,7012133944,B90DieGruenen,Person,Post
abaerbock/2021-09-17_12-51-57_UTC.jpg,Annalena Baerbock,abaerbock,2,CT7GNtRrmB6,abaerbock,7012133944,B90DieGruenen,Person,Post
abaerbock/2021-09-17_19-48-04_UTC_1.jpg,Annalena Baerbock,abaerbock,1,CT715IGMLrT,abaerbock,7012133944,B90DieGruenen,Person,Post
abaerbock/2021-09-17_19-48-04_UTC_2.jpg,None,abaerbock,,CT715IGMLrT,abaerbock,7012133944,B90DieGruenen,Person,Post
abaerbock/2021-09-17_19-48-04_UTC_3.jpg,None,abaerbock,,CT715IGMLrT,abaerbock,7012133944,B90DieGruenen,Person,Post
abaerbock/2021-09-17_19-48-04_UTC_4.jpg,Annalena Baerbock,abaerbock,1,CT715IGMLrT,abaerbock,7012133944,B90DieGruenen,Person,Post
abaerbock/2021-09-17_19-48-04_UTC_5.jpg,None,abaerbock,,CT715IGMLrT,abaerbock,7012133944,B90DieGruenen,Person,Post
abaerbock/2021-09-17_19-48-04_UTC_6.jpg,None,abaerbock,,CT715IGMLrT,abaerbock,7012133944,B90DieGruenen,Person,Post
abaerbock/2021-09-19_15-10-45_UTC_1.jpg,Annalena Baerbock,abaerbock,1,CUAfvw9KKO6,abaerbock,7012133944,B90DieGruenen,Person,Post
abaerbock/2021-09-19_15-10-45_UTC_2.jpg,Annalena Baerbock,abaerbock,3+,CUAfvw9KKO6,abaerbock,7012133944,B90DieGruenen,Person,Post
abaerbock/2021-09-19_15-10-45_UTC_3.jpg,Annalena Baerbock,abaerbock,2,CUAfvw9KKO6,abaerbock,7012133944,B90DieGruenen,Person,Post
abaerbock/2021-09-19_15-10-45_UTC_4.jpg,None,abaerbock,,CUAfvw9KKO6,abaerbock,7012133944,B90DieGruenen,Person,Post
abaerbock/2021-09-20_13-46-23_UTC_1.jpg,Annalena Baerbock,abaerbock,2,CUC64sgsiJa,abaerbock,7012133944,B90DieGruenen,Person,Post
abaerbock/2021-09-20_13-46-23_UTC_2.jpg,Annalena Baerbock,abaerbock,3+,CUC64sgsiJa,abaerbock,7012133944,B90DieGruenen,Person,Post
abaerbock/2021-09-20_13-46-23_UTC_3.jpg,Annalena Baerbock,abaerbock,2,CUC64sgsiJa,abaerbock,7012133944,B90DieGruenen,Person,Post
abaerbock/2021-09-20_16-36-45_UTC.jpg,Annalena Baerbock,abaerbock,1,CUDOS5ADuC2,abaerbock,7012133944,B90DieGruenen,Person,Post
abaerbock/2021-09-20_18-22-45_UTC_1.jpg,None,abaerbock,,CUDag4tsRgm,abaerbock,7012133944,B90DieGruenen,Person,Post
abaerbock/2021-09-20_18-22-45_UTC_2.jpg,Annalena Baerbock,abaerbock,2,CUDag4tsRgm,abaerbock,7012133944,B90DieGruenen,Person,Post
abaerbock/2021-09-20_18-22-45_UTC_3.jpg,None,abaerbock,,CUDag4tsRgm,abaerbock,7012133944,B90DieGruenen,Person,Post
abaerbock/2021-09-20_18-22-45_UTC_4.jpg,None,abaerbock,,CUDag4tsRgm,abaerbock,7012133944,B90DieGruenen,Person,Post
abaerbock/2021-09-20_18-22-45_UTC_5.jpg,None,abaerbock,,CUDag4tsRgm,abaerbock,7012133944,B90DieGruenen,Person,Post
abaerbock/2021-09-20_18-22-45_UTC_6.jpg,None,abaerbock,,CUDag4tsRgm,abaerbock,7012133944,B90DieGruenen,Person,Post
abaerbock/2021-09-20_18-22-45_UTC_7.jpg,Annalena Baerbock,abaerbock,1,CUDag4tsRgm,abaerbock,7012133944,B90DieGruenen,Person,Post
abaerbock/2021-09-21_08-58-26_UTC.jpg,Annalena Baerbock,abaerbock,3+,CUE-uhXszg0,abaerbock,7012133944,B90DieGruenen,Person,Post
abaerbock/2021-09-21_14-36-27_UTC_1.jpg,Annalena Baerbock,abaerbock,3+,CUFlaOksc8x,abaerbock,7012133944,B90DieGruenen,Person,Post
abaerbock/2021-09-21_14-36-27_UTC_2.jpg,None,abaerbock,,CUFlaOksc8x,abaerbock,7012133944,B90DieGruenen,Person,Post
abaerbock/2021-09-21_14-36-27_UTC_3.jpg,Annalena Baerbock,abaerbock,1,CUFlaOksc8x,abaerbock,7012133944,B90DieGruenen,Person,Post
abaerbock/2021-09-21_14-36-27_UTC_4.jpg,None,abaerbock,,CUFlaOksc8x,abaerbock,7012133944,B90DieGruenen,Person,Post
abaerbock/2021-09-21_14-36-27_UTC_5.jpg,None,abaerbock,,CUFlaOksc8x,abaerbock,7012133944,B90DieGruenen,Person,Post
abaerbock/2021-09-21_14-36-27_UTC_6.jpg,None,abaerbock,,CUFlaOksc8x,abaerbock,7012133944,B90DieGruenen,Person,Post
abaerbock/2021-09-21_14-36-27_UTC_7.jpg,None,abaerbock,,CUFlaOksc8x,abaerbock,7012133944,B90DieGruenen,Person,Post
abaerbock/2021-09-21_14-36-27_UTC_8.jpg,Annalena Baerbock,abaerbock,1,CUFlaOksc8x,abaerbock,7012133944,B90DieGruenen,Person,Post
abaerbock/2021-09-22_13-32-14_UTC_1.jpg,Annalena Baerbock,abaerbock,2,CUIC2ynMsY6,abaerbock,7012133944,B90DieGruenen,Person,Post
abaerbock/2021-09-22_13-32-14_UTC_3.jpg,None,abaerbock,,CUIC2ynMsY6,abaerbock,7012133944,B90DieGruenen,Person,Post
abaerbock/2021-09-22_19-23-29_UTC_1.jpg,None,abaerbock,,CUIrDXKM7zM,abaerbock,7012133944,B90DieGruenen,Person,Post
abaerbock/2021-09-22_19-23-29_UTC_2.jpg,None,abaerbock,,CUIrDXKM7zM,abaerbock,7012133944,B90DieGruenen,Person,Post
abaerbock/2021-09-22_19-23-29_UTC_3.jpg,Annalena Baerbock,abaerbock,2,CUIrDXKM7zM,abaerbock,7012133944,B90DieGruenen,Person,Post
abaerbock/2021-09-22_19-23-29_UTC_4.jpg,None,abaerbock,,CUIrDXKM7zM,abaerbock,7012133944,B90DieGruenen,Person,Post
abaerbock/2021-09-23_14-42-45_UTC.jpg,Annalena Baerbock,abaerbock,2,CUKvsnFLMJB,abaerbock,7012133944,B90DieGruenen,Person,Post
abaerbock/2021-09-23_16-08-18_UTC.jpg,Annalena Baerbock,abaerbock,1,CUK5cWSrsHP,abaerbock,7012133944,B90DieGruenen,Person,Post
abaerbock/2021-09-23_19-16-58_UTC_1.jpg,Annalena Baerbock,abaerbock,1,CULPGiCsfCL,abaerbock,7012133944,B90DieGruenen,Person,Post
abaerbock/2021-09-23_19-16-58_UTC_2.jpg,None,abaerbock,,CULPGiCsfCL,abaerbock,7012133944,B90DieGruenen,Person,Post
abaerbock/2021-09-23_19-16-58_UTC_3.jpg,None,abaerbock,,CULPGiCsfCL,abaerbock,7012133944,B90DieGruenen,Person,Post
abaerbock/2021-09-23_19-16-58_UTC_4.jpg,None,abaerbock,,CULPGiCsfCL,abaerbock,7012133944,B90DieGruenen,Person,Post
abaerbock/2021-09-23_19-16-58_UTC_5.jpg,Annalena Baerbock,abaerbock,1,CULPGiCsfCL,abaerbock,7012133944,B90DieGruenen,Person,Post
abaerbock/2021-09-23_19-16-58_UTC_6.jpg,None,abaerbock,,CULPGiCsfCL,abaerbock,7012133944,B90DieGruenen,Person,Post
abaerbock/2021-09-24_11-50-01_UTC_1.jpg,Annalena Baerbock,abaerbock,3+,CUNAv4mMBMz,abaerbock,7012133944,B90DieGruenen,Person,Post
abaerbock/2021-09-24_11-50-01_UTC_2.jpg,Annalena Baerbock,abaerbock,3+,CUNAv4mMBMz,abaerbock,7012133944,B90DieGruenen,Person,Post
abaerbock/2021-09-24_11-50-01_UTC_3.jpg,Annalena Baerbock,abaerbock,3+,CUNAv4mMBMz,abaerbock,7012133944,B90DieGruenen,Person,Post
abaerbock/2021-09-24_17-49-01_UTC_1.jpg,Annalena Baerbock,abaerbock,2,CUNp1TbsIKw,abaerbock,7012133944,B90DieGruenen,Person,Post
abaerbock/2021-09-24_17-49-01_UTC_2.jpg,None,abaerbock,,CUNp1TbsIKw,abaerbock,7012133944,B90DieGruenen,Person,Post
abaerbock/2021-09-24_17-49-01_UTC_3.jpg,None,abaerbock,,CUNp1TbsIKw,abaerbock,7012133944,B90DieGruenen,Person,Post
abaerbock/2021-09-24_17-49-01_UTC_4.jpg,None,abaerbock,,CUNp1TbsIKw,abaerbock,7012133944,B90DieGruenen,Person,Post
abaerbock/2021-09-24_17-49-01_UTC_5.jpg,Annalena Baerbock,abaerbock,3+,CUNp1TbsIKw,abaerbock,7012133944,B90DieGruenen,Person,Post
abaerbock/2021-09-25_08-37-35_UTC.jpg,Annalena Baerbock,abaerbock,1,CUPPaZujOza,abaerbock,7012133944,B90DieGruenen,Person,Post
abaerbock/2021-09-25_15-05-02_UTC_1.jpg,Annalena Baerbock,abaerbock,1,CUP73Dds0Ry,abaerbock,7012133944,B90DieGruenen,Person,Post
abaerbock/2021-09-25_15-05-02_UTC_2.jpg,Annalena Baerbock,abaerbock,2,CUP73Dds0Ry,abaerbock,7012133944,B90DieGruenen,Person,Post
abaerbock/2021-09-25_15-05-02_UTC_3.jpg,Annalena Baerbock,abaerbock,1,CUP73Dds0Ry,abaerbock,7012133944,B90DieGruenen,Person,Post
abaerbock/2021-09-25_15-05-02_UTC_4.jpg,Annalena Baerbock,abaerbock,2,CUP73Dds0Ry,abaerbock,7012133944,B90DieGruenen,Person,Post
abaerbock/2021-09-25_15-05-02_UTC_5.jpg,Annalena Baerbock,abaerbock,1,CUP73Dds0Ry,abaerbock,7012133944,B90DieGruenen,Person,Post
abaerbock/2021-09-25_15-05-02_UTC_6.jpg,Annalena Baerbock,abaerbock,3+,CUP73Dds0Ry,abaerbock,7012133944,B90DieGruenen,Person,Post
armin_laschet/2021-09-12_20-15-07_UTC.jpg,Armin Laschet,armin_laschet,1,CTvBA4kor32,armin_laschet,4852192933,CDU,Person,Post
armin_laschet/2021-09-12_20-45-47_UTC.jpg,Armin Laschet,armin_laschet,1,CTvESz8IU6S,armin_laschet,4852192933,CDU,Person,Post
armin_laschet/2021-09-13_17-02-10_UTC_1.jpg,Armin Laschet,armin_laschet,1,CTxPuj0IhIo,armin_laschet,4852192933,CDU,Person,Post
armin_laschet/2021-09-13_17-02-10_UTC_2.jpg,Armin Laschet,armin_laschet,1,CTxPuj0IhIo,armin_laschet,4852192933,CDU,Person,Post
armin_laschet/2021-09-13_17-02-10_UTC_3.jpg,Armin Laschet,armin_laschet,3+,CTxPuj0IhIo,armin_laschet,4852192933,CDU,Person,Post
armin_laschet/2021-09-15_09-28-48_UTC_1.jpg,Armin Laschet,armin_laschet,2,CT1lbrxIW_N,armin_laschet,4852192933,CDU,Person,Post
armin_laschet/2021-09-15_09-28-48_UTC_2.jpg,Armin Laschet,armin_laschet,1,CT1lbrxIW_N,armin_laschet,4852192933,CDU,Person,Post
armin_laschet/2021-09-15_09-28-48_UTC_3.jpg,Armin Laschet,armin_laschet,1,CT1lbrxIW_N,armin_laschet,4852192933,CDU,Person,Post
armin_laschet/2021-09-15_12-38-48_UTC.jpg,Armin Laschet,armin_laschet,1,CT17LV3ohf5,armin_laschet,4852192933,CDU,Person,Post
armin_laschet/2021-09-16_13-50-14_UTC_1.jpg,Armin Laschet,armin_laschet,1,CT4oJVBobFY,armin_laschet,4852192933,CDU,Person,Post
armin_laschet/2021-09-16_13-50-14_UTC_2.jpg,None,armin_laschet,,CT4oJVBobFY,armin_laschet,4852192933,CDU,Person,Post
armin_laschet/2021-09-16_15-01-25_UTC.jpg,Armin Laschet,armin_laschet,1,CT4wSutIFrr,armin_laschet,4852192933,CDU,Person,Post
armin_laschet/2021-09-17_12-59-07_UTC_1.jpg,Armin Laschet,armin_laschet,2,CT7HF6qoleh,armin_laschet,4852192933,CDU,Person,Post
armin_laschet/2021-09-17_12-59-07_UTC_2.jpg,Armin Laschet,armin_laschet,3+,CT7HF6qoleh,armin_laschet,4852192933,CDU,Person,Post
armin_laschet/2021-09-17_12-59-07_UTC_3.jpg,Armin Laschet,armin_laschet,3+,CT7HF6qoleh,armin_laschet,4852192933,CDU,Person,Post
armin_laschet/2021-09-17_12-59-07_UTC_4.jpg,Armin Laschet,armin_laschet,3+,CT7HF6qoleh,armin_laschet,4852192933,CDU,Person,Post
armin_laschet/2021-09-17_12-59-07_UTC_5.jpg,Armin Laschet,armin_laschet,2,CT7HF6qoleh,armin_laschet,4852192933,CDU,Person,Post
armin_laschet/2021-09-17_12-59-07_UTC_6.jpg,Armin Laschet,armin_laschet,3+,CT7HF6qoleh,armin_laschet,4852192933,CDU,Person,Post
armin_laschet/2021-09-18_19-12-07_UTC_1.jpg,Armin Laschet,armin_laschet,1,CT-Wks4orcn,armin_laschet,4852192933,CDU,Person,Post
armin_laschet/2021-09-18_19-12-07_UTC_2.jpg,Armin Laschet,armin_laschet,3+,CT-Wks4orcn,armin_laschet,4852192933,CDU,Person,Post
armin_laschet/2021-09-18_19-12-07_UTC_3.jpg,Armin Laschet,armin_laschet,2,CT-Wks4orcn,armin_laschet,4852192933,CDU,Person,Post
armin_laschet/2021-09-18_19-12-07_UTC_4.jpg,Armin Laschet,armin_laschet,3+,CT-Wks4orcn,armin_laschet,4852192933,CDU,Person,Post
armin_laschet/2021-09-18_19-12-07_UTC_5.jpg,Armin Laschet,armin_laschet,3+,CT-Wks4orcn,armin_laschet,4852192933,CDU,Person,Post
armin_laschet/2021-09-18_19-12-07_UTC_6.jpg,Armin Laschet,armin_laschet,0,CT-Wks4orcn,armin_laschet,4852192933,CDU,Person,Post
armin_laschet/2021-09-18_19-12-07_UTC_7.jpg,Armin Laschet,armin_laschet,3+,CT-Wks4orcn,armin_laschet,4852192933,CDU,Person,Post
armin_laschet/2021-09-18_19-12-07_UTC_8.jpg,None,armin_laschet,,CT-Wks4orcn,armin_laschet,4852192933,CDU,Person,Post
armin_laschet/2021-09-19_10-05-39_UTC.jpg,Armin Laschet,armin_laschet,1,CT_81F-It9X,armin_laschet,4852192933,CDU,Person,Post
armin_laschet/2021-09-19_20-08-29_UTC.jpg,Armin Laschet,armin_laschet,1,CUBB0WrIXk5,armin_laschet,4852192933,CDU,Person,Post
armin_laschet/2021-09-19_20-18-11_UTC.jpg,Armin Laschet,armin_laschet,1,CUBCjAfo1aj,armin_laschet,4852192933,CDU,Person,Post
armin_laschet/2021-09-20_14-07-14_UTC_1.jpg,Armin Laschet,armin_laschet,3+,CUC9RaKITMH,armin_laschet,4852192933,CDU,Person,Post
armin_laschet/2021-09-20_14-07-14_UTC_2.jpg,Armin Laschet,armin_laschet,1,CUC9RaKITMH,armin_laschet,4852192933,CDU,Person,Post
armin_laschet/2021-09-20_14-07-14_UTC_3.jpg,None,armin_laschet,,CUC9RaKITMH,armin_laschet,4852192933,CDU,Person,Post
armin_laschet/2021-09-20_14-38-01_UTC.jpg,Armin Laschet,armin_laschet,1,CUDAmo6IXEn,armin_laschet,4852192933,CDU,Person,Post
armin_laschet/2021-09-21_05-10-21_UTC_1.jpg,Armin Laschet,armin_laschet,3+,CUEkn_Co_mJ,armin_laschet,4852192933,CDU,Person,Post
armin_laschet/2021-09-21_05-10-21_UTC_2.jpg,Armin Laschet,armin_laschet,2,CUEkn_Co_mJ,armin_laschet,4852192933,CDU,Person,Post
armin_laschet/2021-09-21_05-10-21_UTC_3.jpg,Armin Laschet,armin_laschet,1,CUEkn_Co_mJ,armin_laschet,4852192933,CDU,Person,Post
armin_laschet/2021-09-21_05-10-21_UTC_4.jpg,Armin Laschet,armin_laschet,3+,CUEkn_Co_mJ,armin_laschet,4852192933,CDU,Person,Post
armin_laschet/2021-09-21_11-03-21_UTC_1.jpg,Armin Laschet,armin_laschet,1,CUFNBhQIo6x,armin_laschet,4852192933,CDU,Person,Post
armin_laschet/2021-09-21_11-03-21_UTC_2.jpg,Armin Laschet,armin_laschet,3+,CUFNBhQIo6x,armin_laschet,4852192933,CDU,Person,Post
armin_laschet/2021-09-21_11-03-21_UTC_3.jpg,Armin Laschet,armin_laschet,2,CUFNBhQIo6x,armin_laschet,4852192933,CDU,Person,Post
armin_laschet/2021-09-21_11-03-21_UTC_4.jpg,Armin Laschet,armin_laschet,1,CUFNBhQIo6x,armin_laschet,4852192933,CDU,Person,Post
armin_laschet/2021-09-22_09-18-33_UTC_1.jpg,Armin Laschet,armin_laschet,3+,CUHl0vDoHT1,armin_laschet,4852192933,CDU,Person,Post
armin_laschet/2021-09-22_09-18-33_UTC_2.jpg,Armin Laschet,armin_laschet,3+,CUHl0vDoHT1,armin_laschet,4852192933,CDU,Person,Post
armin_laschet/2021-09-22_09-18-33_UTC_3.jpg,None,armin_laschet,,CUHl0vDoHT1,armin_laschet,4852192933,CDU,Person,Post
armin_laschet/2021-09-22_09-18-33_UTC_4.jpg,Armin Laschet,armin_laschet,3+,CUHl0vDoHT1,armin_laschet,4852192933,CDU,Person,Post
armin_laschet/2021-09-22_14-55-06_UTC_1.jpg,Armin Laschet,armin_laschet,3+,CUIMVtAIcv0,armin_laschet,4852192933,CDU,Person,Post
armin_laschet/2021-09-22_14-55-06_UTC_2.jpg,Armin Laschet,armin_laschet,3+,CUIMVtAIcv0,armin_laschet,4852192933,CDU,Person,Post
armin_laschet/2021-09-22_14-55-06_UTC_3.jpg,Armin Laschet,armin_laschet,3+,CUIMVtAIcv0,armin_laschet,4852192933,CDU,Person,Post
armin_laschet/2021-09-22_14-55-06_UTC_4.jpg,None,armin_laschet,,CUIMVtAIcv0,armin_laschet,4852192933,CDU,Person,Post
armin_laschet/2021-09-22_14-55-06_UTC_5.jpg,Armin Laschet,armin_laschet,3+,CUIMVtAIcv0,armin_laschet,4852192933,CDU,Person,Post
armin_laschet/2021-09-23_08-01-29_UTC.jpg,Armin Laschet,armin_laschet,1,CUKBzKRoYa4,armin_laschet,4852192933,CDU,Person,Post
armin_laschet/2021-09-23_13-50-48_UTC_1.jpg,Armin Laschet,armin_laschet,3+,CUKpxsNIuW2,armin_laschet,4852192933,CDU,Person,Post
armin_laschet/2021-09-23_13-50-48_UTC_2.jpg,Armin Laschet,armin_laschet,2,CUKpxsNIuW2,armin_laschet,4852192933,CDU,Person,Post
armin_laschet/2021-09-23_13-50-48_UTC_3.jpg,Armin Laschet,armin_laschet,2,CUKpxsNIuW2,armin_laschet,4852192933,CDU,Person,Post
armin_laschet/2021-09-23_13-50-48_UTC_4.jpg,Armin Laschet,armin_laschet,2,CUKpxsNIuW2,armin_laschet,4852192933,CDU,Person,Post
armin_laschet/2021-09-23_13-50-48_UTC_5.jpg,Armin Laschet,armin_laschet,3+,CUKpxsNIuW2,armin_laschet,4852192933,CDU,Person,Post
armin_laschet/2021-09-23_13-50-48_UTC_6.jpg,Armin Laschet,armin_laschet,3+,CUKpxsNIuW2,armin_laschet,4852192933,CDU,Person,Post
armin_laschet/2021-09-24_12-06-26_UTC.jpg,Armin Laschet,armin_laschet,1,CUNCd3boD8u,armin_laschet,4852192933,CDU,Person,Post
armin_laschet/2021-09-24_13-34-04_UTC_1.jpg,Armin Laschet,armin_laschet,3+,CUNMp9tou0o,armin_laschet,4852192933,CDU,Person,Post
armin_laschet/2021-09-24_13-34-04_UTC_2.jpg,None,armin_laschet,,CUNMp9tou0o,armin_laschet,4852192933,CDU,Person,Post
armin_laschet/2021-09-24_13-34-04_UTC_3.jpg,Armin Laschet,armin_laschet,1,CUNMp9tou0o,armin_laschet,4852192933,CDU,Person,Post
armin_laschet/2021-09-24_13-34-04_UTC_4.jpg,None,armin_laschet,,CUNMp9tou0o,armin_laschet,4852192933,CDU,Person,Post
armin_laschet/2021-09-24_13-34-04_UTC_5.jpg,Armin Laschet,armin_laschet,3+,CUNMp9tou0o,armin_laschet,4852192933,CDU,Person,Post
armin_laschet/2021-09-24_13-34-04_UTC_6.jpg,Armin Laschet,armin_laschet,3+,CUNMp9tou0o,armin_laschet,4852192933,CDU,Person,Post
armin_laschet/2021-09-24_13-34-04_UTC_7.jpg,None,armin_laschet,,CUNMp9tou0o,armin_laschet,4852192933,CDU,Person,Post
armin_laschet/2021-09-24_18-27-21_UTC.jpg,Armin Laschet,armin_laschet,1,CUNuOCrIjCE,armin_laschet,4852192933,CDU,Person,Post
armin_laschet/2021-09-24_20-50-28_UTC_1.jpg,Armin Laschet,armin_laschet,2,CUN-mSsosuB,armin_laschet,4852192933,CDU,Person,Post
armin_laschet/2021-09-24_20-50-28_UTC_2.jpg,Armin Laschet,armin_laschet,2,CUN-mSsosuB,armin_laschet,4852192933,CDU,Person,Post
armin_laschet/2021-09-24_20-50-28_UTC_3.jpg,Armin Laschet,armin_laschet,3+,CUN-mSsosuB,armin_laschet,4852192933,CDU,Person,Post
armin_laschet/2021-09-24_20-50-28_UTC_4.jpg,Armin Laschet,armin_laschet,3+,CUN-mSsosuB,armin_laschet,4852192933,CDU,Person,Post
armin_laschet/2021-09-25_08-46-13_UTC.jpg,Armin Laschet,armin_laschet,1,CUPQZ85oBEw,armin_laschet,4852192933,CDU,Person,Post
armin_laschet/2021-09-25_12-43-21_UTC_1.jpg,Armin Laschet,armin_laschet,3+,CUPrpaToNq3,armin_laschet,4852192933,CDU,Person,Post
armin_laschet/2021-09-25_12-43-21_UTC_2.jpg,None,armin_laschet,,CUPrpaToNq3,armin_laschet,4852192933,CDU,Person,Post
armin_laschet/2021-09-25_12-43-21_UTC_3.jpg,Armin Laschet,armin_laschet,2,CUPrpaToNq3,armin_laschet,4852192933,CDU,Person,Post
armin_laschet/2021-09-25_12-43-21_UTC_4.jpg,None,armin_laschet,,CUPrpaToNq3,armin_laschet,4852192933,CDU,Person,Post
armin_laschet/2021-09-25_12-43-21_UTC_5.jpg,Armin Laschet,armin_laschet,3+,CUPrpaToNq3,armin_laschet,4852192933,CDU,Person,Post
armin_laschet/2021-09-25_12-43-21_UTC_6.jpg,Armin Laschet,armin_laschet,1,CUPrpaToNq3,armin_laschet,4852192933,CDU,Person,Post
cdu/2021-09-12_10-18-41_UTC.jpg,Armin Laschet,cdu,1,CTt8wZVIW6Z,cdu,1558377791,CDU,Party,Post
cdu/2021-09-12_18-40-41_UTC.jpg,None,cdu,,CTu2NP3q0x-,cdu,1558377791,CDU,Party,Post
cdu/2021-09-12_19-45-25_UTC.jpg,Armin Laschet,cdu,1,CTu9nW1qVbq,cdu,1558377791,CDU,Party,Post
cdu/2021-09-12_20-09-20_UTC.jpg,Armin Laschet,cdu,1,CTu_70lImWO,cdu,1558377791,CDU,Party,Post
cdu/2021-09-13_12-04-40_UTC_1.jpg,Armin Laschet,cdu,1,CTwtrisqMtb,cdu,1558377791,CDU,Party,Post
cdu/2021-09-13_12-04-40_UTC_2.jpg,None,cdu,,CTwtrisqMtb,cdu,1558377791,CDU,Party,Post
cdu/2021-09-13_12-04-40_UTC_3.jpg,Armin Laschet,cdu,2,CTwtrisqMtb,cdu,1558377791,CDU,Party,Post
cdu/2021-09-13_17-44-47_UTC_1.jpg,None,cdu,,CTxUmmFo4IX,cdu,1558377791,CDU,Party,Post
cdu/2021-09-13_17-44-47_UTC_2.jpg,None,cdu,,CTxUmmFo4IX,cdu,1558377791,CDU,Party,Post
cdu/2021-09-13_19-24-53_UTC.jpg,None,cdu,,CTxgD12IwG4,cdu,1558377791,CDU,Party,Post
cdu/2021-09-14_05-32-44_UTC.jpg,Armin Laschet,cdu,1,CTylkpXK5ns,cdu,1558377791,CDU,Party,Post
cdu/2021-09-14_11-58-16_UTC.jpg,None,cdu,,CTzRvj9KJYg,cdu,1558377791,CDU,Party,Post
cdu/2021-09-14_13-38-22_UTC.jpg,None,cdu,,CTzdMqOK91U,cdu,1558377791,CDU,Party,Post
cdu/2021-09-15_07-58-57_UTC.jpg,None,cdu,,CT1bFVcIKJD,cdu,1558377791,CDU,Party,Post
cdu/2021-09-15_09-26-42_UTC_1.jpg,Armin Laschet,cdu,1,CT1lMXaqkoj,cdu,1558377791,CDU,Party,Post
cdu/2021-09-15_09-26-42_UTC_2.jpg,Armin Laschet,cdu,2,CT1lMXaqkoj,cdu,1558377791,CDU,Party,Post
cdu/2021-09-15_09-26-42_UTC_3.jpg,None,cdu,,CT1lMXaqkoj,cdu,1558377791,CDU,Party,Post
cdu/2021-09-15_09-26-42_UTC_4.jpg,Armin Laschet,cdu,2,CT1lMXaqkoj,cdu,1558377791,CDU,Party,Post
cdu/2021-09-15_12-50-53_UTC.jpg,None,cdu,,CT18h7hKU_5,cdu,1558377791,CDU,Party,Post
cdu/2021-09-15_14-06-44_UTC.jpg,Armin Laschet,cdu,1,CT2E-c6IeTv,cdu,1558377791,CDU,Party,Post
cdu/2021-09-15_14-32-35_UTC.jpg,Armin Laschet,cdu,1,CT2IA07o1Op,cdu,1558377791,CDU,Party,Post
cdu/2021-09-15_18-01-26_UTC.jpg,Armin Laschet,cdu,1,CT2gD5bqqkU,cdu,1558377791,CDU,Party,Post
cdu/2021-09-15_19-53-11_UTC.jpg,Armin Laschet,cdu,1,CT2smmAIFIX,cdu,1558377791,CDU,Party,Post
cdu/2021-09-16_08-30-37_UTC.jpg,Armin Laschet,cdu,1,CT4DeTioE1U,cdu,1558377791,CDU,Party,Post
cdu/2021-09-16_10-34-42_UTC.jpg,None,cdu,,CT4RxQ8KD2-,cdu,1558377791,CDU,Party,Post
cdu/2021-09-16_13-38-07_UTC.jpg,Armin Laschet,cdu,1,CT4mu9SIAtM,cdu,1558377791,CDU,Party,Post
cdu/2021-09-16_17-02-39_UTC_1.jpg,Armin Laschet,cdu,3+,CT4-KqdIb3Z,cdu,1558377791,CDU,Party,Post
cdu/2021-09-16_17-02-39_UTC_10.jpg,Armin Laschet,cdu,3+,CT4-KqdIb3Z,cdu,1558377791,CDU,Party,Post
cdu/2021-09-16_17-02-39_UTC_2.jpg,None,cdu,,CT4-KqdIb3Z,cdu,1558377791,CDU,Party,Post
cdu/2021-09-16_17-02-39_UTC_3.jpg,Armin Laschet,cdu,3+,CT4-KqdIb3Z,cdu,1558377791,CDU,Party,Post
cdu/2021-09-16_17-02-39_UTC_4.jpg,Armin Laschet,cdu,2,CT4-KqdIb3Z,cdu,1558377791,CDU,Party,Post
cdu/2021-09-16_17-02-39_UTC_5.jpg,Armin Laschet,cdu,1,CT4-KqdIb3Z,cdu,1558377791,CDU,Party,Post
cdu/2021-09-16_17-02-39_UTC_6.jpg,None,cdu,,CT4-KqdIb3Z,cdu,1558377791,CDU,Party,Post
cdu/2021-09-16_17-02-39_UTC_7.jpg,Armin Laschet,cdu,3+,CT4-KqdIb3Z,cdu,1558377791,CDU,Party,Post
cdu/2021-09-16_17-02-39_UTC_8.jpg,Armin Laschet,cdu,3+,CT4-KqdIb3Z,cdu,1558377791,CDU,Party,Post
cdu/2021-09-16_17-02-39_UTC_9.jpg,Armin Laschet,cdu,3+,CT4-KqdIb3Z,cdu,1558377791,CDU,Party,Post
cdu/2021-09-17_06-33-04_UTC.jpg,None,cdu,,CT6aVvCIw2y,cdu,1558377791,CDU,Party,Post
cdu/2021-09-17_13-01-02_UTC.jpg,None,cdu,,CT7HFniIbeR,cdu,1558377791,CDU,Party,Post
cdu/2021-09-17_14-14-38_UTC_1.jpg,Armin Laschet,cdu,3+,CT7Pu-PIl-c,cdu,1558377791,CDU,Party,Post
cdu/2021-09-17_14-14-38_UTC_2.jpg,Armin Laschet,cdu,2,CT7Pu-PIl-c,cdu,1558377791,CDU,Party,Post
cdu/2021-09-17_14-14-38_UTC_3.jpg,Armin Laschet,cdu,3+,CT7Pu-PIl-c,cdu,1558377791,CDU,Party,Post
cdu/2021-09-18_07-14-58_UTC.jpg,None,cdu,,CT9BCHTIVFN,cdu,1558377791,CDU,Party,Post
cdu/2021-09-18_10-16-45_UTC_1.jpg,Armin Laschet,cdu,3+,CT9ZTfsIzsn,cdu,1558377791,CDU,Party,Post
cdu/2021-09-18_10-16-45_UTC_2.jpg,Armin Laschet,cdu,2,CT9ZTfsIzsn,cdu,1558377791,CDU,Party,Post
cdu/2021-09-18_10-16-45_UTC_3.jpg,Armin Laschet,cdu,3+,CT9ZTfsIzsn,cdu,1558377791,CDU,Party,Post
cdu/2021-09-18_10-16-45_UTC_4.jpg,Armin Laschet,cdu,3+,CT9ZTfsIzsn,cdu,1558377791,CDU,Party,Post
cdu/2021-09-18_10-16-45_UTC_5.jpg,Armin Laschet,cdu,3+,CT9ZTfsIzsn,cdu,1558377791,CDU,Party,Post
cdu/2021-09-18_13-19-15_UTC_1.jpg,Armin Laschet,cdu,2,CT9uMNpI2JD,cdu,1558377791,CDU,Party,Post
cdu/2021-09-18_13-19-15_UTC_10.jpg,Armin Laschet,cdu,3+,CT9uMNpI2JD,cdu,1558377791,CDU,Party,Post
cdu/2021-09-18_13-19-15_UTC_2.jpg,Armin Laschet,cdu,2,CT9uMNpI2JD,cdu,1558377791,CDU,Party,Post
cdu/2021-09-18_13-19-15_UTC_3.jpg,None,cdu,,CT9uMNpI2JD,cdu,1558377791,CDU,Party,Post
cdu/2021-09-18_13-19-15_UTC_4.jpg,Armin Laschet,cdu,3+,CT9uMNpI2JD,cdu,1558377791,CDU,Party,Post
cdu/2021-09-18_13-19-15_UTC_5.jpg,None,cdu,,CT9uMNpI2JD,cdu,1558377791,CDU,Party,Post
cdu/2021-09-18_13-19-15_UTC_6.jpg,None,cdu,,CT9uMNpI2JD,cdu,1558377791,CDU,Party,Post
cdu/2021-09-18_13-19-15_UTC_7.jpg,Armin Laschet,cdu,3+,CT9uMNpI2JD,cdu,1558377791,CDU,Party,Post
cdu/2021-09-18_13-19-15_UTC_8.jpg,Armin Laschet,cdu,3+,CT9uMNpI2JD,cdu,1558377791,CDU,Party,Post
cdu/2021-09-18_13-19-15_UTC_9.jpg,Armin Laschet,cdu,2,CT9uMNpI2JD,cdu,1558377791,CDU,Party,Post
cdu/2021-09-18_17-06-46_UTC_1.jpg,Armin Laschet,cdu,3+,CT-IOjYo79S,cdu,1558377791,CDU,Party,Post
cdu/2021-09-18_17-06-46_UTC_10.jpg,Armin Laschet,cdu,3+,CT-IOjYo79S,cdu,1558377791,CDU,Party,Post
cdu/2021-09-18_17-06-46_UTC_2.jpg,Armin Laschet,cdu,3+,CT-IOjYo79S,cdu,1558377791,CDU,Party,Post
cdu/2021-09-18_17-06-46_UTC_3.jpg,Armin Laschet,cdu,2,CT-IOjYo79S,cdu,1558377791,CDU,Party,Post
cdu/2021-09-18_17-06-46_UTC_4.jpg,Armin Laschet,cdu,1,CT-IOjYo79S,cdu,1558377791,CDU,Party,Post
cdu/2021-09-18_17-06-46_UTC_5.jpg,None,cdu,,CT-IOjYo79S,cdu,1558377791,CDU,Party,Post
cdu/2021-09-18_17-06-46_UTC_6.jpg,Armin Laschet,cdu,2,CT-IOjYo79S,cdu,1558377791,CDU,Party,Post
cdu/2021-09-18_17-06-46_UTC_7.jpg,Armin Laschet,cdu,3+,CT-IOjYo79S,cdu,1558377791,CDU,Party,Post
cdu/2021-09-18_17-06-46_UTC_8.jpg,None,cdu,,CT-IOjYo79S,cdu,1558377791,CDU,Party,Post
cdu/2021-09-18_17-06-46_UTC_9.jpg,Armin Laschet,cdu,3+,CT-IOjYo79S,cdu,1558377791,CDU,Party,Post
cdu/2021-09-18_20-02-46_UTC.jpg,None,cdu,,CT-cXnco14L,cdu,1558377791,CDU,Party,Post
cdu/2021-09-19_06-23-34_UTC.jpg,Armin Laschet,cdu,1,CT_jagpI4aZ,cdu,1558377791,CDU,Party,Post
cdu/2021-09-19_13-42-10_UTC.jpg,Armin Laschet,cdu,1,CUAVMoSIwA2,cdu,1558377791,CDU,Party,Post
cdu/2021-09-19_17-14-41_UTC.jpg,None,cdu,,CUAt5nCqWzw,cdu,1558377791,CDU,Party,Post
cdu/2021-09-19_18-40-59_UTC.jpg,None,cdu,,CUA3ziLKh7u,cdu,1558377791,CDU,Party,Post
cdu/2021-09-19_19-01-23_UTC.jpg,None,cdu,,CUA6I6YqWTq,cdu,1558377791,CDU,Party,Post
cdu/2021-09-19_20-01-46_UTC.jpg,Armin Laschet,cdu,1,CUBBDOhKZyb,cdu,1558377791,CDU,Party,Post
cdu/2021-09-20_10-21-05_UTC.jpg,Armin Laschet,cdu,3+,CUCjY_hoVD2,cdu,1558377791,CDU,Party,Post
cdu/2021-09-20_15-01-31_UTC.jpg,Armin Laschet,cdu,1,CUDDe9sK04N,cdu,1558377791,CDU,Party,Post
cdu/2021-09-20_16-32-49_UTC_1.jpg,Armin Laschet,cdu,3+,CUDN7rfq6nl,cdu,1558377791,CDU,Party,Post
cdu/2021-09-20_16-32-49_UTC_2.jpg,Armin Laschet,cdu,2,CUDN7rfq6nl,cdu,1558377791,CDU,Party,Post
cdu/2021-09-20_16-32-49_UTC_3.jpg,Armin Laschet,cdu,2,CUDN7rfq6nl,cdu,1558377791,CDU,Party,Post
cdu/2021-09-20_16-32-49_UTC_4.jpg,Armin Laschet,cdu,3+,CUDN7rfq6nl,cdu,1558377791,CDU,Party,Post
cdu/2021-09-20_18-32-31_UTC_1.jpg,None,cdu,,CUDboVFo4ez,cdu,1558377791,CDU,Party,Post
cdu/2021-09-20_18-32-31_UTC_2.jpg,None,cdu,,CUDboVFo4ez,cdu,1558377791,CDU,Party,Post
cdu/2021-09-20_19-55-34_UTC.jpg,None,cdu,,CUDjGZ9gan-,cdu,1558377791,CDU,Party,Post
cdu/2021-09-21_07-12-22_UTC.jpg,None,cdu,,CUEydBLo81X,cdu,1558377791,CDU,Party,Post
cdu/2021-09-21_08-37-35_UTC.jpg,Armin Laschet,cdu,2,CUE8DwRo3Rr,cdu,1558377791,CDU,Party,Post
cdu/2021-09-21_09-28-34_UTC.jpg,Armin Laschet,cdu,0,CUFCJc2KOC2,cdu,1558377791,CDU,Party,Post
cdu/2021-09-21_11-34-09_UTC_1.jpg,Armin Laschet,cdu,3+,CUFQjCVqZ4T,cdu,1558377791,CDU,Party,Post
cdu/2021-09-21_11-34-09_UTC_2.jpg,Armin Laschet,cdu,3+,CUFQjCVqZ4T,cdu,1558377791,CDU,Party,Post
cdu/2021-09-21_11-34-09_UTC_3.jpg,Armin Laschet,cdu,3+,CUFQjCVqZ4T,cdu,1558377791,CDU,Party,Post
cdu/2021-09-21_11-34-09_UTC_4.jpg,Armin Laschet,cdu,3+,CUFQjCVqZ4T,cdu,1558377791,CDU,Party,Post
cdu/2021-09-21_12-24-33_UTC.jpg,Armin Laschet,cdu,1,CUFWQt0KDWe,cdu,1558377791,CDU,Party,Post
cdu/2021-09-21_14-34-05_UTC.jpg,Armin Laschet,cdu,2,CUFlI7mojxo,cdu,1558377791,CDU,Party,Post
cdu/2021-09-21_18-48-32_UTC_1.jpg,Armin Laschet,cdu,2,CUGCQkQswqb,cdu,1558377791,CDU,Party,Post
cdu/2021-09-21_18-48-32_UTC_2.jpg,Armin Laschet,cdu,2,CUGCQkQswqb,cdu,1558377791,CDU,Party,Post
cdu/2021-09-21_18-48-32_UTC_3.jpg,Armin Laschet,cdu,2,CUGCQkQswqb,cdu,1558377791,CDU,Party,Post
cdu/2021-09-21_18-48-32_UTC_4.jpg,Armin Laschet,cdu,3+,CUGCQkQswqb,cdu,1558377791,CDU,Party,Post
cdu/2021-09-21_18-48-32_UTC_5.jpg,None,cdu,,CUGCQkQswqb,cdu,1558377791,CDU,Party,Post
cdu/2021-09-21_20-02-32_UTC_1.jpg,Armin Laschet,cdu,3+,CUGKukNojxJ,cdu,1558377791,CDU,Party,Post
cdu/2021-09-21_20-02-32_UTC_2.jpg,Armin Laschet,cdu,3+,CUGKukNojxJ,cdu,1558377791,CDU,Party,Post
cdu/2021-09-21_20-02-32_UTC_3.jpg,Armin Laschet,cdu,1,CUGKukNojxJ,cdu,1558377791,CDU,Party,Post
cdu/2021-09-21_20-02-32_UTC_4.jpg,Armin Laschet,cdu,3+,CUGKukNojxJ,cdu,1558377791,CDU,Party,Post
cdu/2021-09-21_20-02-32_UTC_5.jpg,Armin Laschet,cdu,3+,CUGKukNojxJ,cdu,1558377791,CDU,Party,Post
cdu/2021-09-21_20-16-34_UTC.jpg,None,cdu,,CUGL-wTqnDY,cdu,1558377791,CDU,Party,Post
cdu/2021-09-22_07-58-36_UTC.jpg,None,cdu,,CUHcXiSKpQ5,cdu,1558377791,CDU,Party,Post
cdu/2021-09-22_09-45-48_UTC.jpg,None,cdu,,CUHovVYqylp,cdu,1558377791,CDU,Party,Post
cdu/2021-09-22_14-30-18_UTC.jpg,Armin Laschet,cdu,1,CUIJcXHKfjd,cdu,1558377791,CDU,Party,Post
cdu/2021-09-22_14-55-38_UTC.jpg,None,cdu,,CUIMN2iIfiR,cdu,1558377791,CDU,Party,Post
cdu/2021-09-22_17-17-37_UTC.jpg,None,cdu,,CUIcfZqKBrc,cdu,1558377791,CDU,Party,Post
cdu/2021-09-23_07-44-39_UTC.jpg,Armin Laschet,cdu,3+,CUJ_Qg-oHd9,cdu,1558377791,CDU,Party,Post
cdu/2021-09-23_10-08-51_UTC_1.jpg,Armin Laschet,cdu,3+,CUKQYFtI0P1,cdu,1558377791,CDU,Party,Post
cdu/2021-09-23_10-08-51_UTC_2.jpg,Armin Laschet,cdu,3+,CUKQYFtI0P1,cdu,1558377791,CDU,Party,Post
cdu/2021-09-23_10-08-51_UTC_4.jpg,Armin Laschet,cdu,3+,CUKQYFtI0P1,cdu,1558377791,CDU,Party,Post
cdu/2021-09-23_10-08-51_UTC_5.jpg,Armin Laschet,cdu,3+,CUKQYFtI0P1,cdu,1558377791,CDU,Party,Post
cdu/2021-09-23_10-08-51_UTC_6.jpg,Armin Laschet,cdu,3+,CUKQYFtI0P1,cdu,1558377791,CDU,Party,Post
cdu/2021-09-23_12-30-11_UTC.jpg,Armin Laschet,cdu,1,CUKgjP8ocnM,cdu,1558377791,CDU,Party,Post
cdu/2021-09-23_15-17-25_UTC.jpg,Armin Laschet,cdu,1,CUKzpxTqLNM,cdu,1558377791,CDU,Party,Post
cdu/2021-09-23_16-10-56_UTC_1.jpg,Armin Laschet,cdu,3+,CUK50B3oSwl,cdu,1558377791,CDU,Party,Post
cdu/2021-09-23_16-10-56_UTC_3.jpg,Armin Laschet,cdu,3+,CUK50B3oSwl,cdu,1558377791,CDU,Party,Post
cdu/2021-09-23_16-10-56_UTC_4.jpg,Armin Laschet,cdu,2,CUK50B3oSwl,cdu,1558377791,CDU,Party,Post
cdu/2021-09-23_16-10-56_UTC_5.jpg,Armin Laschet,cdu,3+,CUK50B3oSwl,cdu,1558377791,CDU,Party,Post
cdu/2021-09-23_19-45-26_UTC.jpg,Armin Laschet,cdu,3+,CULSXCzIX7Z,cdu,1558377791,CDU,Party,Post
cdu/2021-09-24_14-19-26_UTC.jpg,Armin Laschet,cdu,3+,CUNR2S1oQ2b,cdu,1558377791,CDU,Party,Post
cdu/2021-09-24_15-38-55_UTC.jpg,None,cdu,,CUNa6YcKZz9,cdu,1558377791,CDU,Party,Post
cdu/2021-09-24_15-48-03_UTC_1.jpg,Armin Laschet,cdu,3+,CUNb_TRIMNk,cdu,1558377791,CDU,Party,Post
cdu/2021-09-24_15-48-03_UTC_2.jpg,Armin Laschet,cdu,3+,CUNb_TRIMNk,cdu,1558377791,CDU,Party,Post
cdu/2021-09-24_16-13-02_UTC.jpg,None,cdu,,CUNe0bwqqNS,cdu,1558377791,CDU,Party,Post
cdu/2021-09-24_16-26-59_UTC.jpg,Armin Laschet,cdu,1,CUNgbdqKgkQ,cdu,1558377791,CDU,Party,Post
cdu/2021-09-24_16-42-35_UTC.jpg,Armin Laschet,cdu,1,CUNiOtyKfa2,cdu,1558377791,CDU,Party,Post
cdu/2021-09-24_17-15-13_UTC.jpg,Armin Laschet,cdu,1,CUNl7-ZqSAb,cdu,1558377791,CDU,Party,Post
cdu/2021-09-24_19-39-33_UTC_1.jpg,Armin Laschet,cdu,2,CUN2e4RIwVC,cdu,1558377791,CDU,Party,Post
cdu/2021-09-24_19-39-33_UTC_10.jpg,Armin Laschet,cdu,2,CUN2e4RIwVC,cdu,1558377791,CDU,Party,Post
cdu/2021-09-24_19-39-33_UTC_2.jpg,Armin Laschet,cdu,2,CUN2e4RIwVC,cdu,1558377791,CDU,Party,Post
cdu/2021-09-24_19-39-33_UTC_3.jpg,Armin Laschet,cdu,3+,CUN2e4RIwVC,cdu,1558377791,CDU,Party,Post
cdu/2021-09-24_19-39-33_UTC_4.jpg,Armin Laschet,cdu,1,CUN2e4RIwVC,cdu,1558377791,CDU,Party,Post
cdu/2021-09-24_19-39-33_UTC_5.jpg,None,cdu,,CUN2e4RIwVC,cdu,1558377791,CDU,Party,Post
cdu/2021-09-24_19-39-33_UTC_6.jpg,None,cdu,,CUN2e4RIwVC,cdu,1558377791,CDU,Party,Post
cdu/2021-09-24_19-39-33_UTC_8.jpg,None,cdu,,CUN2e4RIwVC,cdu,1558377791,CDU,Party,Post
cdu/2021-09-24_19-39-33_UTC_9.jpg,Armin Laschet,cdu,3,CUN2e4RIwVC,cdu,1558377791,CDU,Party,Post
cdu/2021-09-25_06-34-25_UTC.jpg,Armin Laschet,cdu,1,CUPBZdsKyVI,cdu,1558377791,CDU,Party,Post
cdu/2021-09-25_07-16-11_UTC.jpg,Armin Laschet,cdu,1,CUPGLc1Klm0,cdu,1558377791,CDU,Party,Post
cdu/2021-09-25_07-45-25_UTC.jpg,Armin Laschet,cdu,1,CUPJhfMqfeC,cdu,1558377791,CDU,Party,Post
cdu/2021-09-25_07-57-40_UTC.jpg,Armin Laschet,cdu,1,CUPKylkIIEj,cdu,1558377791,CDU,Party,Post
cdu/2021-09-25_08-17-29_UTC.jpg,Armin Laschet,cdu,3+,CUPMqLaoTGS,cdu,1558377791,CDU,Party,Post
cdu/2021-09-25_08-41-54_UTC.jpg,Armin Laschet,cdu,2,CUPQA9NoBwQ,cdu,1558377791,CDU,Party,Post
cdu/2021-09-25_09-31-48_UTC.jpg,Armin Laschet,cdu,1,CUPVrOXKfb5,cdu,1558377791,CDU,Party,Post
cdu/2021-09-25_10-37-25_UTC.jpg,None,cdu,,CUPdNQ6qLOW,cdu,1558377791,CDU,Party,Post
cdu/2021-09-25_11-00-47_UTC.jpg,Armin Laschet,cdu,1,CUPf5IzqUwh,cdu,1558377791,CDU,Party,Post
cdu/2021-09-25_11-10-23_UTC.jpg,Armin Laschet,cdu,3+,CUPg-ihKeCN,cdu,1558377791,CDU,Party,Post
cdu/2021-09-25_13-50-24_UTC_1.jpg,Armin Laschet,cdu,3+,CUPzUgko3Ie,cdu,1558377791,CDU,Party,Post
cdu/2021-09-25_13-50-24_UTC_2.jpg,None,cdu,,CUPzUgko3Ie,cdu,1558377791,CDU,Party,Post
cdu/2021-09-25_13-50-24_UTC_3.jpg,Armin Laschet,cdu,3+,CUPzUgko3Ie,cdu,1558377791,CDU,Party,Post
cdu/2021-09-25_13-50-24_UTC_4.jpg,Armin Laschet,cdu,3+,CUPzUgko3Ie,cdu,1558377791,CDU,Party,Post
christianlindner/2021-09-13_10-08-20_UTC_1.jpg,Christian Lindner,christianlindner,3+,CTwgXg7olN6,christianlindner,2927737384,FDP,Person,Post
christianlindner/2021-09-13_10-08-20_UTC_2.jpg,Christian Lindner,christianlindner,2,CTwgXg7olN6,christianlindner,2927737384,FDP,Person,Post
christianlindner/2021-09-13_10-08-20_UTC_3.jpg,Christian Lindner,christianlindner,1,CTwgXg7olN6,christianlindner,2927737384,FDP,Person,Post
christianlindner/2021-09-14_10-08-32_UTC.jpg,Christian Lindner,christianlindner,1,CTzFAFZjCEn,christianlindner,2927737384,FDP,Person,Post
christianlindner/2021-09-15_18-37-22_UTC_1.jpg,Christian Lindner,christianlindner,1,CT2kNf8Ms01,christianlindner,2927737384,FDP,Person,Post
christianlindner/2021-09-15_18-37-22_UTC_2.jpg,Christian Lindner,christianlindner,2,CT2kNf8Ms01,christianlindner,2927737384,FDP,Person,Post
christianlindner/2021-09-15_18-37-22_UTC_3.jpg,Christian Lindner,christianlindner,3+,CT2kNf8Ms01,christianlindner,2927737384,FDP,Person,Post
christianlindner/2021-09-15_18-37-22_UTC_4.jpg,Christian Lindner,christianlindner,1,CT2kNf8Ms01,christianlindner,2927737384,FDP,Person,Post
christianlindner/2021-09-15_18-37-22_UTC_6.jpg,Christian Lindner,christianlindner,1,CT2kNf8Ms01,christianlindner,2927737384,FDP,Person,Post
christianlindner/2021-09-15_18-37-22_UTC_7.jpg,None,christianlindner,,CT2kNf8Ms01,christianlindner,2927737384,FDP,Person,Post
christianlindner/2021-09-16_07-47-54_UTC.jpg,Christian Lindner,christianlindner,1,CT3-rhjoxOa,christianlindner,2927737384,FDP,Person,Post
christianlindner/2021-09-16_14-29-18_UTC_1.jpg,Christian Lindner,christianlindner,3+,CT4sneks83j,christianlindner,2927737384,FDP,Person,Post
christianlindner/2021-09-16_14-29-18_UTC_2.jpg,Christian Lindner,christianlindner,1,CT4sneks83j,christianlindner,2927737384,FDP,Person,Post
christianlindner/2021-09-16_18-15-11_UTC_1.jpg,Christian Lindner,christianlindner,3+,CT5Gd8YIl2z,christianlindner,2927737384,FDP,Person,Post
christianlindner/2021-09-16_18-15-11_UTC_2.jpg,Christian Lindner,christianlindner,2,CT5Gd8YIl2z,christianlindner,2927737384,FDP,Person,Post
christianlindner/2021-09-16_18-15-11_UTC_3.jpg,Christian Lindner,christianlindner,2,CT5Gd8YIl2z,christianlindner,2927737384,FDP,Person,Post
christianlindner/2021-09-17_08-03-58_UTC.jpg,Christian Lindner,christianlindner,1,CT6lO4OIvet,christianlindner,2927737384,FDP,Person,Post
christianlindner/2021-09-17_13-01-40_UTC.jpg,Christian Lindner,christianlindner,1,CT7HYhqIfrG,christianlindner,2927737384,FDP,Person,Post
christianlindner/2021-09-17_16-42-20_UTC_1.jpg,Christian Lindner,christianlindner,1,CT7goxXItxt,christianlindner,2927737384,FDP,Person,Post
christianlindner/2021-09-17_16-42-20_UTC_2.jpg,None,christianlindner,,CT7goxXItxt,christianlindner,2927737384,FDP,Person,Post
christianlindner/2021-09-17_16-42-20_UTC_3.jpg,None,christianlindner,,CT7goxXItxt,christianlindner,2927737384,FDP,Person,Post
christianlindner/2021-09-17_16-42-20_UTC_4.jpg,None,christianlindner,,CT7goxXItxt,christianlindner,2927737384,FDP,Person,Post
christianlindner/2021-09-17_16-42-20_UTC_5.jpg,None,christianlindner,,CT7goxXItxt,christianlindner,2927737384,FDP,Person,Post
christianlindner/2021-09-17_16-42-20_UTC_6.jpg,None,christianlindner,,CT7goxXItxt,christianlindner,2927737384,FDP,Person,Post
christianlindner/2021-09-17_19-33-56_UTC_1.jpg,Christian Lindner,christianlindner,3+,CT70RkVMrF_,christianlindner,2927737384,FDP,Person,Post
christianlindner/2021-09-17_19-33-56_UTC_2.jpg,Christian Lindner,christianlindner,1,CT70RkVMrF_,christianlindner,2927737384,FDP,Person,Post
christianlindner/2021-09-17_19-33-56_UTC_3.jpg,Christian Lindner,christianlindner,3+,CT70RkVMrF_,christianlindner,2927737384,FDP,Person,Post
christianlindner/2021-09-17_19-33-56_UTC_4.jpg,Christian Lindner,christianlindner,2,CT70RkVMrF_,christianlindner,2927737384,FDP,Person,Post
christianlindner/2021-09-17_19-33-56_UTC_6.jpg,Christian Lindner,christianlindner,1,CT70RkVMrF_,christianlindner,2927737384,FDP,Person,Post
christianlindner/2021-09-17_19-33-56_UTC_7.jpg,Christian Lindner,christianlindner,3+,CT70RkVMrF_,christianlindner,2927737384,FDP,Person,Post
christianlindner/2021-09-17_19-33-56_UTC_8.jpg,None,christianlindner,,CT70RkVMrF_,christianlindner,2927737384,FDP,Person,Post
christianlindner/2021-09-17_19-33-56_UTC_9.jpg,None,christianlindner,,CT70RkVMrF_,christianlindner,2927737384,FDP,Person,Post
christianlindner/2021-09-18_09-33-42_UTC.jpg,Christian Lindner,christianlindner,1,CT9UOpTIJaK,christianlindner,2927737384,FDP,Person,Post
christianlindner/2021-09-19_15-17-46_UTC_1.jpg,None,christianlindner,,CUAgjFLoWAC,christianlindner,2927737384,FDP,Person,Post
christianlindner/2021-09-19_15-17-46_UTC_2.jpg,Christian Lindner,christianlindner,3+,CUAgjFLoWAC,christianlindner,2927737384,FDP,Person,Post
christianlindner/2021-09-19_15-17-46_UTC_3.jpg,Christian Lindner,christianlindner,1,CUAgjFLoWAC,christianlindner,2927737384,FDP,Person,Post
christianlindner/2021-09-19_18-12-56_UTC_1.jpg,Christian Lindner,christianlindner,1,CUA0mHIszm9,christianlindner,2927737384,FDP,Person,Post
christianlindner/2021-09-20_07-51-26_UTC.jpg,Christian Lindner,christianlindner,1,CUCSQ-LofLS,christianlindner,2927737384,FDP,Person,Post
christianlindner/2021-09-21_08-12-35_UTC.jpg,Christian Lindner,christianlindner,2,CUE5eupIcKT,christianlindner,2927737384,FDP,Person,Post
christianlindner/2021-09-21_14-50-34_UTC_1.jpg,Christian Lindner,christianlindner,2,CUFnBtCoL-i,christianlindner,2927737384,FDP,Person,Post
christianlindner/2021-09-21_14-50-34_UTC_2.jpg,Christian Lindner,christianlindner,1,CUFnBtCoL-i,christianlindner,2927737384,FDP,Person,Post
christianlindner/2021-09-21_14-50-34_UTC_3.jpg,Christian Lindner,christianlindner,2,CUFnBtCoL-i,christianlindner,2927737384,FDP,Person,Post
christianlindner/2021-09-21_14-50-34_UTC_5.jpg,None,christianlindner,,CUFnBtCoL-i,christianlindner,2927737384,FDP,Person,Post
christianlindner/2021-09-21_14-50-34_UTC_6.jpg,None,christianlindner,,CUFnBtCoL-i,christianlindner,2927737384,FDP,Person,Post
christianlindner/2021-09-21_19-30-47_UTC_1.jpg,Christian Lindner,christianlindner,1,CUGHGCSo13C,christianlindner,2927737384,FDP,Person,Post
christianlindner/2021-09-21_19-30-47_UTC_2.jpg,None,christianlindner,,CUGHGCSo13C,christianlindner,2927737384,FDP,Person,Post
christianlindner/2021-09-21_19-30-47_UTC_3.jpg,None,christianlindner,,CUGHGCSo13C,christianlindner,2927737384,FDP,Person,Post
christianlindner/2021-09-21_19-30-47_UTC_4.jpg,Christian Lindner,christianlindner,1,CUGHGCSo13C,christianlindner,2927737384,FDP,Person,Post
christianlindner/2021-09-21_19-30-47_UTC_5.jpg,Christian Lindner,christianlindner,1,CUGHGCSo13C,christianlindner,2927737384,FDP,Person,Post
christianlindner/2021-09-22_08-40-29_UTC.jpg,Christian Lindner,christianlindner,1,CUHhXbmj3XQ,christianlindner,2927737384,FDP,Person,Post
christianlindner/2021-09-22_20-20-19_UTC_1.jpg,Christian Lindner,christianlindner,1,CUIxjo2Idku,christianlindner,2927737384,FDP,Person,Post
christianlindner/2021-09-22_20-20-19_UTC_2.jpg,None,christianlindner,,CUIxjo2Idku,christianlindner,2927737384,FDP,Person,Post
christianlindner/2021-09-22_20-20-19_UTC_3.jpg,None,christianlindner,,CUIxjo2Idku,christianlindner,2927737384,FDP,Person,Post
christianlindner/2021-09-22_20-20-19_UTC_5.jpg,None,christianlindner,,CUIxjo2Idku,christianlindner,2927737384,FDP,Person,Post
christianlindner/2021-09-22_20-20-19_UTC_6.jpg,None,christianlindner,,CUIxjo2Idku,christianlindner,2927737384,FDP,Person,Post
christianlindner/2021-09-23_09-38-13_UTC.jpg,Christian Lindner,christianlindner,1,CUKM3qxIjqz,christianlindner,2927737384,FDP,Person,Post
christianlindner/2021-09-23_17-53-41_UTC.jpg,Christian Lindner,christianlindner,1,CULFd4OjCNg,christianlindner,2927737384,FDP,Person,Post
christianlindner/2021-09-24_07-02-09_UTC.jpg,Christian Lindner,christianlindner,1,CUMfm67oUHv,christianlindner,2927737384,FDP,Person,Post
christianlindner/2021-09-24_11-49-38_UTC.jpg,Christian Lindner,christianlindner,1,CUNAtDwoqI-,christianlindner,2927737384,FDP,Person,Post
christianlindner/2021-09-24_14-03-00_UTC_1.jpg,Christian Lindner,christianlindner,1,CUNP92dobKx,christianlindner,2927737384,FDP,Person,Post
christianlindner/2021-09-24_14-03-00_UTC_2.jpg,Christian Lindner,christianlindner,1,CUNP92dobKx,christianlindner,2927737384,FDP,Person,Post
christianlindner/2021-09-24_14-03-00_UTC_3.jpg,None,christianlindner,,CUNP92dobKx,christianlindner,2927737384,FDP,Person,Post
christlichsozialeunion/2021-09-12_18-35-16_UTC.jpg,None,christlichsozialeunion,,CTu1lkVKdtG,christlichsozialeunion,1573431041,CSU,Party,Post
christlichsozialeunion/2021-09-13_14-15-00_UTC_1.jpg,None,christlichsozialeunion,,CTw8mJpK1K8,christlichsozialeunion,1573431041,CSU,Party,Post
christlichsozialeunion/2021-09-13_14-15-00_UTC_3.jpg,None,christlichsozialeunion,,CTw8mJpK1K8,christlichsozialeunion,1573431041,CSU,Party,Post
christlichsozialeunion/2021-09-13_19-20-03_UTC.jpg,None,christlichsozialeunion,,CTxfem2KjVN,christlichsozialeunion,1573431041,CSU,Party,Post
christlichsozialeunion/2021-09-14_05-30-12_UTC.jpg,None,christlichsozialeunion,,CTylVPXqy8q,christlichsozialeunion,1573431041,CSU,Party,Post
christlichsozialeunion/2021-09-14_09-37-37_UTC.jpg,None,christlichsozialeunion,,CTzBpaOKV8V,christlichsozialeunion,1573431041,CSU,Party,Post
christlichsozialeunion/2021-09-14_14-40-43_UTC_2.jpg,None,christlichsozialeunion,,CTzkVXtqgZf,christlichsozialeunion,1573431041,CSU,Party,Post
christlichsozialeunion/2021-09-14_17-16-49_UTC.jpg,None,christlichsozialeunion,,CTz2JZ7KFoV,christlichsozialeunion,1573431041,CSU,Party,Post
christlichsozialeunion/2021-09-14_17-51-04_UTC.jpg,Markus Söder,christlichsozialeunion,3+,CTz6HiIqSht,christlichsozialeunion,1573431041,CSU,Party,Post
christlichsozialeunion/2021-09-15_13-08-15_UTC.jpg,Markus Söder,christlichsozialeunion,1,CT1-g5xqqfq,christlichsozialeunion,1573431041,CSU,Party,Post
christlichsozialeunion/2021-09-15_19-36-35_UTC_1.jpg,Markus Söder,christlichsozialeunion,1,CT2q_PgKh0_,christlichsozialeunion,1573431041,CSU,Party,Post
christlichsozialeunion/2021-09-15_19-36-35_UTC_2.jpg,None,christlichsozialeunion,,CT2q_PgKh0_,christlichsozialeunion,1573431041,CSU,Party,Post
christlichsozialeunion/2021-09-15_19-36-35_UTC_3.jpg,None,christlichsozialeunion,,CT2q_PgKh0_,christlichsozialeunion,1573431041,CSU,Party,Post
christlichsozialeunion/2021-09-15_19-36-35_UTC_4.jpg,None,christlichsozialeunion,,CT2q_PgKh0_,christlichsozialeunion,1573431041,CSU,Party,Post
christlichsozialeunion/2021-09-15_19-36-35_UTC_5.jpg,Markus Söder,christlichsozialeunion,1,CT2q_PgKh0_,christlichsozialeunion,1573431041,CSU,Party,Post
christlichsozialeunion/2021-09-15_19-36-35_UTC_6.jpg,None,christlichsozialeunion,,CT2q_PgKh0_,christlichsozialeunion,1573431041,CSU,Party,Post
christlichsozialeunion/2021-09-15_19-36-35_UTC_7.jpg,None,christlichsozialeunion,,CT2q_PgKh0_,christlichsozialeunion,1573431041,CSU,Party,Post
christlichsozialeunion/2021-09-15_19-36-35_UTC_8.jpg,None,christlichsozialeunion,,CT2q_PgKh0_,christlichsozialeunion,1573431041,CSU,Party,Post
christlichsozialeunion/2021-09-15_19-36-35_UTC_9.jpg,Markus Söder,christlichsozialeunion,3+,CT2q_PgKh0_,christlichsozialeunion,1573431041,CSU,Party,Post
christlichsozialeunion/2021-09-15_19-42-53_UTC.jpg,None,christlichsozialeunion,,CT2rplhqean,christlichsozialeunion,1573431041,CSU,Party,Post
christlichsozialeunion/2021-09-16_06-30-34_UTC.jpg,None,christlichsozialeunion,,CT311ISKIR8,christlichsozialeunion,1573431041,CSU,Party,Post
christlichsozialeunion/2021-09-16_09-33-33_UTC.jpg,None,christlichsozialeunion,,CT4Krdtq9Xr,christlichsozialeunion,1573431041,CSU,Party,Post
christlichsozialeunion/2021-09-16_11-10-41_UTC.jpg,None,christlichsozialeunion,,CT4V40kqbrm,christlichsozialeunion,1573431041,CSU,Party,Post
christlichsozialeunion/2021-09-16_14-55-24_UTC.jpg,None,christlichsozialeunion,,CT4vmuKq9O7,christlichsozialeunion,1573431041,CSU,Party,Post
christlichsozialeunion/2021-09-16_14-58-25_UTC.jpg,None,christlichsozialeunion,,CT4v8w_qIbI,christlichsozialeunion,1573431041,CSU,Party,Post
christlichsozialeunion/2021-09-17_07-28-12_UTC.jpg,Markus Söder,christlichsozialeunion,3+,CT6hOJdNMq5,christlichsozialeunion,1573431041,CSU,Party,Post
christlichsozialeunion/2021-09-17_10-10-52_UTC.jpg,None,christlichsozialeunion,,CT6z1nXqHkr,christlichsozialeunion,1573431041,CSU,Party,Post
christlichsozialeunion/2021-09-17_13-41-38_UTC.jpg,Markus Söder,christlichsozialeunion,3+,CT7L9NaqwdQ,christlichsozialeunion,1573431041,CSU,Party,Post
christlichsozialeunion/2021-09-17_15-29-38_UTC_1.jpg,Markus Söder,christlichsozialeunion,2,CT7YUSVKNoE,christlichsozialeunion,1573431041,CSU,Party,Post
christlichsozialeunion/2021-09-17_15-29-38_UTC_2.jpg,Markus Söder,christlichsozialeunion,2,CT7YUSVKNoE,christlichsozialeunion,1573431041,CSU,Party,Post
christlichsozialeunion/2021-09-17_15-29-38_UTC_3.jpg,None,christlichsozialeunion,,CT7YUSVKNoE,christlichsozialeunion,1573431041,CSU,Party,Post
christlichsozialeunion/2021-09-17_15-29-38_UTC_4.jpg,None,christlichsozialeunion,,CT7YUSVKNoE,christlichsozialeunion,1573431041,CSU,Party,Post
christlichsozialeunion/2021-09-17_15-29-38_UTC_5.jpg,None,christlichsozialeunion,,CT7YUSVKNoE,christlichsozialeunion,1573431041,CSU,Party,Post
christlichsozialeunion/2021-09-17_15-29-38_UTC_6.jpg,None,christlichsozialeunion,,CT7YUSVKNoE,christlichsozialeunion,1573431041,CSU,Party,Post
christlichsozialeunion/2021-09-17_18-25-15_UTC_1.jpg,Markus Söder,christlichsozialeunion,1,CT7sagWKOu0,christlichsozialeunion,1573431041,CSU,Party,Post
christlichsozialeunion/2021-09-17_18-25-15_UTC_10.jpg,Markus Söder,christlichsozialeunion,3+,CT7sagWKOu0,christlichsozialeunion,1573431041,CSU,Party,Post
christlichsozialeunion/2021-09-17_18-25-15_UTC_2.jpg,None,christlichsozialeunion,,CT7sagWKOu0,christlichsozialeunion,1573431041,CSU,Party,Post
christlichsozialeunion/2021-09-17_18-25-15_UTC_3.jpg,None,christlichsozialeunion,,CT7sagWKOu0,christlichsozialeunion,1573431041,CSU,Party,Post
christlichsozialeunion/2021-09-17_18-25-15_UTC_4.jpg,None,christlichsozialeunion,,CT7sagWKOu0,christlichsozialeunion,1573431041,CSU,Party,Post
christlichsozialeunion/2021-09-17_18-25-15_UTC_5.jpg,None,christlichsozialeunion,,CT7sagWKOu0,christlichsozialeunion,1573431041,CSU,Party,Post
christlichsozialeunion/2021-09-17_18-25-15_UTC_6.jpg,None,christlichsozialeunion,,CT7sagWKOu0,christlichsozialeunion,1573431041,CSU,Party,Post
christlichsozialeunion/2021-09-17_18-25-15_UTC_7.jpg,None,christlichsozialeunion,,CT7sagWKOu0,christlichsozialeunion,1573431041,CSU,Party,Post
christlichsozialeunion/2021-09-17_18-25-15_UTC_8.jpg,None,christlichsozialeunion,,CT7sagWKOu0,christlichsozialeunion,1573431041,CSU,Party,Post
christlichsozialeunion/2021-09-17_18-25-15_UTC_9.jpg,None,christlichsozialeunion,,CT7sagWKOu0,christlichsozialeunion,1573431041,CSU,Party,Post
christlichsozialeunion/2021-09-17_18-58-42_UTC.jpg,None,christlichsozialeunion,,CT7vuR6IBmM,christlichsozialeunion,1573431041,CSU,Party,Post
christlichsozialeunion/2021-09-19_06-23-23_UTC.jpg,None,christlichsozialeunion,,CT_jZKrKDp2,christlichsozialeunion,1573431041,CSU,Party,Post
christlichsozialeunion/2021-09-19_10-53-20_UTC_1.jpg,Markus Söder,christlichsozialeunion,3+,CUACSSUqur2,christlichsozialeunion,1573431041,CSU,Party,Post
christlichsozialeunion/2021-09-19_10-53-20_UTC_2.jpg,Markus Söder,christlichsozialeunion,2,CUACSSUqur2,christlichsozialeunion,1573431041,CSU,Party,Post
christlichsozialeunion/2021-09-19_10-53-20_UTC_3.jpg,None,christlichsozialeunion,,CUACSSUqur2,christlichsozialeunion,1573431041,CSU,Party,Post
christlichsozialeunion/2021-09-19_10-53-20_UTC_4.jpg,None,christlichsozialeunion,,CUACSSUqur2,christlichsozialeunion,1573431041,CSU,Party,Post
christlichsozialeunion/2021-09-19_10-53-20_UTC_5.jpg,None,christlichsozialeunion,,CUACSSUqur2,christlichsozialeunion,1573431041,CSU,Party,Post
christlichsozialeunion/2021-09-19_10-53-20_UTC_6.jpg,None,christlichsozialeunion,,CUACSSUqur2,christlichsozialeunion,1573431041,CSU,Party,Post
christlichsozialeunion/2021-09-19_10-53-20_UTC_7.jpg,None,christlichsozialeunion,,CUACSSUqur2,christlichsozialeunion,1573431041,CSU,Party,Post
christlichsozialeunion/2021-09-19_14-08-09_UTC.jpg,None,christlichsozialeunion,,CUAYcfqKODP,christlichsozialeunion,1573431041,CSU,Party,Post
christlichsozialeunion/2021-09-20_10-45-27_UTC.jpg,None,christlichsozialeunion,,CUCmLgyqpsN,christlichsozialeunion,1573431041,CSU,Party,Post
christlichsozialeunion/2021-09-20_12-34-16_UTC.jpg,Markus Söder,christlichsozialeunion,1,CUCyockK3ta,christlichsozialeunion,1573431041,CSU,Party,Post
christlichsozialeunion/2021-09-20_13-23-24_UTC_4.jpg,None,christlichsozialeunion,,CUC4QXZtVlQ,christlichsozialeunion,1573431041,CSU,Party,Post
christlichsozialeunion/2021-09-20_13-23-24_UTC_5.jpg,None,christlichsozialeunion,,CUC4QXZtVlQ,christlichsozialeunion,1573431041,CSU,Party,Post
christlichsozialeunion/2021-09-20_13-23-24_UTC_6.jpg,None,christlichsozialeunion,,CUC4QXZtVlQ,christlichsozialeunion,1573431041,CSU,Party,Post
christlichsozialeunion/2021-09-20_13-23-24_UTC_7.jpg,None,christlichsozialeunion,,CUC4QXZtVlQ,christlichsozialeunion,1573431041,CSU,Party,Post
christlichsozialeunion/2021-09-20_13-23-24_UTC_8.jpg,None,christlichsozialeunion,,CUC4QXZtVlQ,christlichsozialeunion,1573431041,CSU,Party,Post
christlichsozialeunion/2021-09-20_13-23-24_UTC_9.jpg,None,christlichsozialeunion,,CUC4QXZtVlQ,christlichsozialeunion,1573431041,CSU,Party,Post
christlichsozialeunion/2021-09-20_14-29-16_UTC.jpg,None,christlichsozialeunion,,CUC_ywUKbER,christlichsozialeunion,1573431041,CSU,Party,Post
christlichsozialeunion/2021-09-20_15-40-17_UTC.jpg,None,christlichsozialeunion,,CUDH624K7op,christlichsozialeunion,1573431041,CSU,Party,Post
christlichsozialeunion/2021-09-21_06-00-11_UTC.jpg,None,christlichsozialeunion,,CUEqU9JKuPD,christlichsozialeunion,1573431041,CSU,Party,Post
christlichsozialeunion/2021-09-21_07-52-26_UTC.jpg,None,christlichsozialeunion,,CUE2nI5qAmU,christlichsozialeunion,1573431041,CSU,Party,Post
christlichsozialeunion/2021-09-21_09-38-46_UTC.jpg,None,christlichsozialeunion,,CUFDV9pKfCc,christlichsozialeunion,1573431041,CSU,Party,Post
christlichsozialeunion/2021-09-21_14-16-48_UTC.jpg,None,christlichsozialeunion,,CUFjGZPKdxT,christlichsozialeunion,1573431041,CSU,Party,Post
christlichsozialeunion/2021-09-21_17-00-51_UTC.jpg,None,christlichsozialeunion,,CUF170aqcZV,christlichsozialeunion,1573431041,CSU,Party,Post
christlichsozialeunion/2021-09-21_17-12-07_UTC.jpg,None,christlichsozialeunion,,CUF3JYfqlba,christlichsozialeunion,1573431041,CSU,Party,Post
christlichsozialeunion/2021-09-22_05-30-15_UTC.jpg,Markus Söder,christlichsozialeunion,1,CUHLsoHqJa2,christlichsozialeunion,1573431041,CSU,Party,Post
christlichsozialeunion/2021-09-22_08-45-54_UTC.jpg,None,christlichsozialeunion,,CUHiCLRKasX,christlichsozialeunion,1573431041,CSU,Party,Post
christlichsozialeunion/2021-09-22_09-42-25_UTC.jpg,None,christlichsozialeunion,,CUHojj7KQLs,christlichsozialeunion,1573431041,CSU,Party,Post
christlichsozialeunion/2021-09-22_14-02-34_UTC.jpg,None,christlichsozialeunion,,CUIGU-0qSZ5,christlichsozialeunion,1573431041,CSU,Party,Post
christlichsozialeunion/2021-09-22_14-30-51_UTC.jpg,None,christlichsozialeunion,,CUIJkD_qxxd,christlichsozialeunion,1573431041,CSU,Party,Post
christlichsozialeunion/2021-09-23_08-08-46_UTC.jpg,None,christlichsozialeunion,,CUKCoifqD9l,christlichsozialeunion,1573431041,CSU,Party,Post
christlichsozialeunion/2021-09-23_09-34-03_UTC.jpg,None,christlichsozialeunion,,CUKMXAmKm13,christlichsozialeunion,1573431041,CSU,Party,Post
christlichsozialeunion/2021-09-23_09-58-30_UTC.jpg,None,christlichsozialeunion,,CUKPMSnKEmQ,christlichsozialeunion,1573431041,CSU,Party,Post
christlichsozialeunion/2021-09-23_11-59-27_UTC.jpg,None,christlichsozialeunion,,CUKdCGwK1c9,christlichsozialeunion,1573431041,CSU,Party,Post
christlichsozialeunion/2021-09-23_19-34-53_UTC.jpg,Markus Söder,christlichsozialeunion,1,CULREv0KIBT,christlichsozialeunion,1573431041,CSU,Party,Post
christlichsozialeunion/2021-09-24_09-20-50_UTC.jpg,Markus Söder,christlichsozialeunion,3+,CUMvrMHqRuO,christlichsozialeunion,1573431041,CSU,Party,Post
christlichsozialeunion/2021-09-24_17-47-19_UTC_1.jpg,Markus Söder,christlichsozialeunion,3+,CUNpoxGKYfZ,christlichsozialeunion,1573431041,CSU,Party,Post
christlichsozialeunion/2021-09-24_17-47-19_UTC_2.jpg,Markus Söder,christlichsozialeunion,1,CUNpoxGKYfZ,christlichsozialeunion,1573431041,CSU,Party,Post
christlichsozialeunion/2021-09-24_17-47-19_UTC_3.jpg,None,christlichsozialeunion,,CUNpoxGKYfZ,christlichsozialeunion,1573431041,CSU,Party,Post
christlichsozialeunion/2021-09-24_17-47-19_UTC_4.jpg,None,christlichsozialeunion,,CUNpoxGKYfZ,christlichsozialeunion,1573431041,CSU,Party,Post
christlichsozialeunion/2021-09-24_17-47-19_UTC_5.jpg,None,christlichsozialeunion,,CUNpoxGKYfZ,christlichsozialeunion,1573431041,CSU,Party,Post
christlichsozialeunion/2021-09-24_17-47-19_UTC_6.jpg,Markus Söder,christlichsozialeunion,1,CUNpoxGKYfZ,christlichsozialeunion,1573431041,CSU,Party,Post
christlichsozialeunion/2021-09-24_17-47-19_UTC_7.jpg,None,christlichsozialeunion,,CUNpoxGKYfZ,christlichsozialeunion,1573431041,CSU,Party,Post
christlichsozialeunion/2021-09-24_17-47-19_UTC_8.jpg,None,christlichsozialeunion,,CUNpoxGKYfZ,christlichsozialeunion,1573431041,CSU,Party,Post
christlichsozialeunion/2021-09-24_17-52-49_UTC.jpg,Markus Söder,christlichsozialeunion,2,CUNqEt4q4pi,christlichsozialeunion,1573431041,CSU,Party,Post
christlichsozialeunion/2021-09-24_18-00-48_UTC.jpg,Markus Söder,christlichsozialeunion,1,CUNrLlXqGHA,christlichsozialeunion,1573431041,CSU,Party,Post
christlichsozialeunion/2021-09-24_18-34-35_UTC.jpg,Markus Söder,christlichsozialeunion,1,CUNu8OAq4b8,christlichsozialeunion,1573431041,CSU,Party,Post
christlichsozialeunion/2021-09-25_08-46-27_UTC.jpg,None,christlichsozialeunion,,CUPQdsTqJ7V,christlichsozialeunion,1573431041,CSU,Party,Post
christlichsozialeunion/2021-09-25_08-48-35_UTC.jpg,None,christlichsozialeunion,,CUPQx6WKifJ,christlichsozialeunion,1573431041,CSU,Party,Post
christlichsozialeunion/2021-09-25_12-49-31_UTC.jpg,None,christlichsozialeunion,,CUPsWk0qRzG,christlichsozialeunion,1573431041,CSU,Party,Post
christlichsozialeunion/2021-09-25_13-00-30_UTC.jpg,Markus Söder,christlichsozialeunion,1,CUPtm99qqd_,christlichsozialeunion,1573431041,CSU,Party,Post
christlichsozialeunion/2021-09-25_16-41-07_UTC.jpg,None,christlichsozialeunion,,CUQGwawKIl1,christlichsozialeunion,1573431041,CSU,Party,Post
die_gruenen/2021-09-12_08-27-20_UTC.jpg,Annalena Baerbock,die_gruenen,1,CTtwA4iK0S9,die_gruenen,2016981347,B90DieGruenen,Party,Post
die_gruenen/2021-09-12_16-05-53_UTC.jpg,None,die_gruenen,,CTukcAboQW0,die_gruenen,2016981347,B90DieGruenen,Party,Post
die_gruenen/2021-09-12_20-30-05_UTC.jpg,None,die_gruenen,,CTvCqGHoTny,die_gruenen,2016981347,B90DieGruenen,Party,Post
die_gruenen/2021-09-12_20-32-06_UTC.jpg,Annalena Baerbock,die_gruenen,1,CTvBwSHI4ZC,die_gruenen,2016981347,B90DieGruenen,Party,Post
die_gruenen/2021-09-13_06-24-47_UTC.jpg,None,die_gruenen,,CTwGyICK8z8,die_gruenen,2016981347,B90DieGruenen,Party,Post
die_gruenen/2021-09-13_12-11-28_UTC.jpg,None,die_gruenen,,CTwudVAqCSV,die_gruenen,2016981347,B90DieGruenen,Party,Post
die_gruenen/2021-09-13_16-46-33_UTC.jpg,Annalena Baerbock,die_gruenen,1,CTxNrwRo9Vh,die_gruenen,2016981347,B90DieGruenen,Party,Post
die_gruenen/2021-09-17_15-18-32_UTC_1.jpg,None,die_gruenen,,CT7XDBPKEED,die_gruenen,2016981347,B90DieGruenen,Party,Post
die_gruenen/2021-09-19_06-34-40_UTC_1.jpg,None,die_gruenen,,CT_kr18LkoS,die_gruenen,2016981347,B90DieGruenen,Party,Post
die_gruenen/2021-09-19_09-28-42_UTC.jpg,Annalena Baerbock,die_gruenen,1,CT_4jmarSGg,die_gruenen,2016981347,B90DieGruenen,Party,Post
die_gruenen/2021-09-19_12-05-44_UTC.jpg,Annalena Baerbock,die_gruenen,1,CUAKkpMKGwf,die_gruenen,2016981347,B90DieGruenen,Party,Post
die_gruenen/2021-09-19_14-02-17_UTC.jpg,None,die_gruenen,,CUAX6ObqIFU,die_gruenen,2016981347,B90DieGruenen,Party,Post
die_gruenen/2021-09-19_20-19-42_UTC.jpg,Annalena Baerbock,die_gruenen,1,CUBC4Orokcq,die_gruenen,2016981347,B90DieGruenen,Party,Post
die_gruenen/2021-09-20_08-47-11_UTC.jpg,None,die_gruenen,,CUCYpPcLzWO,die_gruenen,2016981347,B90DieGruenen,Party,Post
die_gruenen/2021-09-20_14-10-58_UTC.jpg,Annalena Baerbock,die_gruenen,3+,CUC9NyQIhRm,die_gruenen,2016981347,B90DieGruenen,Party,Post
die_gruenen/2021-09-20_16-09-06_UTC.jpg,Annalena Baerbock,die_gruenen,1,CUDLJwKIBXz,die_gruenen,2016981347,B90DieGruenen,Party,Post
die_gruenen/2021-09-21_16-13-15_UTC_1.jpg,None,die_gruenen,,CUFwfOAKTLG,die_gruenen,2016981347,B90DieGruenen,Party,Post
die_gruenen/2021-09-22_09-47-57_UTC.jpg,Annalena Baerbock,die_gruenen,1,CUHoRDGoDYE,die_gruenen,2016981347,B90DieGruenen,Party,Post
die_gruenen/2021-09-22_12-01-35_UTC_1.jpg,None,die_gruenen,,CUH4e5Oqnen,die_gruenen,2016981347,B90DieGruenen,Party,Post
die_gruenen/2021-09-23_12-40-16_UTC_1.jpg,None,die_gruenen,,CUKhtFtqydv,die_gruenen,2016981347,B90DieGruenen,Party,Post
die_gruenen/2021-09-23_14-13-06_UTC_1.jpg,None,die_gruenen,,CUKsU89q8Bm,die_gruenen,2016981347,B90DieGruenen,Party,Post
die_gruenen/2021-09-23_20-30-28_UTC.jpg,Annalena Baerbock,die_gruenen,1,CULXXK5odG9,die_gruenen,2016981347,B90DieGruenen,Party,Post
die_gruenen/2021-09-24_06-30-37_UTC.jpg,None,die_gruenen,,CUMcMjlKxyn,die_gruenen,2016981347,B90DieGruenen,Party,Post
die_gruenen/2021-09-24_06-55-12_UTC_1.jpg,Annalena Baerbock,die_gruenen,2,CUMfAiQqo4h,die_gruenen,2016981347,B90DieGruenen,Party,Post
die_gruenen/2021-09-24_15-39-19_UTC.jpg,None,die_gruenen,,CUNa_WZocqL,die_gruenen,2016981347,B90DieGruenen,Party,Post
die_gruenen/2021-09-24_15-45-55_UTC_1.jpg,None,die_gruenen,,CUNbvtVq9Zj,die_gruenen,2016981347,B90DieGruenen,Party,Post
die_gruenen/2021-09-24_16-22-56_UTC.jpg,Annalena Baerbock,die_gruenen,1,CUNf-yxI3Jq,die_gruenen,2016981347,B90DieGruenen,Party,Post
die_gruenen/2021-09-25_09-13-34_UTC.jpg,Annalena Baerbock,die_gruenen,2,CUPTnJ7LhXM,die_gruenen,2016981347,B90DieGruenen,Party,Post
die_gruenen/2021-09-25_13-20-51_UTC_2.jpg,None,die_gruenen,,CUPv8FKqJOq,die_gruenen,2016981347,B90DieGruenen,Party,Post
die_gruenen/2021-09-25_13-20-51_UTC_3.jpg,None,die_gruenen,,CUPv8FKqJOq,die_gruenen,2016981347,B90DieGruenen,Party,Post
die_gruenen/2021-09-25_13-20-51_UTC_4.jpg,None,die_gruenen,,CUPv8FKqJOq,die_gruenen,2016981347,B90DieGruenen,Party,Post
die_gruenen/2021-09-25_13-20-51_UTC_5.jpg,None,die_gruenen,,CUPv8FKqJOq,die_gruenen,2016981347,B90DieGruenen,Party,Post
die_gruenen/2021-09-25_13-20-51_UTC_6.jpg,None,die_gruenen,,CUPv8FKqJOq,die_gruenen,2016981347,B90DieGruenen,Party,Post
die_gruenen/2021-09-25_13-20-51_UTC_7.jpg,None,die_gruenen,,CUPv8FKqJOq,die_gruenen,2016981347,B90DieGruenen,Party,Post
fdp/2021-09-12_09-38-30_UTC.jpg,Christian Lindner,fdp,2,CTt3_qqAIKx,fdp,2127438079,FDP,Party,Post
fdp/2021-09-12_12-01-02_UTC.jpg,Christian Lindner,fdp,1,CTuIeBgtVJ4,fdp,2127438079,FDP,Party,Post
fdp/2021-09-13_07-09-10_UTC.jpg,None,fdp,,CTwL0BNKnYT,fdp,2127438079,FDP,Party,Post
fdp/2021-09-14_11-01-16_UTC.jpg,Christian Lindner,fdp,1,CTzLMRiK4Xo,fdp,2127438079,FDP,Party,Post
fdp/2021-09-14_13-30-06_UTC.jpg,None,fdp,,CTzcQLYqfGO,fdp,2127438079,FDP,Party,Post
fdp/2021-09-15_11-18-34_UTC.jpg,None,fdp,,CT1x_qktr2m,fdp,2127438079,FDP,Party,Post
fdp/2021-09-15_13-02-08_UTC_1.jpg,None,fdp,,CT192LZKPvQ,fdp,2127438079,FDP,Party,Post
fdp/2021-09-17_11-01-04_UTC.jpg,Christian Lindner,fdp,1,CT65lQOKQWd,fdp,2127438079,FDP,Party,Post
fdp/2021-09-19_12-52-45_UTC.jpg,Christian Lindner,fdp,1,CUAP870qiA9,fdp,2127438079,FDP,Party,Post
fdp/2021-09-21_13-31-22_UTC.jpg,Christian Lindner,fdp,1,CUFd7XTAmCb,fdp,2127438079,FDP,Party,Post
fdp/2021-09-22_15-59-21_UTC.jpg,Christian Lindner,fdp,1,CUITsPzq4Kv,fdp,2127438079,FDP,Party,Post
fdp/2021-09-23_07-01-25_UTC.jpg,Christian Lindner,fdp,1,CUJ67OeKuif,fdp,2127438079,FDP,Party,Post
fdp/2021-09-23_13-15-04_UTC.jpg,Christian Lindner,fdp,1,CUKlr8SKdkw,fdp,2127438079,FDP,Party,Post
fdp/2021-09-23_18-56-37_UTC.jpg,Christian Lindner,fdp,1,CULMxjyqa6t,fdp,2127438079,FDP,Party,Post
fdp/2021-09-24_10-01-04_UTC.jpg,None,fdp,,CUM0R5zqfmt,fdp,2127438079,FDP,Party,Post
fdp/2021-09-25_09-01-43_UTC.jpg,Christian Lindner,fdp,1,CUPSQP-qEMj,fdp,2127438079,FDP,Party,Post
markus.soeder/2021-09-12_20-09-57_UTC.jpg,Markus Söder,markus.soeder,1,CTvAa80qhnv,markus.soeder,1714611125,CSU,Person,Post
markus.soeder/2021-09-13_14-47-26_UTC_1.jpg,Markus Söder,markus.soeder,1,CTxATtmoEFp,markus.soeder,1714611125,CSU,Person,Post
markus.soeder/2021-09-13_14-47-26_UTC_2.jpg,Markus Söder,markus.soeder,1,CTxATtmoEFp,markus.soeder,1714611125,CSU,Person,Post
markus.soeder/2021-09-14_05-00-05_UTC.jpg,None,markus.soeder,,CTyh4qtKjfU,markus.soeder,1714611125,CSU,Person,Post
markus.soeder/2021-09-14_06-13-54_UTC.jpg,Markus Söder,markus.soeder,1,CTyqVYnow66,markus.soeder,1714611125,CSU,Person,Post
markus.soeder/2021-09-14_07-32-45_UTC_1.jpg,Markus Söder,markus.soeder,3+,CTyzWzBoPGq,markus.soeder,1714611125,CSU,Person,Post
markus.soeder/2021-09-14_07-32-45_UTC_2.jpg,Markus Söder,markus.soeder,3+,CTyzWzBoPGq,markus.soeder,1714611125,CSU,Person,Post
markus.soeder/2021-09-14_07-32-45_UTC_3.jpg,Markus Söder,markus.soeder,3+,CTyzWzBoPGq,markus.soeder,1714611125,CSU,Person,Post
markus.soeder/2021-09-14_09-31-19_UTC.jpg,None,markus.soeder,,CTzA7OHosLT,markus.soeder,1714611125,CSU,Person,Post
markus.soeder/2021-09-14_10-15-28_UTC.jpg,Markus Söder,markus.soeder,1,CTzF-qiKoxV,markus.soeder,1714611125,CSU,Person,Post
markus.soeder/2021-09-15_05-00-53_UTC.jpg,Markus Söder,markus.soeder,1,CT1GxcGKJrl,markus.soeder,1714611125,CSU,Person,Post
markus.soeder/2021-09-15_06-30-30_UTC.jpg,Markus Söder,markus.soeder,1,CT1RBxdqAG0,markus.soeder,1714611125,CSU,Person,Post
markus.soeder/2021-09-15_08-00-34_UTC.jpg,Markus Söder,markus.soeder,1,CT1bVdgq-Fe,markus.soeder,1714611125,CSU,Person,Post
markus.soeder/2021-09-15_14-55-59_UTC_1.jpg,Markus Söder,markus.soeder,3+,CT2K4GAouNr,markus.soeder,1714611125,CSU,Person,Post
markus.soeder/2021-09-15_14-55-59_UTC_2.jpg,Markus Söder,markus.soeder,3+,CT2K4GAouNr,markus.soeder,1714611125,CSU,Person,Post
markus.soeder/2021-09-15_14-55-59_UTC_3.jpg,Markus Söder,markus.soeder,3+,CT2K4GAouNr,markus.soeder,1714611125,CSU,Person,Post
markus.soeder/2021-09-15_15-55-29_UTC_1.jpg,Markus Söder,markus.soeder,2,CT2Rr0tIlxm,markus.soeder,1714611125,CSU,Person,Post
markus.soeder/2021-09-15_15-55-29_UTC_2.jpg,Markus Söder,markus.soeder,1,CT2Rr0tIlxm,markus.soeder,1714611125,CSU,Person,Post
markus.soeder/2021-09-15_15-55-29_UTC_3.jpg,Markus Söder,markus.soeder,2,CT2Rr0tIlxm,markus.soeder,1714611125,CSU,Person,Post
markus.soeder/2021-09-16_05-00-17_UTC.jpg,Markus Söder,markus.soeder,1,CT3rf96Kh1H,markus.soeder,1714611125,CSU,Person,Post
markus.soeder/2021-09-16_10-22-44_UTC_1.jpg,Markus Söder,markus.soeder,1,CT4QZkYozZ0,markus.soeder,1714611125,CSU,Person,Post
markus.soeder/2021-09-16_10-22-44_UTC_2.jpg,Markus Söder,markus.soeder,3+,CT4QZkYozZ0,markus.soeder,1714611125,CSU,Person,Post
markus.soeder/2021-09-16_10-22-44_UTC_3.jpg,Markus Söder,markus.soeder,1,CT4QZkYozZ0,markus.soeder,1714611125,CSU,Person,Post
markus.soeder/2021-09-16_15-50-02_UTC_1.jpg,Markus Söder,markus.soeder,3+,CT412xno-qP,markus.soeder,1714611125,CSU,Person,Post
markus.soeder/2021-09-16_15-50-02_UTC_2.jpg,Markus Söder,markus.soeder,3+,CT412xno-qP,markus.soeder,1714611125,CSU,Person,Post
markus.soeder/2021-09-16_15-50-02_UTC_3.jpg,Markus Söder,markus.soeder,3+,CT412xno-qP,markus.soeder,1714611125,CSU,Person,Post
markus.soeder/2021-09-16_15-50-02_UTC_4.jpg,Markus Söder,markus.soeder,3+,CT412xno-qP,markus.soeder,1714611125,CSU,Person,Post
markus.soeder/2021-09-16_16-00-56_UTC.jpg,Markus Söder,markus.soeder,1,CT43GpYqLAH,markus.soeder,1714611125,CSU,Person,Post
markus.soeder/2021-09-17_11-05-37_UTC_1.jpg,Markus Söder,markus.soeder,3+,CT66GnPo0Mc,markus.soeder,1714611125,CSU,Person,Post
markus.soeder/2021-09-17_11-05-37_UTC_2.jpg,Markus Söder,markus.soeder,3+,CT66GnPo0Mc,markus.soeder,1714611125,CSU,Person,Post
markus.soeder/2021-09-17_11-05-37_UTC_3.jpg,Markus Söder,markus.soeder,3+,CT66GnPo0Mc,markus.soeder,1714611125,CSU,Person,Post
markus.soeder/2021-09-17_11-45-11_UTC_1.jpg,Markus Söder,markus.soeder,2,CT6-oVRIT-y,markus.soeder,1714611125,CSU,Person,Post
markus.soeder/2021-09-17_11-45-11_UTC_2.jpg,Markus Söder,markus.soeder,2,CT6-oVRIT-y,markus.soeder,1714611125,CSU,Person,Post
markus.soeder/2021-09-17_13-31-31_UTC.jpg,None,markus.soeder,,CT7KsEnoh4j,markus.soeder,1714611125,CSU,Person,Post
markus.soeder/2021-09-18_10-05-35_UTC_1.jpg,Markus Söder,markus.soeder,1,CT9YByJKfi1,markus.soeder,1714611125,CSU,Person,Post
markus.soeder/2021-09-18_10-05-35_UTC_2.jpg,Markus Söder,markus.soeder,3+,CT9YByJKfi1,markus.soeder,1714611125,CSU,Person,Post
markus.soeder/2021-09-18_10-05-35_UTC_3.jpg,Markus Söder,markus.soeder,3+,CT9YByJKfi1,markus.soeder,1714611125,CSU,Person,Post
markus.soeder/2021-09-18_10-05-35_UTC_4.jpg,Markus Söder,markus.soeder,2,CT9YByJKfi1,markus.soeder,1714611125,CSU,Person,Post
markus.soeder/2021-09-19_12-43-37_UTC.jpg,Markus Söder,markus.soeder,3,CUAO6EMqlk8,markus.soeder,1714611125,CSU,Person,Post
markus.soeder/2021-09-20_11-09-29_UTC_1.jpg,Markus Söder,markus.soeder,2,CUCo7eFImrV,markus.soeder,1714611125,CSU,Person,Post
markus.soeder/2021-09-20_11-09-29_UTC_2.jpg,Markus Söder,markus.soeder,2,CUCo7eFImrV,markus.soeder,1714611125,CSU,Person,Post
markus.soeder/2021-09-20_11-09-29_UTC_3.jpg,Markus Söder,markus.soeder,2,CUCo7eFImrV,markus.soeder,1714611125,CSU,Person,Post
markus.soeder/2021-09-20_13-34-41_UTC.jpg,Markus Söder,markus.soeder,1,CUC5jClq5iR,markus.soeder,1714611125,CSU,Person,Post
markus.soeder/2021-09-20_14-35-36_UTC.jpg,Markus Söder,markus.soeder,1,CUDAhLUKaUf,markus.soeder,1714611125,CSU,Person,Post
markus.soeder/2021-09-21_13-39-35_UTC.jpg,Markus Söder,markus.soeder,3+,CUFe5yKIjql,markus.soeder,1714611125,CSU,Person,Post
markus.soeder/2021-09-21_14-32-44_UTC.jpg,Markus Söder,markus.soeder,1,CUFk-_CoOjh,markus.soeder,1714611125,CSU,Person,Post
markus.soeder/2021-09-21_15-12-47_UTC.jpg,Markus Söder,markus.soeder,1,CUFpkWcqVDn,markus.soeder,1714611125,CSU,Person,Post
markus.soeder/2021-09-22_05-00-10_UTC.jpg,Markus Söder,markus.soeder,1,CUHIQQJKmCo,markus.soeder,1714611125,CSU,Person,Post
markus.soeder/2021-09-22_13-27-13_UTC.jpg,Markus Söder,markus.soeder,2,CUICSAHI0W1,markus.soeder,1714611125,CSU,Person,Post
markus.soeder/2021-09-22_15-01-58_UTC.jpg,Markus Söder,markus.soeder,2,CUIM87DII5y,markus.soeder,1714611125,CSU,Person,Post
markus.soeder/2021-09-23_05-30-49_UTC.jpg,Markus Söder,markus.soeder,1,CUJwjtBKKqF,markus.soeder,1714611125,CSU,Person,Post
markus.soeder/2021-09-23_06-45-55_UTC.jpg,Markus Söder,markus.soeder,1,CUJ5JrFq_XU,markus.soeder,1714611125,CSU,Person,Post
markus.soeder/2021-09-23_13-00-42_UTC.jpg,Markus Söder,markus.soeder,1,CUKkCs3IaU7,markus.soeder,1714611125,CSU,Person,Post
markus.soeder/2021-09-23_18-11-21_UTC.jpg,Markus Söder,markus.soeder,2,CULHmCGoAyu,markus.soeder,1714611125,CSU,Person,Post
markus.soeder/2021-09-24_05-24-04_UTC.jpg,Markus Söder,markus.soeder,1,CUMUc1fIX0u,markus.soeder,1714611125,CSU,Person,Post
markus.soeder/2021-09-24_06-15-09_UTC.jpg,Markus Söder,markus.soeder,1,CUMaYCYIotm,markus.soeder,1714611125,CSU,Person,Post
markus.soeder/2021-09-24_09-12-12_UTC.jpg,Markus Söder,markus.soeder,3+,CUMur_KKa3g,markus.soeder,1714611125,CSU,Person,Post
markus.soeder/2021-09-24_10-51-37_UTC_1.jpg,Markus Söder,markus.soeder,3+,CUM6ELPI-7v,markus.soeder,1714611125,CSU,Person,Post
markus.soeder/2021-09-24_10-51-37_UTC_2.jpg,Markus Söder,markus.soeder,3+,CUM6ELPI-7v,markus.soeder,1714611125,CSU,Person,Post
markus.soeder/2021-09-24_10-51-37_UTC_3.jpg,Markus Söder,markus.soeder,1,CUM6ELPI-7v,markus.soeder,1714611125,CSU,Person,Post
markus.soeder/2021-09-24_15-24-01_UTC.jpg,Markus Söder,markus.soeder,3+,CUNZPTWIddx,markus.soeder,1714611125,CSU,Person,Post
markus.soeder/2021-09-24_17-11-37_UTC.jpg,Markus Söder,markus.soeder,1,CUNljUrqfS2,markus.soeder,1714611125,CSU,Person,Post
markus.soeder/2021-09-24_17-27-15_UTC.jpg,Markus Söder,markus.soeder,1,CUNnV1Iqh-B,markus.soeder,1714611125,CSU,Person,Post
markus.soeder/2021-09-24_17-43-58_UTC.jpg,Markus Söder,markus.soeder,1,CUNpQQRqUEE,markus.soeder,1714611125,CSU,Person,Post
markus.soeder/2021-09-24_18-00-27_UTC_1.jpg,Markus Söder,markus.soeder,3+,CUNrJAlKbAH,markus.soeder,1714611125,CSU,Person,Post
markus.soeder/2021-09-24_18-00-27_UTC_2.jpg,Markus Söder,markus.soeder,2,CUNrJAlKbAH,markus.soeder,1714611125,CSU,Person,Post
olafscholz/2021-09-12_06-04-39_UTC.jpg,Olaf Scholz,olafscholz,2,CTtfFpHjssI,olafscholz,29734347,SPD,Person,Post
olafscholz/2021-09-13_07-45-59_UTC.jpg,Olaf Scholz,olafscholz,1,CTwQCUnKj5R,olafscholz,29734347,SPD,Person,Post
olafscholz/2021-09-13_17-19-29_UTC.jpg,Olaf Scholz,olafscholz,3+,CTxRtTJNn7q,olafscholz,29734347,SPD,Person,Post
olafscholz/2021-09-14_10-23-23_UTC_1.jpg,Olaf Scholz,olafscholz,2,CTzG4oqsEgx,olafscholz,29734347,SPD,Person,Post
olafscholz/2021-09-14_10-23-23_UTC_2.jpg,Olaf Scholz,olafscholz,3+,CTzG4oqsEgx,olafscholz,29734347,SPD,Person,Post
olafscholz/2021-09-14_10-23-23_UTC_3.jpg,Olaf Scholz,olafscholz,3,CTzG4oqsEgx,olafscholz,29734347,SPD,Person,Post
olafscholz/2021-09-14_15-18-17_UTC.jpg,None,olafscholz,,CTzoj9KD3uk,olafscholz,29734347,SPD,Person,Post
olafscholz/2021-09-14_20-32-47_UTC.jpg,Olaf Scholz,olafscholz,2,CT0Mn8isDRV,olafscholz,29734347,SPD,Person,Post
olafscholz/2021-09-15_11-18-08_UTC.jpg,Olaf Scholz,olafscholz,1,CT1xvITjBl1,olafscholz,29734347,SPD,Person,Post
olafscholz/2021-09-15_13-26-59_UTC.jpg,Olaf Scholz,olafscholz,1,CT2AsQXKB2N,olafscholz,29734347,SPD,Person,Post
olafscholz/2021-09-15_16-06-34_UTC.jpg,Olaf Scholz,olafscholz,1,CT2S5IMjhHo,olafscholz,29734347,SPD,Person,Post
olafscholz/2021-09-16_08-20-47_UTC.jpg,Olaf Scholz,olafscholz,2,CT4CcXpsbEU,olafscholz,29734347,SPD,Person,Post
olafscholz/2021-09-16_15-57-44_UTC.jpg,None,olafscholz,,CT42vOWsRMP,olafscholz,29734347,SPD,Person,Post
olafscholz/2021-09-16_19-01-33_UTC_1.jpg,Olaf Scholz,olafscholz,2,CT5Lxe2sRdK,olafscholz,29734347,SPD,Person,Post
olafscholz/2021-09-16_19-01-33_UTC_2.jpg,Olaf Scholz,olafscholz,3+,CT5Lxe2sRdK,olafscholz,29734347,SPD,Person,Post
olafscholz/2021-09-16_19-01-33_UTC_3.jpg,Olaf Scholz,olafscholz,1,CT5Lxe2sRdK,olafscholz,29734347,SPD,Person,Post
olafscholz/2021-09-17_10-42-46_UTC_1.jpg,Olaf Scholz,olafscholz,3+,CT63fJmqb_M,olafscholz,29734347,SPD,Person,Post
olafscholz/2021-09-17_10-42-46_UTC_2.jpg,None,olafscholz,,CT63fJmqb_M,olafscholz,29734347,SPD,Person,Post
olafscholz/2021-09-17_19-18-27_UTC.jpg,None,olafscholz,,CT7ygNfMUVr,olafscholz,29734347,SPD,Person,Post
olafscholz/2021-09-18_11-33-33_UTC.jpg,None,olafscholz,,CT9iEKtqWZJ,olafscholz,29734347,SPD,Person,Post
olafscholz/2021-09-18_12-22-03_UTC_1.jpg,None,olafscholz,,CT9npNgsaPa,olafscholz,29734347,SPD,Person,Post
olafscholz/2021-09-18_12-22-03_UTC_2.jpg,Olaf Scholz,olafscholz,1,CT9npNgsaPa,olafscholz,29734347,SPD,Person,Post
olafscholz/2021-09-18_12-22-03_UTC_3.jpg,Olaf Scholz,olafscholz,3+,CT9npNgsaPa,olafscholz,29734347,SPD,Person,Post
olafscholz/2021-09-18_16-51-02_UTC.jpg,None,olafscholz,,CT-GZQhKgMc,olafscholz,29734347,SPD,Person,Post
olafscholz/2021-09-18_20-26-35_UTC_1.jpg,Olaf Scholz,olafscholz,1,CT-fGBoMbhN,olafscholz,29734347,SPD,Person,Post
olafscholz/2021-09-18_20-26-35_UTC_2.jpg,Olaf Scholz,olafscholz,3+,CT-fGBoMbhN,olafscholz,29734347,SPD,Person,Post
olafscholz/2021-09-18_20-26-35_UTC_3.jpg,None,olafscholz,,CT-fGBoMbhN,olafscholz,29734347,SPD,Person,Post
olafscholz/2021-09-18_20-26-35_UTC_4.jpg,Olaf Scholz,olafscholz,2,CT-fGBoMbhN,olafscholz,29734347,SPD,Person,Post
olafscholz/2021-09-18_20-26-35_UTC_5.jpg,None,olafscholz,,CT-fGBoMbhN,olafscholz,29734347,SPD,Person,Post
olafscholz/2021-09-19_06-31-01_UTC.jpg,Olaf Scholz,olafscholz,2,CT_kOxRKA-J,olafscholz,29734347,SPD,Person,Post
olafscholz/2021-09-19_12-46-17_UTC.jpg,Olaf Scholz,olafscholz,1,CUAPNq8MeFe,olafscholz,29734347,SPD,Person,Post
olafscholz/2021-09-20_11-29-19_UTC.jpg,Olaf Scholz,olafscholz,3+,CUCrMw4Mivy,olafscholz,29734347,SPD,Person,Post
olafscholz/2021-09-20_14-48-22_UTC.jpg,None,olafscholz,,CUDB3uaDQc2,olafscholz,29734347,SPD,Person,Post
olafscholz/2021-09-20_18-06-50_UTC_1.jpg,Olaf Scholz,olafscholz,3+,CUDYsP4MJVN,olafscholz,29734347,SPD,Person,Post
olafscholz/2021-09-20_18-06-50_UTC_2.jpg,Olaf Scholz,olafscholz,2,CUDYsP4MJVN,olafscholz,29734347,SPD,Person,Post
olafscholz/2021-09-20_18-06-50_UTC_3.jpg,Olaf Scholz,olafscholz,2,CUDYsP4MJVN,olafscholz,29734347,SPD,Person,Post
olafscholz/2021-09-20_18-06-50_UTC_4.jpg,Olaf Scholz,olafscholz,1,CUDYsP4MJVN,olafscholz,29734347,SPD,Person,Post
olafscholz/2021-09-21_11-26-43_UTC_1.jpg,Olaf Scholz,olafscholz,2,CUFPsmcMgNw,olafscholz,29734347,SPD,Person,Post
olafscholz/2021-09-21_11-26-43_UTC_2.jpg,Olaf Scholz,olafscholz,3+,CUFPsmcMgNw,olafscholz,29734347,SPD,Person,Post
olafscholz/2021-09-21_13-38-38_UTC.jpg,Olaf Scholz,olafscholz,1,CUFequVDhUP,olafscholz,29734347,SPD,Person,Post
olafscholz/2021-09-21_20-52-10_UTC.jpg,Olaf Scholz,olafscholz,2,CUGQaIqMvys,olafscholz,29734347,SPD,Person,Post
olafscholz/2021-09-22_12-20-14_UTC.jpg,Olaf Scholz,olafscholz,3+,CUH6kOnqm7d,olafscholz,29734347,SPD,Person,Post
olafscholz/2021-09-22_16-01-08_UTC.jpg,None,olafscholz,,CUIT5Ujsh3i,olafscholz,29734347,SPD,Person,Post
olafscholz/2021-09-22_20-57-22_UTC_2.jpg,Olaf Scholz,olafscholz,2,CUI1y_QsxjZ,olafscholz,29734347,SPD,Person,Post
olafscholz/2021-09-23_08-10-17_UTC.jpg,Olaf Scholz,olafscholz,2,CUKCzo1sIex,olafscholz,29734347,SPD,Person,Post
olafscholz/2021-09-23_14-27-32_UTC.jpg,Olaf Scholz,olafscholz,3+,CUKt-tRMWXj,olafscholz,29734347,SPD,Person,Post
olafscholz/2021-09-23_16-02-21_UTC.jpg,Olaf Scholz,olafscholz,1,CUK4wcGDJvx,olafscholz,29734347,SPD,Person,Post
olafscholz/2021-09-23_20-32-15_UTC.jpg,Olaf Scholz,olafscholz,2,CULXt7Fs41u,olafscholz,29734347,SPD,Person,Post
olafscholz/2021-09-24_11-51-14_UTC_1.jpg,Olaf Scholz,olafscholz,2,CUNA41IMYES,olafscholz,29734347,SPD,Person,Post
olafscholz/2021-09-24_11-51-14_UTC_2.jpg,Olaf Scholz,olafscholz,1,CUNA41IMYES,olafscholz,29734347,SPD,Person,Post
olafscholz/2021-09-24_17-07-55_UTC.jpg,None,olafscholz,,CUNlIMssQLw,olafscholz,29734347,SPD,Person,Post
olafscholz/2021-09-25_06-30-26_UTC.jpg,Olaf Scholz,olafscholz,1,CUPA-ACK6MW,olafscholz,29734347,SPD,Person,Post
olafscholz/2021-09-25_09-36-17_UTC.jpg,Olaf Scholz,olafscholz,2,CUPWPRiM_Ea,olafscholz,29734347,SPD,Person,Post
olafscholz/2021-09-25_11-22-24_UTC.jpg,Olaf Scholz,olafscholz,3+,CUPiYcTMwxW,olafscholz,29734347,SPD,Person,Post
olafscholz/2021-09-25_16-17-50_UTC.jpg,Olaf Scholz,olafscholz,1,CUQEGtODdYC,olafscholz,29734347,SPD,Person,Post
spdde/2021-09-12_12-25-49_UTC.jpg,Olaf Scholz,spdde,1,CTuLTmkseVW,spdde,211179,SPD,Party,Post
spdde/2021-09-12_18-32-44_UTC.jpg,None,spdde,,CTu1S7wgrTx,spdde,211179,SPD,Party,Post
spdde/2021-09-12_19-26-11_UTC.jpg,Olaf Scholz,spdde,1,CTu7aaighJc,spdde,211179,SPD,Party,Post
spdde/2021-09-12_19-33-17_UTC.jpg,Olaf Scholz,spdde,3,CTu8OZJALg0,spdde,211179,SPD,Party,Post
spdde/2021-09-12_19-52-28_UTC.jpg,None,spdde,,CTu-a-XgAQs,spdde,211179,SPD,Party,Post
spdde/2021-09-12_20-35-20_UTC.jpg,Olaf Scholz,spdde,3,CTvDU5yK0aS,spdde,211179,SPD,Party,Post
spdde/2021-09-13_10-51-14_UTC_1.jpg,None,spdde,,CTwlRr6qK1B,spdde,211179,SPD,Party,Post
spdde/2021-09-13_14-53-39_UTC.jpg,None,spdde,,CTxA73qg9VS,spdde,211179,SPD,Party,Post
spdde/2021-09-13_16-00-15_UTC.jpg,Olaf Scholz,spdde,1,CTxIpCYKAGG,spdde,211179,SPD,Party,Post
spdde/2021-09-14_12-19-45_UTC.jpg,None,spdde,,CTzULJaqLDf,spdde,211179,SPD,Party,Post
spdde/2021-09-14_15-07-56_UTC.jpg,None,spdde,,CTznLykA7Fw,spdde,211179,SPD,Party,Post
spdde/2021-09-14_16-08-41_UTC.jpg,None,spdde,,CTzuJzQguCt,spdde,211179,SPD,Party,Post
spdde/2021-09-14_18-00-57_UTC_1.jpg,Olaf Scholz,spdde,2,CTz7P4QKrwu,spdde,211179,SPD,Party,Post
spdde/2021-09-14_18-00-57_UTC_2.jpg,Olaf Scholz,spdde,3+,CTz7P4QKrwu,spdde,211179,SPD,Party,Post
spdde/2021-09-14_18-00-57_UTC_3.jpg,Olaf Scholz,spdde,3,CTz7P4QKrwu,spdde,211179,SPD,Party,Post
spdde/2021-09-14_18-00-57_UTC_4.jpg,Olaf Scholz,spdde,2,CTz7P4QKrwu,spdde,211179,SPD,Party,Post
spdde/2021-09-15_08-54-16_UTC_1.jpg,None,spdde,,CT1hexOKLqd,spdde,211179,SPD,Party,Post
spdde/2021-09-15_11-00-56_UTC.jpg,Olaf Scholz,spdde,2,CT1v7-RKJz0,spdde,211179,SPD,Party,Post
spdde/2021-09-16_14-37-13_UTC.jpg,Olaf Scholz,spdde,1,CT4teRMKy_h,spdde,211179,SPD,Party,Post
spdde/2021-09-16_16-07-38_UTC.jpg,None,spdde,,CT433ssMzcG,spdde,211179,SPD,Party,Post
spdde/2021-09-17_09-18-30_UTC.jpg,None,spdde,,CT6t2BHgl7v,spdde,211179,SPD,Party,Post
spdde/2021-09-17_10-32-40_UTC.jpg,Olaf Scholz,spdde,1,CT62VLaAcOb,spdde,211179,SPD,Party,Post
spdde/2021-09-17_18-00-10_UTC.jpg,Olaf Scholz,spdde,1,CT7pi2pK2fQ,spdde,211179,SPD,Party,Post
spdde/2021-09-18_09-00-38_UTC.jpg,Olaf Scholz,spdde,1,CT9QmBwKw5I,spdde,211179,SPD,Party,Post
spdde/2021-09-18_12-09-36_UTC.jpg,Olaf Scholz,spdde,1,CT9mFT4AMB2,spdde,211179,SPD,Party,Post
spdde/2021-09-18_14-42-04_UTC_1.jpg,None,spdde,,CT93qxNs86w,spdde,211179,SPD,Party,Post
spdde/2021-09-18_14-42-04_UTC_2.jpg,Olaf Scholz,spdde,1,CT93qxNs86w,spdde,211179,SPD,Party,Post
spdde/2021-09-18_14-42-04_UTC_3.jpg,Olaf Scholz,spdde,1,CT93qxNs86w,spdde,211179,SPD,Party,Post
spdde/2021-09-18_14-42-04_UTC_4.jpg,None,spdde,,CT93qxNs86w,spdde,211179,SPD,Party,Post
spdde/2021-09-18_14-42-04_UTC_5.jpg,None,spdde,,CT93qxNs86w,spdde,211179,SPD,Party,Post
spdde/2021-09-18_14-42-04_UTC_6.jpg,None,spdde,,CT93qxNs86w,spdde,211179,SPD,Party,Post
spdde/2021-09-18_14-42-04_UTC_7.jpg,Olaf Scholz,spdde,2,CT93qxNs86w,spdde,211179,SPD,Party,Post
spdde/2021-09-18_14-42-04_UTC_8.jpg,None,spdde,,CT93qxNs86w,spdde,211179,SPD,Party,Post
spdde/2021-09-18_14-42-04_UTC_9.jpg,Olaf Scholz,spdde,3+,CT93qxNs86w,spdde,211179,SPD,Party,Post
spdde/2021-09-19_18-45-34_UTC.jpg,Olaf Scholz,spdde,2,CUA4VG3Acw5,spdde,211179,SPD,Party,Post
spdde/2021-09-19_18-50-21_UTC.jpg,Olaf Scholz,spdde,1,CUA44KkAbEG,spdde,211179,SPD,Party,Post
spdde/2021-09-19_19-05-20_UTC_2.jpg,None,spdde,,CUA6l4IA64v,spdde,211179,SPD,Party,Post
spdde/2021-09-19_19-30-37_UTC.jpg,None,spdde,,CUA9fD4g1q9,spdde,211179,SPD,Party,Post
spdde/2021-09-19_20-34-50_UTC.jpg,Olaf Scholz,spdde,3,CUBE1Z-qJMj,spdde,211179,SPD,Party,Post
spdde/2021-09-20_12-42-02_UTC_1.jpg,None,spdde,,CUCzhbJqBas,spdde,211179,SPD,Party,Post
spdde/2021-09-20_15-56-40_UTC.jpg,Olaf Scholz,spdde,3+,CUDJp3wAqr2,spdde,211179,SPD,Party,Post
spdde/2021-09-20_17-17-32_UTC.jpg,Olaf Scholz,spdde,2,CUDS-ClAQhF,spdde,211179,SPD,Party,Post
spdde/2021-09-21_13-30-09_UTC_1.jpg,None,spdde,,CUFd0q9K6Nu,spdde,211179,SPD,Party,Post
spdde/2021-09-21_15-00-10_UTC.jpg,Olaf Scholz,spdde,1,CUFoH7UqP4l,spdde,211179,SPD,Party,Post
spdde/2021-09-22_11-21-14_UTC.jpg,None,spdde,,CUHzilcAHyO,spdde,211179,SPD,Party,Post
spdde/2021-09-22_13-31-09_UTC_1.jpg,None,spdde,,CUICu6XsTRk,spdde,211179,SPD,Party,Post
spdde/2021-09-22_15-28-23_UTC.jpg,Olaf Scholz,spdde,3+,CUIQGSiKjXU,spdde,211179,SPD,Party,Post
spdde/2021-09-22_18-00-38_UTC_1.jpg,Olaf Scholz,spdde,3+,CUIhknTKvcR,spdde,211179,SPD,Party,Post
spdde/2021-09-22_18-00-38_UTC_2.jpg,Olaf Scholz,spdde,3+,CUIhknTKvcR,spdde,211179,SPD,Party,Post
spdde/2021-09-22_18-00-38_UTC_3.jpg,Olaf Scholz,spdde,3+,CUIhknTKvcR,spdde,211179,SPD,Party,Post
spdde/2021-09-23_12-54-38_UTC.jpg,None,spdde,,CUKjDpkggYm,spdde,211179,SPD,Party,Post
spdde/2021-09-24_07-37-11_UTC.jpg,None,spdde,,CUMj0CIKtBs,spdde,211179,SPD,Party,Post
spdde/2021-09-24_15-25-20_UTC.jpg,None,spdde,,CUNZSn6AXp6,spdde,211179,SPD,Party,Post
spdde/2021-09-24_16-19-58_UTC.jpg,None,spdde,,CUNfbOxgEzN,spdde,211179,SPD,Party,Post
spdde/2021-09-24_17-55-02_UTC_1.jpg,None,spdde,,CUNqhSWg__h,spdde,211179,SPD,Party,Post
spdde/2021-09-24_17-55-02_UTC_2.jpg,Olaf Scholz,spdde,1,CUNqhSWg__h,spdde,211179,SPD,Party,Post
spdde/2021-09-24_17-55-02_UTC_3.jpg,None,spdde,,CUNqhSWg__h,spdde,211179,SPD,Party,Post
spdde/2021-09-24_17-55-02_UTC_4.jpg,None,spdde,,CUNqhSWg__h,spdde,211179,SPD,Party,Post
spdde/2021-09-24_17-55-02_UTC_6.jpg,Olaf Scholz,spdde,3+,CUNqhSWg__h,spdde,211179,SPD,Party,Post
spdde/2021-09-24_17-55-02_UTC_7.jpg,None,spdde,,CUNqhSWg__h,spdde,211179,SPD,Party,Post
spdde/2021-09-24_17-55-02_UTC_8.jpg,None,spdde,,CUNqhSWg__h,spdde,211179,SPD,Party,Post
spdde/2021-09-24_17-55-02_UTC_9.jpg,None,spdde,,CUNqhSWg__h,spdde,211179,SPD,Party,Post
spdde/2021-09-24_18-00-20_UTC_1.jpg,Olaf Scholz,spdde,1,CUNrILNK5nB,spdde,211179,SPD,Party,Post
spdde/2021-09-24_20-19-17_UTC_1.jpg,Olaf Scholz,spdde,1,CUN7B0Dgb-J,spdde,211179,SPD,Party,Post
spdde/2021-09-24_20-19-17_UTC_2.jpg,Olaf Scholz,spdde,2,CUN7B0Dgb-J,spdde,211179,SPD,Party,Post
spdde/2021-09-24_20-19-17_UTC_3.jpg,None,spdde,,CUN7B0Dgb-J,spdde,211179,SPD,Party,Post
spdde/2021-09-24_20-19-17_UTC_4.jpg,Olaf Scholz,spdde,2,CUN7B0Dgb-J,spdde,211179,SPD,Party,Post
spdde/2021-09-25_10-04-18_UTC.jpg,None,spdde,,CUPZchMq5S4,spdde,211179,SPD,Party,Post
spdde/2021-09-25_11-23-57_UTC.jpg,None,spdde,,CUPiZMEASW-,spdde,211179,SPD,Party,Post
spdde/2021-09-25_18-18-01_UTC.jpg,Olaf Scholz,spdde,1,CUQR6H4KhXw,spdde,211179,SPD,Party,Post
