face_uuid,match_file,match_score,model,distance_metric,number_of_hits
be4d0281-00f8-4c08-baf9-eb09fe94338b,5efa5b53-ada6-486e-8b66-4c6330a71ea7.png,0.6251140746648147,Facenet512,euclidean_l2,40
28fe59b4-68d2-4f47-8678-3391d339074b,9c3a43b8-03a7-453c-a980-1c4523abd5f3.png,0.8274689194908686,Facenet512,euclidean_l2,34
a1d63d53-4469-47fd-8f77-616751c34660,872af970-553e-4d30-abdc-252f937b8d70.png,0.6795702243920733,Facenet512,euclidean_l2,40
7234c42e-2b3a-41b1-97f0-d4853882154f,b95e4651-bf56-4f12-8d9c-4defe1aef9b0.png,0.3324802854256238,Facenet512,euclidean_l2,40
c6d80c20-0813-4022-86ad-8279d02a5739,7cdeee40-f222-4b03-a819-4db32fc47d20.png,0.587584798374197,Facenet512,euclidean_l2,40
c6eaf124-36cf-4d90-aee1-1b94b864c975,9c3a43b8-03a7-453c-a980-1c4523abd5f3.png,0.6767504270922275,Facenet512,euclidean_l2,40
4e8ca68f-4cc6-4acf-8498-727093585068,c0c7aedd-97dc-4394-8336-f812c19fc1a2.png,0.6687915166005044,Facenet512,euclidean_l2,40
79c91ab8-6fd8-448e-ad2f-28ebb76c9d29,c0c7aedd-97dc-4394-8336-f812c19fc1a2.png,0.5713191691036594,Facenet512,euclidean_l2,36
ba69017f-3f42-4512-9cad-7adcc7f9e4bc,1f347af9-a36f-4727-923b-4c1a1e934ab9.png,0.7069435275520987,Facenet512,euclidean_l2,40
54df6d89-84e5-4731-9850-e23c703733f9,f891fb5e-737c-4bf0-9c55-824f2cdff348.png,0.4398106813243635,Facenet512,euclidean_l2,40
a6118aec-42e5-4aaa-a0bf-c6a1053fb182,80b6f539-47d0-408e-8a0b-aadcffe513a5.png,0.7137723344736928,Facenet512,euclidean_l2,40
e51a0894-dfa6-4147-90ad-e960c8ee7fee,9c3a43b8-03a7-453c-a980-1c4523abd5f3.png,0.4281164494473054,Facenet512,euclidean_l2,40
8d6dbbc2-1f74-458b-ba65-977780cf58b7,9c3a43b8-03a7-453c-a980-1c4523abd5f3.png,0.7089656181451153,Facenet512,euclidean_l2,40
d8fb1bea-b189-4cd0-b158-e63fc41643b7,b95e4651-bf56-4f12-8d9c-4defe1aef9b0.png,0.45049504941746266,Facenet512,euclidean_l2,38
72201a79-b4fc-4208-aeb2-e008c741490f,d0e6d963-6d02-463b-a226-ce3f34b0fcc5.png,0.5551175923673319,Facenet512,euclidean_l2,40
2900d3e1-d65a-488e-8ae0-4ec877183baa,1f347af9-a36f-4727-923b-4c1a1e934ab9.png,0.7582858578394329,Facenet512,euclidean_l2,38
af8cf6bb-c771-4d7f-9f24-703776f53981,544c4dd7-ae0f-4d1e-825f-3d9e1eca7fd3.png,0.6051923058595616,Facenet512,euclidean_l2,40
277c1f34-f6d2-4064-ad32-3708c7179435,5efa5b53-ada6-486e-8b66-4c6330a71ea7.png,0.7901726104902513,Facenet512,euclidean_l2,28
d7d84080-cec3-4dc3-b556-4b9fdc78d113,6b5fba44-8fb8-4e07-98e3-960e82e765a9.png,0.9966144209523567,Facenet512,euclidean_l2,2
08da6fea-2544-4cae-a138-fc6ba470ab09,6eea9eca-17f8-4cce-b3dd-7cf5cb345415.png,0.895729905802195,Facenet512,euclidean_l2,18
38409c0e-7cc4-48f2-9aa6-5cf25f37cdfb,c0c7aedd-97dc-4394-8336-f812c19fc1a2.png,0.7229223854184953,Facenet512,euclidean_l2,34
3c465183-1b65-4c5e-ac60-c5e41f2643d1,872af970-553e-4d30-abdc-252f937b8d70.png,1.0170894423165442,Facenet512,euclidean_l2,2
0d0bb689-065f-4c70-89c8-3a06b2a550e0,f891fb5e-737c-4bf0-9c55-824f2cdff348.png,0.9756966823120339,Facenet512,euclidean_l2,8
0ed826c7-98f5-46e7-ac55-7cab2bb9d018,1bd44b42-05b1-4e5e-9ecf-b19872c3a776.png,0.8827435013276874,Facenet512,euclidean_l2,26
fd7e4259-5543-4904-a27a-7f9b02da4074,d0e6d963-6d02-463b-a226-ce3f34b0fcc5.png,0.6092870301140461,Facenet512,euclidean_l2,40
a9a91b81-f3b6-4c9f-988f-869db0e22e02,c0c7aedd-97dc-4394-8336-f812c19fc1a2.png,0.7395975796924937,Facenet512,euclidean_l2,38
a350351a-076c-44b7-8434-da6fcc7d0b86,laschet_armin.jpeg,0.5394432104428465,Facenet512,euclidean_l2,40
526c2645-173f-4924-bc39-58af9063518b,f891fb5e-737c-4bf0-9c55-824f2cdff348.png,0.7637995898112037,Facenet512,euclidean_l2,40
bda83b8d-2fd7-473d-bfb7-773e569a9741,5efa5b53-ada6-486e-8b66-4c6330a71ea7.png,0.7148905878510391,Facenet512,euclidean_l2,22
8989bbd4-25b7-4562-97a9-996e2f6b7d7f,b95e4651-bf56-4f12-8d9c-4defe1aef9b0.png,0.6053086224651343,Facenet512,euclidean_l2,40
d1ef5674-4e7c-463e-bc85-cef94ce0a373,b95e4651-bf56-4f12-8d9c-4defe1aef9b0.png,0.5814730362987787,Facenet512,euclidean_l2,40
dd6cf8c5-cf7a-4884-9396-8592ebf9d897,5efa5b53-ada6-486e-8b66-4c6330a71ea7.png,1.0128556267955595,Facenet512,euclidean_l2,2
003fc2c8-8701-47fd-9b30-daf0cedac1ec,c1a12a4c-30ca-47ec-b1c5-11409ded5262.png,0.6816285701133984,Facenet512,euclidean_l2,40
ae8e19cb-5ca9-489d-a1c4-76284ca1cabd,cc6b3530-cd71-4500-a5fe-d868c449b8d1.png,0.7652217181939986,Facenet512,euclidean_l2,24
09d7c02d-35c8-4994-89bb-a2429d1b0941,b95e4651-bf56-4f12-8d9c-4defe1aef9b0.png,0.41458738922293964,Facenet512,euclidean_l2,38
04414e89-58d6-4ae6-9845-30fc0ef46323,cc6b3530-cd71-4500-a5fe-d868c449b8d1.png,0.653891380792454,Facenet512,euclidean_l2,40
44c5ea4f-0659-47bf-ba84-f56f475448b5,1f347af9-a36f-4727-923b-4c1a1e934ab9.png,0.9184651058993548,Facenet512,euclidean_l2,22
6ffffd48-9d3f-4876-bb80-2060982593d4,d0e6d963-6d02-463b-a226-ce3f34b0fcc5.png,0.9301042530689014,Facenet512,euclidean_l2,10
c176fd12-97ea-4b67-895d-ed622a888a70,1e103923-022b-4d3f-a32e-e9c848a00e70.png,0.7020739215045187,Facenet512,euclidean_l2,40
d61d4d76-82b0-4b64-9fbf-c47d8e7a6337,c1a12a4c-30ca-47ec-b1c5-11409ded5262.png,0.4867576659488765,Facenet512,euclidean_l2,40
bf5db638-11b7-4278-bc8a-30fd449fe611,544c4dd7-ae0f-4d1e-825f-3d9e1eca7fd3.png,0.6545612760798065,Facenet512,euclidean_l2,38
e28e978d-4726-41d4-959a-dff7cca8fc05,d0e6d963-6d02-463b-a226-ce3f34b0fcc5.png,0.6417657031540224,Facenet512,euclidean_l2,34
3ca82414-3df9-4ac0-bbf3-f231892e6cec,1f347af9-a36f-4727-923b-4c1a1e934ab9.png,0.9174001010197576,Facenet512,euclidean_l2,24
a3d87b8a-e427-4091-ac47-587e49bccf54,c0c7aedd-97dc-4394-8336-f812c19fc1a2.png,0.6357058203423439,Facenet512,euclidean_l2,28
ba7c04a9-eadb-40b0-9f57-90469eabba25,c1a12a4c-30ca-47ec-b1c5-11409ded5262.png,0.8578974927190218,Facenet512,euclidean_l2,36
f14aa368-73b5-45b6-bcaa-62b4b0f139cb,cc6b3530-cd71-4500-a5fe-d868c449b8d1.png,0.8357860940721279,Facenet512,euclidean_l2,36
82532fe4-ff1e-493f-bc95-15ddaf95286a,cc6b3530-cd71-4500-a5fe-d868c449b8d1.png,0.6398493907214496,Facenet512,euclidean_l2,40
209b6853-711f-4446-9802-ebafad1b1eb1,cc6b3530-cd71-4500-a5fe-d868c449b8d1.png,0.9430278419429178,Facenet512,euclidean_l2,10
474efd6e-05d1-48b0-8dc5-90942527481b,6b5fba44-8fb8-4e07-98e3-960e82e765a9.png,1.0255910091912608,Facenet512,euclidean_l2,6
8c6976d8-fef1-47da-bdd4-849fd295a738,cc6b3530-cd71-4500-a5fe-d868c449b8d1.png,1.0110575030905231,Facenet512,euclidean_l2,4
c2081500-276d-4310-b4c1-4139009b0147,d0e6d963-6d02-463b-a226-ce3f34b0fcc5.png,0.5475777873141172,Facenet512,euclidean_l2,40
f0c8f1ec-1a01-4f6e-a5ea-914ca91b3807,5efa5b53-ada6-486e-8b66-4c6330a71ea7.png,0.73718134209523,Facenet512,euclidean_l2,36
91b5f1fd-18e7-4977-8617-7bf60383fe9e,1bd44b42-05b1-4e5e-9ecf-b19872c3a776.png,0.9769028834775818,Facenet512,euclidean_l2,2
62fcf14d-99e8-4d67-85b9-9da646b58d05,d0e6d963-6d02-463b-a226-ce3f34b0fcc5.png,0.5264543575243593,Facenet512,euclidean_l2,40
da9083b7-7675-4a33-a9d8-573a5d7c7667,80b6f539-47d0-408e-8a0b-aadcffe513a5.png,0.5141995893374322,Facenet512,euclidean_l2,40
f2b4e480-786a-4f4f-a137-ac81ac1b3eee,b95e4651-bf56-4f12-8d9c-4defe1aef9b0.png,0.5810312478679357,Facenet512,euclidean_l2,40
4dd65dcb-b72f-43f7-be2e-8f59290b7e1a,5efa5b53-ada6-486e-8b66-4c6330a71ea7.png,0.6241876945249811,Facenet512,euclidean_l2,40
310e0ca3-b5a3-4d48-b7ed-cebb620f2975,872af970-553e-4d30-abdc-252f937b8d70.png,1.028272130268744,Facenet512,euclidean_l2,2
61d4addb-01f0-4744-9670-1ad12be5e31b,c0c7aedd-97dc-4394-8336-f812c19fc1a2.png,0.6868313964570278,Facenet512,euclidean_l2,40
afb0d2b6-2deb-4d43-8375-a50f829d093e,1f347af9-a36f-4727-923b-4c1a1e934ab9.png,0.8059735665464685,Facenet512,euclidean_l2,34
bd45715b-87a8-4778-9971-c38ce9077b5c,6b5fba44-8fb8-4e07-98e3-960e82e765a9.png,1.0199918208283947,Facenet512,euclidean_l2,2
9dbc5ed7-e00a-472c-9bb9-509f87d88182,cc6b3530-cd71-4500-a5fe-d868c449b8d1.png,0.9816034790448164,Facenet512,euclidean_l2,10
23c15031-e929-4eea-bcbe-519719a35bb3,d0e6d963-6d02-463b-a226-ce3f34b0fcc5.png,0.751559501035279,Facenet512,euclidean_l2,40
ee54b5d7-0bf3-4db9-9577-312972c51172,7cdeee40-f222-4b03-a819-4db32fc47d20.png,0.640715745635762,Facenet512,euclidean_l2,40
962d5aae-7236-4118-968c-48e06f18d2d2,f891fb5e-737c-4bf0-9c55-824f2cdff348.png,0.9310741362461902,Facenet512,euclidean_l2,10
fb98f204-3c7f-49a6-8881-4564b75c8415,5efa5b53-ada6-486e-8b66-4c6330a71ea7.png,0.7275439773801594,Facenet512,euclidean_l2,18
a20fdbb5-8ba6-480c-8512-b4c5480c6b01,5efa5b53-ada6-486e-8b66-4c6330a71ea7.png,0.7263563245986645,Facenet512,euclidean_l2,40
b840e057-d254-4200-89a4-4e9b1c87db14,1f347af9-a36f-4727-923b-4c1a1e934ab9.png,0.6904515888035597,Facenet512,euclidean_l2,38
1e19601a-5fad-4f09-818c-76b0ca70294f,d0e6d963-6d02-463b-a226-ce3f34b0fcc5.png,0.5988121958136019,Facenet512,euclidean_l2,40
e4603358-510d-4fbf-b3f0-dd528ccdccec,5efa5b53-ada6-486e-8b66-4c6330a71ea7.png,0.5660817844635756,Facenet512,euclidean_l2,36
c9dc6737-674a-4569-8670-d04ac1aa9280,b95e4651-bf56-4f12-8d9c-4defe1aef9b0.png,0.31910263094822733,Facenet512,euclidean_l2,40
ea291910-9890-4650-8ce6-5c41094b437b,6eea9eca-17f8-4cce-b3dd-7cf5cb345415.png,1.024362193266937,Facenet512,euclidean_l2,2
36c15bce-f8c3-46e0-baee-cba74ff5bd89,5efa5b53-ada6-486e-8b66-4c6330a71ea7.png,0.7725037338228834,Facenet512,euclidean_l2,30
501a723e-b731-446a-b79c-6ef093c87204,9c3a43b8-03a7-453c-a980-1c4523abd5f3.png,0.5564336780113853,Facenet512,euclidean_l2,40
70b95a76-1842-464e-8c7b-c49feff25686,f7a956bb-513b-4ae7-9fb0-2adc7ab25076.png,0.891575224022927,Facenet512,euclidean_l2,10
7f3586e2-9a99-4208-92e6-cc16b82e12b4,c0c7aedd-97dc-4394-8336-f812c19fc1a2.png,0.791738878932367,Facenet512,euclidean_l2,38
70eecef3-e830-4a70-a2a7-7bd25b383d41,cc6b3530-cd71-4500-a5fe-d868c449b8d1.png,0.7511806113253661,Facenet512,euclidean_l2,40
09319a79-dbec-4c90-9ad0-16080dca911a,cc6b3530-cd71-4500-a5fe-d868c449b8d1.png,0.640497545662035,Facenet512,euclidean_l2,40
911c2356-b8c2-4e47-9df3-6f94680c7012,c0c7aedd-97dc-4394-8336-f812c19fc1a2.png,0.7395975796924937,Facenet512,euclidean_l2,38
f92ced52-05d2-4fa8-a9e4-e88a966a7f83,5efa5b53-ada6-486e-8b66-4c6330a71ea7.png,0.5745149565683636,Facenet512,euclidean_l2,40
675ecd0c-68d6-4eea-88f9-d761519ec3b6,laschet_armin.jpeg,0.4770899233385908,Facenet512,euclidean_l2,38
737f0936-ee3d-42dd-a46d-1c8f70f2956c,laschet_armin.jpeg,0.6223432947636685,Facenet512,euclidean_l2,40
cf153917-023d-49c7-840e-9bfd6604780d,f891fb5e-737c-4bf0-9c55-824f2cdff348.png,0.46779335702292363,Facenet512,euclidean_l2,38
3898699d-2db4-4630-b21c-c96df66d1083,5efa5b53-ada6-486e-8b66-4c6330a71ea7.png,0.8877759764198153,Facenet512,euclidean_l2,6
1b5d1190-62e9-4210-9120-be97d666f5ca,f891fb5e-737c-4bf0-9c55-824f2cdff348.png,0.7813970888324694,Facenet512,euclidean_l2,24
362faa1c-ed62-4c80-b2a0-1e4d58715059,cc6b3530-cd71-4500-a5fe-d868c449b8d1.png,0.6556399885040541,Facenet512,euclidean_l2,40
ab331282-f81b-4126-8b3c-04c09fcde902,6eea9eca-17f8-4cce-b3dd-7cf5cb345415.png,0.9202367499963345,Facenet512,euclidean_l2,6
e178a328-0a69-44d0-a175-c0cec93746b2,1bd44b42-05b1-4e5e-9ecf-b19872c3a776.png,0.5086577681330684,Facenet512,euclidean_l2,40
cd46351c-a418-4f43-b04b-602756020bdd,5efa5b53-ada6-486e-8b66-4c6330a71ea7.png,0.6516958833475437,Facenet512,euclidean_l2,40
894f6531-dbd7-4287-a046-2da118c6a28d,d0e6d963-6d02-463b-a226-ce3f34b0fcc5.png,0.5677523986867129,Facenet512,euclidean_l2,40
8b7a154c-0c08-4ad3-88b2-bb7af9c77ceb,c0c7aedd-97dc-4394-8336-f812c19fc1a2.png,0.47292927071254365,Facenet512,euclidean_l2,38
59f2ab5b-c756-4844-addd-3023416d31f6,b95e4651-bf56-4f12-8d9c-4defe1aef9b0.png,0.5420376111994764,Facenet512,euclidean_l2,40
eabe84c6-00c9-4dc9-af82-7e34c373d48b,d0e6d963-6d02-463b-a226-ce3f34b0fcc5.png,0.6808850505234997,Facenet512,euclidean_l2,40
8dbab2c4-3b7b-42da-a302-5d19e3730221,laschet_armin.jpeg,0.7053836671841666,Facenet512,euclidean_l2,40
977706a4-932f-4265-81af-68afaa9655a5,f7a956bb-513b-4ae7-9fb0-2adc7ab25076.png,0.814324138943703,Facenet512,euclidean_l2,16
82685574-d50f-4e89-b535-b26cf0e1db64,laschet_armin.jpeg,0.7373451910579636,Facenet512,euclidean_l2,40
585934f3-99c7-4c8e-9751-f8cad5c60de5,b95e4651-bf56-4f12-8d9c-4defe1aef9b0.png,0.5170177720632606,Facenet512,euclidean_l2,40
57802663-d042-4830-9d7b-87204904a04d,9c3a43b8-03a7-453c-a980-1c4523abd5f3.png,0.9135215433680327,Facenet512,euclidean_l2,18
2b23e1ed-281d-4222-8212-b5dd5978df48,cc6b3530-cd71-4500-a5fe-d868c449b8d1.png,0.7383201486512232,Facenet512,euclidean_l2,34
c91b8c74-c781-40f3-b55a-97186c256b40,c0c7aedd-97dc-4394-8336-f812c19fc1a2.png,0.6176979964902616,Facenet512,euclidean_l2,38
87e410d1-5caa-4c6f-8fc8-3a9453fd6146,1f347af9-a36f-4727-923b-4c1a1e934ab9.png,1.0317106589307345,Facenet512,euclidean_l2,2
8f2bac54-b12f-475d-afdb-1008fc4fbefc,872af970-553e-4d30-abdc-252f937b8d70.png,0.9946049722539791,Facenet512,euclidean_l2,2
75197f5f-979f-4d3d-8764-4a61b5e8536a,5efa5b53-ada6-486e-8b66-4c6330a71ea7.png,0.6953465808141016,Facenet512,euclidean_l2,40
8062532b-dcf2-4f39-b358-540233be9dbd,544c4dd7-ae0f-4d1e-825f-3d9e1eca7fd3.png,0.6570030675562665,Facenet512,euclidean_l2,40
1d0f28a1-8e5c-4f1b-b311-110373a7c165,c0c7aedd-97dc-4394-8336-f812c19fc1a2.png,0.5507119316562412,Facenet512,euclidean_l2,38
c15b6960-098f-4df6-9406-5cb0c9247304,5efa5b53-ada6-486e-8b66-4c6330a71ea7.png,1.035085340741422,Facenet512,euclidean_l2,2
1f183799-d077-4766-83e9-e0e7ecceef65,cc6b3530-cd71-4500-a5fe-d868c449b8d1.png,0.5965286808917563,Facenet512,euclidean_l2,40
02bf3538-ee12-4903-9a70-8042f5fa041d,6b5fba44-8fb8-4e07-98e3-960e82e765a9.png,0.9353422868870015,Facenet512,euclidean_l2,2
387e92ed-51fe-4b4a-a37e-ae4a07dc9dcf,laschet_armin.jpeg,0.490768684562683,Facenet512,euclidean_l2,38
dbe8a755-d300-48bc-ab74-6ff3778733b1,c9b28a08-82fc-4524-9287-70b4dbc96c5b.png,0.9535002920885255,Facenet512,euclidean_l2,12
4966862a-220b-4677-8dff-47d20e149f39,c0c7aedd-97dc-4394-8336-f812c19fc1a2.png,0.6065753892126362,Facenet512,euclidean_l2,36
39337df2-a969-4724-b035-78053a25a955,cc6b3530-cd71-4500-a5fe-d868c449b8d1.png,0.9105797710961561,Facenet512,euclidean_l2,10
f46e1343-7fe6-4eba-a05a-fdaccb00cf68,f7a956bb-513b-4ae7-9fb0-2adc7ab25076.png,0.8141138043727648,Facenet512,euclidean_l2,20
9989cf70-85d3-48da-8919-d9f0a26cc3f3,f891fb5e-737c-4bf0-9c55-824f2cdff348.png,0.9873341863780883,Facenet512,euclidean_l2,2
77e58591-48dc-4151-8ed3-967386212f83,laschet_armin.jpeg,0.6009421895506408,Facenet512,euclidean_l2,38
659814ba-6945-4a8f-baa6-dc2708ae07fa,cc6b3530-cd71-4500-a5fe-d868c449b8d1.png,0.9570552848076139,Facenet512,euclidean_l2,8
f747143f-8e2e-4edd-8f4a-340801e23dcf,80b6f539-47d0-408e-8a0b-aadcffe513a5.png,0.39328542016117046,Facenet512,euclidean_l2,40
c44d3253-f70f-46c8-9019-b407a97ccb63,d0e6d963-6d02-463b-a226-ce3f34b0fcc5.png,0.7836528172648809,Facenet512,euclidean_l2,40
e619fe8d-c7c3-44cc-91e8-40084cdf7266,9c3a43b8-03a7-453c-a980-1c4523abd5f3.png,0.6941917177152717,Facenet512,euclidean_l2,40
62f0634b-4c46-432d-995c-a2cdd3e66d9c,5efa5b53-ada6-486e-8b66-4c6330a71ea7.png,0.6719314044028744,Facenet512,euclidean_l2,40
d81e6c55-8ce7-49c2-bc2e-7faf67927343,5efa5b53-ada6-486e-8b66-4c6330a71ea7.png,0.7112835257369737,Facenet512,euclidean_l2,40
edc1ad1d-a75e-44cc-95ca-b9699fafcc6d,5efa5b53-ada6-486e-8b66-4c6330a71ea7.png,0.6393787060453165,Facenet512,euclidean_l2,34
7adae84d-5c00-41ec-8812-0557bcadb665,1bd44b42-05b1-4e5e-9ecf-b19872c3a776.png,0.7653965781528688,Facenet512,euclidean_l2,18
5877f97c-1967-4b2a-94f0-55cba41a5623,6eea9eca-17f8-4cce-b3dd-7cf5cb345415.png,0.913622056556019,Facenet512,euclidean_l2,12
b2335109-68db-4a33-b144-69ee05730cef,1bd44b42-05b1-4e5e-9ecf-b19872c3a776.png,0.8875804096807219,Facenet512,euclidean_l2,26
1cfb9b7e-72b6-4fde-93fd-e132427c5dd3,c0c7aedd-97dc-4394-8336-f812c19fc1a2.png,0.7816688486253917,Facenet512,euclidean_l2,36
c761a2d2-71a1-486f-8519-9617ddda1cda,c0c7aedd-97dc-4394-8336-f812c19fc1a2.png,0.7713440692417428,Facenet512,euclidean_l2,20
15eaa1e3-102a-493a-8482-419f8e7b877f,cc6b3530-cd71-4500-a5fe-d868c449b8d1.png,1.0241118062085615,Facenet512,euclidean_l2,2
babbd18b-c655-465d-b180-995a865d6f46,6eea9eca-17f8-4cce-b3dd-7cf5cb345415.png,0.8580207961798835,Facenet512,euclidean_l2,28
c3c1ff33-e69e-4356-9f8e-7605d369ff10,1f347af9-a36f-4727-923b-4c1a1e934ab9.png,0.8123509463204958,Facenet512,euclidean_l2,24
6931f623-3682-459d-933d-dd527800efe1,d0e6d963-6d02-463b-a226-ce3f34b0fcc5.png,0.7766159440437519,Facenet512,euclidean_l2,40
92bd79b5-8427-4de4-9804-6d889758c28d,d0e6d963-6d02-463b-a226-ce3f34b0fcc5.png,0.3152807167082091,Facenet512,euclidean_l2,40
24215c77-f99a-43a5-af44-377bc9b0b86d,laschet_armin.jpeg,0.7014654480945308,Facenet512,euclidean_l2,40
feaf6fb4-487d-406c-a4c6-210b4d4a40c6,5efa5b53-ada6-486e-8b66-4c6330a71ea7.png,0.8967117136156396,Facenet512,euclidean_l2,32
10cae54c-1171-4d09-ab1c-b80bc8ccd7fa,80b6f539-47d0-408e-8a0b-aadcffe513a5.png,0.7882241034752097,Facenet512,euclidean_l2,40
c486565d-bd4f-439b-8d43-ab431079b840,1e103923-022b-4d3f-a32e-e9c848a00e70.png,0.717845070568025,Facenet512,euclidean_l2,40
5219dff8-98bd-473e-bf60-5664c78ebaa1,laschet_armin.jpeg,0.9827066864203934,Facenet512,euclidean_l2,2
160463d0-315c-48d2-8414-e492991596ab,5efa5b53-ada6-486e-8b66-4c6330a71ea7.png,1.0300578889156147,Facenet512,euclidean_l2,2
cf7242b1-ad33-47f4-97ca-85b6db925082,b95e4651-bf56-4f12-8d9c-4defe1aef9b0.png,0.6481344470193322,Facenet512,euclidean_l2,38
8a0a1511-4aa3-43f6-8ac5-07d838f66fd7,1f347af9-a36f-4727-923b-4c1a1e934ab9.png,0.9184651058993548,Facenet512,euclidean_l2,22
b2e3601e-f0f6-457f-ab26-4106f8c9c30b,d0e6d963-6d02-463b-a226-ce3f34b0fcc5.png,0.9301042530689014,Facenet512,euclidean_l2,10
8d32855b-4fe6-44ac-be9d-3d47aaaf4f64,5efa5b53-ada6-486e-8b66-4c6330a71ea7.png,0.9863668029433049,Facenet512,euclidean_l2,4
56239880-1112-4fb9-9019-65ddca3cd5cd,6b5fba44-8fb8-4e07-98e3-960e82e765a9.png,0.9759998469474742,Facenet512,euclidean_l2,6
3f6a53c8-53b0-4961-96d4-acc887e8ff07,b95e4651-bf56-4f12-8d9c-4defe1aef9b0.png,0.3559267774070867,Facenet512,euclidean_l2,40
6d719252-b87b-49f1-88b6-7262c764d262,laschet_armin.jpeg,0.6112509607569606,Facenet512,euclidean_l2,38
7b8d7ddd-11e4-4af7-96c0-c785d5af8ae4,5efa5b53-ada6-486e-8b66-4c6330a71ea7.png,0.7310175340781768,Facenet512,euclidean_l2,18
e51b6dc4-1376-457f-bd6d-b9b9411a41b6,d0e6d963-6d02-463b-a226-ce3f34b0fcc5.png,0.8945555595172392,Facenet512,euclidean_l2,30
47b3f0ee-7b54-4420-a796-01718e6ac265,cc6b3530-cd71-4500-a5fe-d868c449b8d1.png,1.004985650916761,Facenet512,euclidean_l2,4
40648470-b0cf-4e07-a08b-2b9063a9e78b,5efa5b53-ada6-486e-8b66-4c6330a71ea7.png,0.6610316140845086,Facenet512,euclidean_l2,34
1095d896-32ef-4f41-95cd-1933f38ad039,f891fb5e-737c-4bf0-9c55-824f2cdff348.png,0.5952369324097313,Facenet512,euclidean_l2,38
b9542270-9efd-4217-953f-a1be77b229fe,5efa5b53-ada6-486e-8b66-4c6330a71ea7.png,0.5707881427268557,Facenet512,euclidean_l2,40
1bee575a-cdd2-4ae8-a682-173e78107ce5,c0c7aedd-97dc-4394-8336-f812c19fc1a2.png,0.5291036243974621,Facenet512,euclidean_l2,36
f5aaca69-14d5-4d79-9544-d988ad227431,cc6b3530-cd71-4500-a5fe-d868c449b8d1.png,0.9525343704908527,Facenet512,euclidean_l2,14
8001c362-d430-44b1-a524-51d38216e58f,laschet_armin.jpeg,0.5495788570219918,Facenet512,euclidean_l2,38
7f3c7ee7-d898-4427-bd5e-d33255801336,1e103923-022b-4d3f-a32e-e9c848a00e70.png,0.6103242769164782,Facenet512,euclidean_l2,38
56317dc6-9642-4961-9947-36b209fbbb85,544c4dd7-ae0f-4d1e-825f-3d9e1eca7fd3.png,0.6423275830266211,Facenet512,euclidean_l2,40
1cd8df13-e870-44bf-b09c-26417779cab2,1e103923-022b-4d3f-a32e-e9c848a00e70.png,1.028656237889607,Facenet512,euclidean_l2,2
03197b4d-b5ae-4ad2-9dfd-f13b697ee4b9,b95e4651-bf56-4f12-8d9c-4defe1aef9b0.png,0.5193661865856709,Facenet512,euclidean_l2,40
4b311669-16a1-4548-ae9c-317e12d05be1,c1a12a4c-30ca-47ec-b1c5-11409ded5262.png,0.6877742022172308,Facenet512,euclidean_l2,40
e56c1f02-1037-4060-a30b-f6bfac00ee76,5efa5b53-ada6-486e-8b66-4c6330a71ea7.png,0.5643933721946263,Facenet512,euclidean_l2,38
2609b3ca-e7af-4ef8-a26f-08893221416e,cc6b3530-cd71-4500-a5fe-d868c449b8d1.png,0.9711481306042867,Facenet512,euclidean_l2,8
fc1aa905-8b64-42bc-a11b-dbadec659755,laschet_armin.jpeg,0.7631107970495009,Facenet512,euclidean_l2,34
30a3b04b-0377-44d2-8135-21df4718b311,laschet_armin.jpeg,0.5787475325654615,Facenet512,euclidean_l2,38
29e5ef8d-c48e-48af-9d42-1245e7243c22,d0e6d963-6d02-463b-a226-ce3f34b0fcc5.png,0.6742863005102261,Facenet512,euclidean_l2,38
f2e3bf26-73e8-4cab-bd9c-29959867fbc2,1f347af9-a36f-4727-923b-4c1a1e934ab9.png,0.7994569554742387,Facenet512,euclidean_l2,36
9f1e586a-19cf-4a1b-a5b3-241b93a368f2,1f347af9-a36f-4727-923b-4c1a1e934ab9.png,0.8947740101182574,Facenet512,euclidean_l2,28
e16948dd-56df-4ec6-b043-d2a34f88c0ae,cc6b3530-cd71-4500-a5fe-d868c449b8d1.png,1.0156475400443672,Facenet512,euclidean_l2,2
1caa9d37-5ec2-402a-b844-20c75cf40186,5efa5b53-ada6-486e-8b66-4c6330a71ea7.png,0.46565878887354567,Facenet512,euclidean_l2,38
0bcb9399-e265-4342-aff0-9c83606eace2,laschet_armin.jpeg,1.0103399605622312,Facenet512,euclidean_l2,4
259f613a-3fd0-4f5c-8898-6e7720f54258,c1a12a4c-30ca-47ec-b1c5-11409ded5262.png,0.717794696320458,Facenet512,euclidean_l2,40
4f42dece-0781-40b8-9287-1b979882b4af,c0c7aedd-97dc-4394-8336-f812c19fc1a2.png,0.5728352502259123,Facenet512,euclidean_l2,40
79d3ae76-a9bf-4c83-95ff-384b9ab6c28a,laschet_armin.jpeg,0.5531691956031897,Facenet512,euclidean_l2,40
b22f689c-85ca-4de1-93b1-1bf9515cef0a,80b6f539-47d0-408e-8a0b-aadcffe513a5.png,0.3927596205372656,Facenet512,euclidean_l2,40
50137cd2-e222-46ee-86da-95fd9385bde3,5efa5b53-ada6-486e-8b66-4c6330a71ea7.png,0.5716220079655375,Facenet512,euclidean_l2,40
7b334214-776f-4f30-8c14-ce8fe375d0f4,6eea9eca-17f8-4cce-b3dd-7cf5cb345415.png,0.6013440996679211,Facenet512,euclidean_l2,40
1c24a888-95c3-4ccb-8bec-b1fa63390eec,1f347af9-a36f-4727-923b-4c1a1e934ab9.png,0.6795891688656649,Facenet512,euclidean_l2,38
9de0a59f-0e90-463a-98be-fcf29846af9a,c0c7aedd-97dc-4394-8336-f812c19fc1a2.png,0.622175150141716,Facenet512,euclidean_l2,40
ca8015a3-ba29-48a5-b78d-9e47aec5bd65,1e103923-022b-4d3f-a32e-e9c848a00e70.png,0.7513780798324007,Facenet512,euclidean_l2,38
4aa09354-996b-4212-92ef-9473fefa9f66,c0c7aedd-97dc-4394-8336-f812c19fc1a2.png,0.5545357769881297,Facenet512,euclidean_l2,34
15ff594a-9436-4dd7-b0cb-6e4de16ca121,1bd44b42-05b1-4e5e-9ecf-b19872c3a776.png,0.9902575128847904,Facenet512,euclidean_l2,4
bb8cc05a-29dd-4b98-8221-1a104ddeb26e,d0e6d963-6d02-463b-a226-ce3f34b0fcc5.png,0.5838815047240713,Facenet512,euclidean_l2,40
ee3a4872-68e0-489b-ab2f-48b7afdb1f72,d0e6d963-6d02-463b-a226-ce3f34b0fcc5.png,0.6301074872460092,Facenet512,euclidean_l2,40
5c539bab-600b-4081-b182-69cb51169b3b,1e103923-022b-4d3f-a32e-e9c848a00e70.png,0.5919771783111887,Facenet512,euclidean_l2,40
b42c702f-c7d1-49bb-90a1-0366c35c207d,laschet_armin.jpeg,0.5879728620575109,Facenet512,euclidean_l2,38
c4178fa0-8423-44f6-b52c-88c353bc4fa3,6b5fba44-8fb8-4e07-98e3-960e82e765a9.png,1.0047428845412616,Facenet512,euclidean_l2,4
0b84c0ac-dfe3-41a8-a7c8-22eeacfbfa5c,5efa5b53-ada6-486e-8b66-4c6330a71ea7.png,0.6282950406020926,Facenet512,euclidean_l2,32
c483369c-3e44-459c-9e94-b7cae7662976,7cdeee40-f222-4b03-a819-4db32fc47d20.png,0.7542373038055451,Facenet512,euclidean_l2,34
a71d3c77-f120-48af-b183-ed66d8747e55,5efa5b53-ada6-486e-8b66-4c6330a71ea7.png,0.6286549502042148,Facenet512,euclidean_l2,40
dcb723ec-7fcc-43de-8a3c-ab5b6bbad12a,9c3a43b8-03a7-453c-a980-1c4523abd5f3.png,0.8111061476758904,Facenet512,euclidean_l2,34
17fd31d7-eecb-4784-b5b4-9f4ba043d911,5efa5b53-ada6-486e-8b66-4c6330a71ea7.png,0.7124538656258073,Facenet512,euclidean_l2,40
3acefd16-178b-473a-a7b7-ca9420b95411,cc6b3530-cd71-4500-a5fe-d868c449b8d1.png,0.8936283767930981,Facenet512,euclidean_l2,20
27e8df23-9bd1-4c95-aa3d-8bfe1c958cdf,5efa5b53-ada6-486e-8b66-4c6330a71ea7.png,0.7401198083230182,Facenet512,euclidean_l2,16
381ce11b-8a63-408a-bf0c-63d37bb07e91,7cdeee40-f222-4b03-a819-4db32fc47d20.png,0.7001195839434124,Facenet512,euclidean_l2,40
d97c1c44-c9e7-426c-888a-02ca688618ca,9c3a43b8-03a7-453c-a980-1c4523abd5f3.png,0.49876597204158823,Facenet512,euclidean_l2,40
eaddbb34-0c53-402e-a1a6-168bb4c6880e,2e3825be-7e0c-4e62-b2c7-b9aea0bcb158.png,0.6655635763796178,Facenet512,euclidean_l2,26
e6cdc0fb-e937-4bf2-a3ec-6b3b5a6f9664,aef8776f-6cb2-461e-aa5f-26798f3b263e.png,0.9929375677096164,Facenet512,euclidean_l2,4
4ee8f0a7-7bf7-4794-be61-7bf09b17c32c,e673e074-b17d-46b3-a482-2f69bca15936.png,1.0374962444402385,Facenet512,euclidean_l2,2
4144d885-0982-4a8c-a28e-78ce7e8401c5,8cc74ed4-1eaf-489c-8072-432287400d9b.png,0.46596457642571804,Facenet512,euclidean_l2,26
11f73482-4f5c-47f1-91ad-f045c9ce2931,aef8776f-6cb2-461e-aa5f-26798f3b263e.png,0.5545539332162426,Facenet512,euclidean_l2,26
74b87fb3-7346-4cb8-9c70-dfe853c3676b,732bdb01-2da9-438e-9b36-04c89ad1eea4.png,0.4279318631698102,Facenet512,euclidean_l2,26
7db93a81-d5b5-41e7-a4e4-9fde4f04c756,soeder.jpeg,0.6637603188217517,Facenet512,euclidean_l2,26
905ef69c-5069-49b0-875e-8e959aeb18bf,471d9645-9a33-471b-9e3e-5bfb82032fd8.png,0.8512310302862789,Facenet512,euclidean_l2,20
c1423139-3d6a-401c-bbbf-7a7794f53c64,2e3825be-7e0c-4e62-b2c7-b9aea0bcb158.png,0.5961457538631472,Facenet512,euclidean_l2,26
778a1496-f8fe-4f8c-9a07-4d508372dd58,8cc74ed4-1eaf-489c-8072-432287400d9b.png,0.2762549188277214,Facenet512,euclidean_l2,26
2b6e409b-7ea5-4a4b-ad7a-df1a9a7c54d5,983080ac-9963-4313-84db-4ad3649257da.png,1.0153531528071336,Facenet512,euclidean_l2,4
4cdb4628-1dec-4162-86a9-855dfba1fab0,e673e074-b17d-46b3-a482-2f69bca15936.png,0.4202539083403681,Facenet512,euclidean_l2,26
4b714e6c-857c-4e92-bf71-a2b299b9063b,49bdb61e-e0b0-4666-9cf0-5c7ab16b2516.png,0.9702827472957614,Facenet512,euclidean_l2,4
27962d8b-4b3b-4b79-8212-666aec8c6484,aef8776f-6cb2-461e-aa5f-26798f3b263e.png,1.0261187086944428,Facenet512,euclidean_l2,2
ccba54d6-dd2d-4139-851c-2384fa5339cf,7b71cbfb-e1d9-44c4-98cf-df3e9761a43b.png,0.5267001911303478,Facenet512,euclidean_l2,26
6413c023-de20-467d-84ff-0f3ede75cb38,aef8776f-6cb2-461e-aa5f-26798f3b263e.png,1.031456634036391,Facenet512,euclidean_l2,2
eb6a4043-7096-4186-8e7a-4ff0344a07b3,732bdb01-2da9-438e-9b36-04c89ad1eea4.png,0.5542523054813785,Facenet512,euclidean_l2,26
9db0646a-042d-4161-a022-cab7eea48ac3,983080ac-9963-4313-84db-4ad3649257da.png,1.0051522484980144,Facenet512,euclidean_l2,2
fd62a2a2-72b3-4a2f-810a-a676dc2b0ee5,471d9645-9a33-471b-9e3e-5bfb82032fd8.png,0.5387726205977331,Facenet512,euclidean_l2,26
1da08149-0498-45a6-854e-f1dabac69e63,8cc74ed4-1eaf-489c-8072-432287400d9b.png,0.2950838147593106,Facenet512,euclidean_l2,26
52735d0a-9f56-4709-8e89-e7231baed287,49bdb61e-e0b0-4666-9cf0-5c7ab16b2516.png,0.6941480601306896,Facenet512,euclidean_l2,26
93f9499f-5ecc-413a-93d0-bad4771d9d09,8cc74ed4-1eaf-489c-8072-432287400d9b.png,0.2340986766586751,Facenet512,euclidean_l2,26
2b8bd8a7-606a-4517-b37b-c380c645f1c0,7b71cbfb-e1d9-44c4-98cf-df3e9761a43b.png,0.6879928080347,Facenet512,euclidean_l2,26
f7ef5dff-8c4a-41e3-a466-687db8f74dbf,732bdb01-2da9-438e-9b36-04c89ad1eea4.png,0.48739794582391,Facenet512,euclidean_l2,26
44696d81-4dcd-4198-ba7a-bf58695f5e84,8cc74ed4-1eaf-489c-8072-432287400d9b.png,0.2900688773426296,Facenet512,euclidean_l2,26
606d9ae1-1f45-4340-a3f1-68403d5330a4,471d9645-9a33-471b-9e3e-5bfb82032fd8.png,0.5807699479094831,Facenet512,euclidean_l2,26
9eb3f5a7-0149-43db-8e6b-c4024ae960bd,d58b66d8-f621-4c58-9284-a999f266986a.png,0.29532091795177645,Facenet512,euclidean_l2,26
1b35f187-28b8-4d34-9b73-471b2b92bec9,49bdb61e-e0b0-4666-9cf0-5c7ab16b2516.png,0.6880586669888465,Facenet512,euclidean_l2,26
2d446c74-8e9b-47ce-8a1f-95f50394c10d,2e3825be-7e0c-4e62-b2c7-b9aea0bcb158.png,0.5349298914532185,Facenet512,euclidean_l2,26
a1b8a7a3-687d-44e6-97b5-53587e5a573c,7b71cbfb-e1d9-44c4-98cf-df3e9761a43b.png,0.9716928657128268,Facenet512,euclidean_l2,2
53813468-6742-4dd6-819e-b785d7726a47,471d9645-9a33-471b-9e3e-5bfb82032fd8.png,0.5958401111318211,Facenet512,euclidean_l2,26
7d553e64-f603-4792-bb92-89991ac80652,983080ac-9963-4313-84db-4ad3649257da.png,0.6271971856482725,Facenet512,euclidean_l2,26
0fd51ea3-4a79-428f-b005-12ac2af4e445,af45e70d-e05b-4c1c-89ac-114a74810f45.png,0.8408808339377007,Facenet512,euclidean_l2,16
13bca9b4-48dc-47ca-a3c6-f16417219733,49bdb61e-e0b0-4666-9cf0-5c7ab16b2516.png,0.8127233644873911,Facenet512,euclidean_l2,26
dbb9e7e0-2126-4128-89e7-70a3ff377955,2e3825be-7e0c-4e62-b2c7-b9aea0bcb158.png,0.4935759953288597,Facenet512,euclidean_l2,26
593ac4ab-9ac2-42d6-9e04-55a78da72097,49bdb61e-e0b0-4666-9cf0-5c7ab16b2516.png,0.8543287510204494,Facenet512,euclidean_l2,16
735b1b8a-9765-46a1-99c9-eddebd47eb04,49bdb61e-e0b0-4666-9cf0-5c7ab16b2516.png,0.9319515239120155,Facenet512,euclidean_l2,2
d82ea7d0-a046-4cd0-b1cc-b6f97507ca5d,aef8776f-6cb2-461e-aa5f-26798f3b263e.png,0.7477886788034567,Facenet512,euclidean_l2,26
e2a77b61-e929-4473-b3d1-7b08be0a0f78,49bdb61e-e0b0-4666-9cf0-5c7ab16b2516.png,0.9401590934108821,Facenet512,euclidean_l2,12
599c06f6-98dd-4fbc-9ae6-7c6df722dcce,49bdb61e-e0b0-4666-9cf0-5c7ab16b2516.png,1.0007304823541465,Facenet512,euclidean_l2,2
3a06b7a2-2745-457e-bfb2-549670d8e8ea,471d9645-9a33-471b-9e3e-5bfb82032fd8.png,0.47012111319077765,Facenet512,euclidean_l2,26
33fecca3-a0a8-4271-8280-fa6d7f161471,8cc74ed4-1eaf-489c-8072-432287400d9b.png,0.6810078982463301,Facenet512,euclidean_l2,26
360af307-cf87-4623-9be0-cdcf27711dce,7b71cbfb-e1d9-44c4-98cf-df3e9761a43b.png,0.6968724176549733,Facenet512,euclidean_l2,26
61b38a93-f2cc-45ae-94df-b2aff9888247,e673e074-b17d-46b3-a482-2f69bca15936.png,1.0031333373926403,Facenet512,euclidean_l2,2
6e6fee37-0db2-4288-bc37-6c4fbfaeee36,af45e70d-e05b-4c1c-89ac-114a74810f45.png,1.014711505278404,Facenet512,euclidean_l2,4
51355b8f-3f4d-4dd9-9d0d-673f162c1222,49bdb61e-e0b0-4666-9cf0-5c7ab16b2516.png,0.8796829843419409,Facenet512,euclidean_l2,8
49300ea7-d585-4976-af14-6efcf9025323,af45e70d-e05b-4c1c-89ac-114a74810f45.png,0.744154931710522,Facenet512,euclidean_l2,24
1cf632c2-9b1f-46c9-9987-853e9f9b3ad0,49bdb61e-e0b0-4666-9cf0-5c7ab16b2516.png,1.0081793306028706,Facenet512,euclidean_l2,2
608415bb-a941-4732-8b8d-d708c9f4fdc6,aef8776f-6cb2-461e-aa5f-26798f3b263e.png,0.348803482532012,Facenet512,euclidean_l2,26
07446cf1-53c7-4da2-95f5-cc6f6cb0ce60,e673e074-b17d-46b3-a482-2f69bca15936.png,0.9881008708231567,Facenet512,euclidean_l2,2
1669f249-846c-4fef-9044-d166da7b19cf,dade5d2a-6e44-4700-a1b0-7a6449735c40.png,0.9877571065242444,Facenet512,euclidean_l2,10
297cf6a9-d672-4ed3-ad54-95dc960cd639,8cc74ed4-1eaf-489c-8072-432287400d9b.png,0.2762549188277214,Facenet512,euclidean_l2,26
da65baeb-bbee-44e7-8ad6-438b96369c98,471d9645-9a33-471b-9e3e-5bfb82032fd8.png,0.5834288865998801,Facenet512,euclidean_l2,26
73be3a1a-8cc2-4bd4-a0ed-aff6864f3a0a,7b71cbfb-e1d9-44c4-98cf-df3e9761a43b.png,0.6252115177635453,Facenet512,euclidean_l2,26
daacd769-2ff5-476d-9068-b48b802534e4,dade5d2a-6e44-4700-a1b0-7a6449735c40.png,0.8856585641831399,Facenet512,euclidean_l2,20
6e2daa63-9ee6-42b8-9827-bef1449fa6c2,dade5d2a-6e44-4700-a1b0-7a6449735c40.png,0.6856222640956421,Facenet512,euclidean_l2,26
f4c0171c-8a31-4f29-9c8f-24a3294e9261,49bdb61e-e0b0-4666-9cf0-5c7ab16b2516.png,0.965242855967955,Facenet512,euclidean_l2,8
3b975851-fda7-4403-8294-15620ecf7cbc,49bdb61e-e0b0-4666-9cf0-5c7ab16b2516.png,0.6748259036691467,Facenet512,euclidean_l2,26
9082a509-2b6b-48ee-a65a-3ea29b0d8bd3,af45e70d-e05b-4c1c-89ac-114a74810f45.png,0.8371425280663068,Facenet512,euclidean_l2,24
2758be86-a658-47c3-a0d3-63002fa00c83,49bdb61e-e0b0-4666-9cf0-5c7ab16b2516.png,0.8400406586367534,Facenet512,euclidean_l2,18
097c6106-341d-4cf3-9f53-adfaf7834056,d58b66d8-f621-4c58-9284-a999f266986a.png,0.4568339215016687,Facenet512,euclidean_l2,26
8359a82d-cfa6-4e44-8d0e-53bb5fa7cd37,2e3825be-7e0c-4e62-b2c7-b9aea0bcb158.png,0.23749720399505314,Facenet512,euclidean_l2,26
ae7d2114-425e-481d-b025-ed8214080ca4,49bdb61e-e0b0-4666-9cf0-5c7ab16b2516.png,0.9890125794784869,Facenet512,euclidean_l2,8
4fb3852a-c386-4c23-bec6-e4e1cb192038,2e3825be-7e0c-4e62-b2c7-b9aea0bcb158.png,0.5893798064748378,Facenet512,euclidean_l2,26
4bac266b-2ba0-4b35-ad5d-4b3193ffece4,471d9645-9a33-471b-9e3e-5bfb82032fd8.png,0.6338132819690413,Facenet512,euclidean_l2,26
e8a71d01-ecc8-4aca-ad09-7eca688c5392,471d9645-9a33-471b-9e3e-5bfb82032fd8.png,0.6152611598382316,Facenet512,euclidean_l2,26
34f4a52c-1110-4e61-90bb-f599d6fd82a6,471d9645-9a33-471b-9e3e-5bfb82032fd8.png,0.5060737314548724,Facenet512,euclidean_l2,26
20d680c8-b056-45dd-ae4c-cf1a4e68f16e,aef8776f-6cb2-461e-aa5f-26798f3b263e.png,1.0363720528706628,Facenet512,euclidean_l2,2
2173e175-d764-484a-a5b0-04608fe8676c,49bdb61e-e0b0-4666-9cf0-5c7ab16b2516.png,1.0366990321198841,Facenet512,euclidean_l2,2
2e8b9102-41d7-44c1-abb6-288e0c63889b,732bdb01-2da9-438e-9b36-04c89ad1eea4.png,0.48927515305057545,Facenet512,euclidean_l2,26
ce6e175c-86f9-42a7-a600-8004728f163f,49bdb61e-e0b0-4666-9cf0-5c7ab16b2516.png,0.6875362574886884,Facenet512,euclidean_l2,26
2dc87720-d75d-42cd-9b05-65d252aff6d3,8cc74ed4-1eaf-489c-8072-432287400d9b.png,0.6193044328605491,Facenet512,euclidean_l2,24
3c84676e-51e1-4845-a8a0-8be6a82fac03,983080ac-9963-4313-84db-4ad3649257da.png,0.37370047714640164,Facenet512,euclidean_l2,26
bab254ce-aaa1-4d0e-9028-fb256d5caa72,af45e70d-e05b-4c1c-89ac-114a74810f45.png,0.2347310692084437,Facenet512,euclidean_l2,26
eb3c1547-474f-424f-8f71-1de150dae7ef,d58b66d8-f621-4c58-9284-a999f266986a.png,0.5417475570094735,Facenet512,euclidean_l2,26
fd62d927-b82d-46cd-8cb6-df59ec2209a5,d58b66d8-f621-4c58-9284-a999f266986a.png,0.6838524734106665,Facenet512,euclidean_l2,26
35feddc0-6b4f-4f03-94a3-1e164432dc62,49bdb61e-e0b0-4666-9cf0-5c7ab16b2516.png,0.9011815150212638,Facenet512,euclidean_l2,10
5f5ab89b-dd17-4d89-a454-a727a4300ea9,471d9645-9a33-471b-9e3e-5bfb82032fd8.png,0.6528594283653696,Facenet512,euclidean_l2,26
6a57ff0c-b5b1-4a62-b2fd-8baccb4ed2e0,49bdb61e-e0b0-4666-9cf0-5c7ab16b2516.png,0.9403472673271458,Facenet512,euclidean_l2,12
7c731959-98a2-4463-9519-edfb7b7e7278,49bdb61e-e0b0-4666-9cf0-5c7ab16b2516.png,0.792029345039398,Facenet512,euclidean_l2,20
0d6a8425-2fce-4606-92ff-27199fae29d2,soeder.jpeg,0.5575187830272242,Facenet512,euclidean_l2,26
3af9ab65-b85c-424f-85c9-94546046e466,d58b66d8-f621-4c58-9284-a999f266986a.png,0.29532091795177645,Facenet512,euclidean_l2,26
08917d88-16ed-47ac-93d8-d1328ee2159d,d58b66d8-f621-4c58-9284-a999f266986a.png,0.5934457096599143,Facenet512,euclidean_l2,26
5552551c-70ce-493c-9023-aba4e3cf4025,471d9645-9a33-471b-9e3e-5bfb82032fd8.png,0.3263466708963746,Facenet512,euclidean_l2,26
d8669ac5-c0f3-4382-b317-f82d503617cb,d58b66d8-f621-4c58-9284-a999f266986a.png,0.6916320376548822,Facenet512,euclidean_l2,26
576aad00-a833-47de-8235-cba2a4512109,dade5d2a-6e44-4700-a1b0-7a6449735c40.png,0.26852349972171535,Facenet512,euclidean_l2,26
3a3e6556-f783-4cdf-a2f6-bd541afbe691,d58b66d8-f621-4c58-9284-a999f266986a.png,0.47793269656838494,Facenet512,euclidean_l2,26
894f45e4-f380-46a7-9750-84bf65bb154d,732bdb01-2da9-438e-9b36-04c89ad1eea4.png,0.6871219134109466,Facenet512,euclidean_l2,26
bd8ee23d-7b66-4bcb-ad55-293450fa6cb0,d58b66d8-f621-4c58-9284-a999f266986a.png,0.6063669651478586,Facenet512,euclidean_l2,26
ecc578af-375d-404c-9fb4-87e98e292425,7b71cbfb-e1d9-44c4-98cf-df3e9761a43b.png,0.8380984077233474,Facenet512,euclidean_l2,18
da2c5e6e-5cbc-4d29-a85d-eeb8a5766417,8cc74ed4-1eaf-489c-8072-432287400d9b.png,0.5732389212306442,Facenet512,euclidean_l2,26
22e2ee11-8ba4-4597-adcd-84ed11948bc9,dade5d2a-6e44-4700-a1b0-7a6449735c40.png,0.8451001808018855,Facenet512,euclidean_l2,22
6611068c-dd2b-4502-a909-a77a59635236,2e3825be-7e0c-4e62-b2c7-b9aea0bcb158.png,0.5349298914532185,Facenet512,euclidean_l2,26
794381eb-9159-464c-923e-2af6d24d5e1a,2e3825be-7e0c-4e62-b2c7-b9aea0bcb158.png,0.7217371104720237,Facenet512,euclidean_l2,24
84e922ef-8133-4197-b388-2dd5f5424947,983080ac-9963-4313-84db-4ad3649257da.png,0.9705419969078929,Facenet512,euclidean_l2,10
2d81b78c-cfc2-46f2-8193-e896c52a8591,d58b66d8-f621-4c58-9284-a999f266986a.png,0.8590896943605281,Facenet512,euclidean_l2,18
143db11e-f3b0-4149-af5e-4738bf15f40d,471d9645-9a33-471b-9e3e-5bfb82032fd8.png,0.7224647041781275,Facenet512,euclidean_l2,26
e808b1ba-0ac9-4ee9-8607-9fde70847a17,49bdb61e-e0b0-4666-9cf0-5c7ab16b2516.png,0.7829385816797884,Facenet512,euclidean_l2,18
4a4856a4-aff1-4793-ba0b-e660dab4dbb9,49bdb61e-e0b0-4666-9cf0-5c7ab16b2516.png,0.9205812298783765,Facenet512,euclidean_l2,6
89118434-38d3-4375-83f7-984eb0e4b376,49bdb61e-e0b0-4666-9cf0-5c7ab16b2516.png,0.8097432159868738,Facenet512,euclidean_l2,26
67ec3a5f-6fdf-4629-b43c-3a9302881a66,b2b81709-caad-45cc-b632-78901d5ab389.png,1.0384286427092992,Facenet512,euclidean_l2,2
1f51e30a-2df5-46d9-9b70-917368d7de98,aba5bb44-8485-4f0d-9b60-c596194fa33b.png,0.5202839843901679,Facenet512,euclidean_l2,20
9eb6bca7-7de4-435b-bc9c-f604877a1cf4,510f4815-9191-4558-aab2-b98e5cb8f643.png,0.5306321013652995,Facenet512,euclidean_l2,20
3fd2dc39-5ab8-4fd3-8b60-41c85cc2d8ae,cebfea5f-bce7-498c-9d1a-5b80c9e97361.png,0.795499440936838,Facenet512,euclidean_l2,18
30a6c23c-74d8-4f58-b015-d81ea84fa415,3e230648-0328-4861-ada8-f718b0287f5e.png,0.6916010816444524,Facenet512,euclidean_l2,20
cc8d065e-bb1c-4af2-8d05-193a113c46ff,3e230648-0328-4861-ada8-f718b0287f5e.png,0.9020019034792767,Facenet512,euclidean_l2,10
702bf7e8-36fb-4f4f-ac2d-3b0c379ee1e2,aba5bb44-8485-4f0d-9b60-c596194fa33b.png,0.6621471892176208,Facenet512,euclidean_l2,14
c198fc73-f0f2-4e0e-bc4a-8d58f8630eec,d9fbc863-1aed-44af-8419-b4d18c9b5d48.png,0.7999888355518122,Facenet512,euclidean_l2,18
07ca94b1-99db-456b-a34f-cc81d2ed712b,aba5bb44-8485-4f0d-9b60-c596194fa33b.png,0.9339141116953705,Facenet512,euclidean_l2,8
50e18d6c-736f-43a6-afce-90b0f8d47b01,3e230648-0328-4861-ada8-f718b0287f5e.png,0.2355713879846256,Facenet512,euclidean_l2,20
c5aed92f-a0e7-4d74-9175-9c2bf64f435e,aba5bb44-8485-4f0d-9b60-c596194fa33b.png,0.4402441809532161,Facenet512,euclidean_l2,20
dd82f86e-b17c-438d-bf2c-4ea7e872fdc2,2384c946-7f3b-4280-8257-c73c1bb814b1.png,0.627930014526626,Facenet512,euclidean_l2,20
3891e58a-d740-45d0-bed8-a0b6cb02b3d0,aba5bb44-8485-4f0d-9b60-c596194fa33b.png,0.6749149262931277,Facenet512,euclidean_l2,20
dd4cf437-959a-475f-a710-d39ea1a3ccea,cebfea5f-bce7-498c-9d1a-5b80c9e97361.png,0.5865962881934476,Facenet512,euclidean_l2,20
8761b002-1608-4c30-a387-a1b26838510e,3e230648-0328-4861-ada8-f718b0287f5e.png,0.6048104364730067,Facenet512,euclidean_l2,20
75575323-cb99-4d30-9b1c-fd97a3326888,cebfea5f-bce7-498c-9d1a-5b80c9e97361.png,0.8175990261660459,Facenet512,euclidean_l2,12
34fc237d-ef45-4a2d-b3d1-1a439cb7d909,lindner_christian_gross.jpeg,0.5982948926886442,Facenet512,euclidean_l2,20
f6bc7882-4bc6-4698-8a46-727e9ec6d99e,aba5bb44-8485-4f0d-9b60-c596194fa33b.png,0.6424931572913501,Facenet512,euclidean_l2,20
77bd0116-ed35-4fd1-8c9e-67436ee2709d,3e230648-0328-4861-ada8-f718b0287f5e.png,0.7170117752483783,Facenet512,euclidean_l2,18
41e662f5-0901-4672-955c-dcd8cea999ea,2384c946-7f3b-4280-8257-c73c1bb814b1.png,1.012193771202141,Facenet512,euclidean_l2,2
38553e5e-6e2a-440c-9ea2-485202ddd36f,aba5bb44-8485-4f0d-9b60-c596194fa33b.png,0.6758297450918279,Facenet512,euclidean_l2,20
1b3476d9-a1ad-4f61-83f5-2862974a0d0a,aba5bb44-8485-4f0d-9b60-c596194fa33b.png,0.7511800289712736,Facenet512,euclidean_l2,18
29b4f435-a4a7-4fe1-8860-92ee92234419,2384c946-7f3b-4280-8257-c73c1bb814b1.png,0.7299683622968298,Facenet512,euclidean_l2,20
bb5465a7-9cb3-4097-a2e9-323f0c182a5a,3e230648-0328-4861-ada8-f718b0287f5e.png,0.5612638776001923,Facenet512,euclidean_l2,20
88a5d2b9-cd3b-482c-b7fb-4afba0d0b556,3e230648-0328-4861-ada8-f718b0287f5e.png,0.6655686800427547,Facenet512,euclidean_l2,20
3c612ed4-df08-44eb-a957-92c2a695185b,aba5bb44-8485-4f0d-9b60-c596194fa33b.png,0.7003993367761452,Facenet512,euclidean_l2,20
c6740102-0b5b-436e-b163-4b6a4d6234ad,cebfea5f-bce7-498c-9d1a-5b80c9e97361.png,0.620958973966629,Facenet512,euclidean_l2,20
86b34804-3984-4c67-84be-7076806db683,aba5bb44-8485-4f0d-9b60-c596194fa33b.png,0.5604477680205313,Facenet512,euclidean_l2,20
33db0188-3544-4260-a0bf-d7dc1873139d,3e230648-0328-4861-ada8-f718b0287f5e.png,0.5470720689662211,Facenet512,euclidean_l2,20
1980dbc4-8cbc-4454-bbab-3e9dd6e35a13,aba5bb44-8485-4f0d-9b60-c596194fa33b.png,0.5755552716838052,Facenet512,euclidean_l2,20
bcb0cf75-9f73-47d4-9a89-9fc0c64e7389,b2b81709-caad-45cc-b632-78901d5ab389.png,1.0165416563694225,Facenet512,euclidean_l2,2
79156fec-9829-4d7b-901e-e7aad674d55a,cebfea5f-bce7-498c-9d1a-5b80c9e97361.png,1.011869659752441,Facenet512,euclidean_l2,4
b8373e9a-805f-49fa-b90f-e178e63e63b4,4d32419b-d5b0-4859-a7a1-b12c0e217203.png,0.5911794075719796,Facenet512,euclidean_l2,20
5d66dd33-5072-4a41-b9a9-5ab68290028c,4d32419b-d5b0-4859-a7a1-b12c0e217203.png,0.6071211348067059,Facenet512,euclidean_l2,20
e2920ecc-230f-459f-bb89-728ae2563d25,510f4815-9191-4558-aab2-b98e5cb8f643.png,0.6787444283991462,Facenet512,euclidean_l2,20
323a6bd6-b882-4d4a-b6c2-e607cf78630d,2384c946-7f3b-4280-8257-c73c1bb814b1.png,0.945415940773802,Facenet512,euclidean_l2,10
b937c14b-9be1-485f-8c44-3e700e948156,b2b81709-caad-45cc-b632-78901d5ab389.png,1.01676571825264,Facenet512,euclidean_l2,2
dd836d77-e68c-43e9-9396-37b712bae44b,4d32419b-d5b0-4859-a7a1-b12c0e217203.png,0.5630712623216113,Facenet512,euclidean_l2,20
383f1fdd-6576-4fc2-97b5-2f6bac672b43,aba5bb44-8485-4f0d-9b60-c596194fa33b.png,0.5302021437090177,Facenet512,euclidean_l2,20
ccf12876-dfab-4d7a-afd3-81f0abba03a4,aba5bb44-8485-4f0d-9b60-c596194fa33b.png,0.5839607467889882,Facenet512,euclidean_l2,20
76e9287c-fd64-4b14-aead-5275e23892d8,4d32419b-d5b0-4859-a7a1-b12c0e217203.png,0.7471321543382828,Facenet512,euclidean_l2,16
9c9725e1-a8bb-4caa-b70a-4d497f0481e7,2384c946-7f3b-4280-8257-c73c1bb814b1.png,0.9723191951351168,Facenet512,euclidean_l2,12
890951ed-e1f0-4bab-9562-8a886fcfb5b5,aba5bb44-8485-4f0d-9b60-c596194fa33b.png,0.6653305470820129,Facenet512,euclidean_l2,20
5f235c24-75b5-43c8-ae4e-f2c13e2ccd4c,510f4815-9191-4558-aab2-b98e5cb8f643.png,0.3989840952614701,Facenet512,euclidean_l2,20
3008dfdd-ffbd-4f86-b1b4-e95aa0e9c1e3,d9fbc863-1aed-44af-8419-b4d18c9b5d48.png,0.9010201864892409,Facenet512,euclidean_l2,12
60dc2c65-a41b-45c9-a76a-1678529ae3c2,aba5bb44-8485-4f0d-9b60-c596194fa33b.png,0.6689467744226587,Facenet512,euclidean_l2,20
fd24a4a4-9af5-4d92-82d5-dff991bc4e6c,d9fbc863-1aed-44af-8419-b4d18c9b5d48.png,0.896902485285129,Facenet512,euclidean_l2,12
538680cb-4f0f-4120-bf77-5656d1bcf97c,b2b81709-caad-45cc-b632-78901d5ab389.png,0.9970223823421589,Facenet512,euclidean_l2,4
8c231c5a-fa55-4b01-9388-8d2dfdfc7b2d,b2b81709-caad-45cc-b632-78901d5ab389.png,0.9971610847869645,Facenet512,euclidean_l2,2
b3fc3681-ef48-4f96-a18a-7820ef2e256a,d9fbc863-1aed-44af-8419-b4d18c9b5d48.png,1.0192034628706024,Facenet512,euclidean_l2,2
ca3c01f3-cb8e-4c0e-8803-1277687c126e,4d32419b-d5b0-4859-a7a1-b12c0e217203.png,0.6230233110448334,Facenet512,euclidean_l2,20
d1a15b17-16a5-45ac-8f8e-5b93f87dc4ff,d9fbc863-1aed-44af-8419-b4d18c9b5d48.png,1.034927608549759,Facenet512,euclidean_l2,2
aef76f80-3453-49fa-a555-2e2e9aa89091,b2b81709-caad-45cc-b632-78901d5ab389.png,0.9226753219579934,Facenet512,euclidean_l2,18
6054404d-6a3b-4d3f-a59e-cd023e24ebc2,d9fbc863-1aed-44af-8419-b4d18c9b5d48.png,0.6751942247185999,Facenet512,euclidean_l2,20
93b19a4a-5bee-414a-a3cf-be29e6974d52,7bd1824e-e163-4963-9f53-3063e9dcc721.png,0.3059444662196297,Facenet512,euclidean_l2,26
6ebb956d-3dfd-4853-b173-13340e3afcb9,7043f13e-1c39-4e44-97a1-5130e364ed41.png,0.5751375202140737,Facenet512,euclidean_l2,26
78decf2c-0395-4276-91af-391c7033bd96,9a8aa257-6928-4d20-bb76-b003078f551d.png,0.550556534228074,Facenet512,euclidean_l2,26
d15431f2-84ff-4e4c-bc71-cbdbe6ca2954,b5ea8be6-69b9-4fdb-8813-88f307903fb4.png,0.759714352744367,Facenet512,euclidean_l2,26
22f7d6a3-b94b-449a-9bdb-821930ec4826,8ecf25a6-4fe7-4768-ab40-bbf7ce516bd2.png,0.5562278916772889,Facenet512,euclidean_l2,26
eff083bd-6c51-47fc-8524-ade37e9c059f,b5ea8be6-69b9-4fdb-8813-88f307903fb4.png,0.369838800850309,Facenet512,euclidean_l2,26
e01d7d75-f609-4dcb-b940-aec7fc00c824,9a8aa257-6928-4d20-bb76-b003078f551d.png,0.4197924115248589,Facenet512,euclidean_l2,26
cf081d5a-75c2-4a65-9899-dac7c06fd6cb,9a8aa257-6928-4d20-bb76-b003078f551d.png,0.5015831204088831,Facenet512,euclidean_l2,26
aeae1aca-c8e1-4ec0-aff0-d1202f4f0b36,8ecf25a6-4fe7-4768-ab40-bbf7ce516bd2.png,0.5667435116468735,Facenet512,euclidean_l2,26
e503355b-47fb-4097-bc46-dbee8f7b9b60,7043f13e-1c39-4e44-97a1-5130e364ed41.png,0.5516105102451841,Facenet512,euclidean_l2,26
e768c3ca-9beb-4c6b-9f3f-c46872e6e79c,9a8aa257-6928-4d20-bb76-b003078f551d.png,0.5652681416455699,Facenet512,euclidean_l2,26
10c03a54-8c3f-4727-8825-d98c5ae37eca,d0023ba3-e826-4b9e-9f82-cd652ea335bd.png,0.2577423927304468,Facenet512,euclidean_l2,26
c255b815-4efc-4f1f-9ef4-5ae4e9b2fd09,7043f13e-1c39-4e44-97a1-5130e364ed41.png,0.5512605684810441,Facenet512,euclidean_l2,26
df2b2614-18af-477d-85e1-ee18e37eb5e0,b5ea8be6-69b9-4fdb-8813-88f307903fb4.png,0.6868890673801062,Facenet512,euclidean_l2,26
599e8ce3-c8ae-4c50-bf1a-564593265f91,8ecf25a6-4fe7-4768-ab40-bbf7ce516bd2.png,0.5668668325686719,Facenet512,euclidean_l2,26
cb734989-8762-44e5-b70e-211cfc28d628,9a8aa257-6928-4d20-bb76-b003078f551d.png,0.6334319831956169,Facenet512,euclidean_l2,26
61feb08f-3fe5-4b8d-83e5-4510f4abf971,9a8aa257-6928-4d20-bb76-b003078f551d.png,0.539118857336077,Facenet512,euclidean_l2,26
00aa5e3a-e868-4c9e-89a0-20e93bb78cf9,d0023ba3-e826-4b9e-9f82-cd652ea335bd.png,0.4662792265450009,Facenet512,euclidean_l2,26
8482f62c-1383-4661-9c39-d42791d1e182,7043f13e-1c39-4e44-97a1-5130e364ed41.png,0.6518088606722252,Facenet512,euclidean_l2,26
0e574145-6de4-43e5-9a8c-534c667441b7,3f3034b2-faf6-43ad-ae81-188498b8e10d.png,0.9359024970551312,Facenet512,euclidean_l2,18
bf80cccc-46fa-4267-a091-a2276a7707db,b5ea8be6-69b9-4fdb-8813-88f307903fb4.png,0.5496688746201305,Facenet512,euclidean_l2,26
07762b92-f3f2-4986-88b4-93c4dec0e7d3,9a8aa257-6928-4d20-bb76-b003078f551d.png,0.5898951496495031,Facenet512,euclidean_l2,26
3cae103d-7558-4673-b830-411d10ac225b,8ecf25a6-4fe7-4768-ab40-bbf7ce516bd2.png,0.5216035579939022,Facenet512,euclidean_l2,26
52d885fe-00d5-4599-bc9f-b0fe5041682e,0faf3dc0-e2b6-4b3e-81d6-3c1474fbed58.png,0.89869191986513,Facenet512,euclidean_l2,20
92fc5441-3ded-43a5-a284-d5d8ef02731a,b2e13edc-d8cc-4db2-9310-6924bd90b7e8.png,0.7256514904396785,Facenet512,euclidean_l2,26
ff86e256-52a8-4023-953e-ed2c2d3a43e4,b5ea8be6-69b9-4fdb-8813-88f307903fb4.png,0.6109906833699217,Facenet512,euclidean_l2,26
17855883-9d00-441c-a3ac-db916b28c6f2,b5ea8be6-69b9-4fdb-8813-88f307903fb4.png,0.8815736597416151,Facenet512,euclidean_l2,14
19b7bd69-399a-4740-8a3c-8d30a833758b,d0023ba3-e826-4b9e-9f82-cd652ea335bd.png,0.7612080454977986,Facenet512,euclidean_l2,26
e2c6eccf-ec5a-4378-86e0-a768931627a8,3f3034b2-faf6-43ad-ae81-188498b8e10d.png,0.9070881857881213,Facenet512,euclidean_l2,26
3a607d73-3718-47c0-bc4c-f5c459f1ad3d,7043f13e-1c39-4e44-97a1-5130e364ed41.png,0.675131546650403,Facenet512,euclidean_l2,26
5f14108a-dee1-47e4-aa40-5f85b45e8358,baerbock_annalena_gross.jpeg,0.7853658357480695,Facenet512,euclidean_l2,26
a985a95d-4403-4de3-bad2-f05bb38d260e,820608e2-840e-4850-b527-36c922284188.png,0.8855521085193638,Facenet512,euclidean_l2,14
963eb633-3e3b-4ea2-b78b-a736da5381a6,9a8aa257-6928-4d20-bb76-b003078f551d.png,0.5401313632013304,Facenet512,euclidean_l2,26
f812341d-1859-4015-b280-94162616240a,820608e2-840e-4850-b527-36c922284188.png,0.8613394349347137,Facenet512,euclidean_l2,22
4edda49d-2393-4711-8885-e3dbb2bcd9c0,b2e13edc-d8cc-4db2-9310-6924bd90b7e8.png,0.933108554673914,Facenet512,euclidean_l2,4
e7cce185-7945-45c9-8cc0-ce165155589a,b5ea8be6-69b9-4fdb-8813-88f307903fb4.png,0.5233049829495368,Facenet512,euclidean_l2,26
54a217c7-6827-426b-8ad5-7d8ed06e2f7b,9a8aa257-6928-4d20-bb76-b003078f551d.png,0.7830465796895771,Facenet512,euclidean_l2,26
1d4f81b9-625b-491b-b771-d2fa9c1c0227,9a8aa257-6928-4d20-bb76-b003078f551d.png,0.6668599680565016,Facenet512,euclidean_l2,26
2e8a032f-a860-401d-90b2-88d74c53180e,b5ea8be6-69b9-4fdb-8813-88f307903fb4.png,0.5684256672033573,Facenet512,euclidean_l2,26
b96ea2f4-d9dc-4b5a-946d-d3a05a285664,3f3034b2-faf6-43ad-ae81-188498b8e10d.png,0.8259390051719937,Facenet512,euclidean_l2,26
2a2a9793-2a18-45f2-86f6-55b02cc9fd77,b5ea8be6-69b9-4fdb-8813-88f307903fb4.png,0.8024674218053961,Facenet512,euclidean_l2,26
90599163-3604-40ea-804e-4e63e7aa0024,9a8aa257-6928-4d20-bb76-b003078f551d.png,0.7250861290245598,Facenet512,euclidean_l2,26
007f01fe-3444-4507-9049-6550508df3f4,dded1da1-82ba-453b-8736-9ef3e81ab387.png,0.8710152102543404,Facenet512,euclidean_l2,26
6aa6808a-08ad-483b-b3b0-ea114cfc8113,b2e13edc-d8cc-4db2-9310-6924bd90b7e8.png,0.7376080702769939,Facenet512,euclidean_l2,26
87f0611b-165b-4c2b-849b-75955a18fb3a,d0023ba3-e826-4b9e-9f82-cd652ea335bd.png,0.6293368863743186,Facenet512,euclidean_l2,26
5ddb0813-3541-418e-ad39-d7b2c8138cf7,3f3034b2-faf6-43ad-ae81-188498b8e10d.png,0.7987275029869049,Facenet512,euclidean_l2,26
ff8a3330-f381-42c5-b75e-a9a6b3062368,7043f13e-1c39-4e44-97a1-5130e364ed41.png,0.6523025139542457,Facenet512,euclidean_l2,26
031299a5-b92e-473a-8d6f-60715b2997bc,820608e2-840e-4850-b527-36c922284188.png,0.9127454569008875,Facenet512,euclidean_l2,26
e7bff4b0-438e-498a-9742-587ebb0a8897,9a8aa257-6928-4d20-bb76-b003078f551d.png,0.5743046066374029,Facenet512,euclidean_l2,26
dfc6227d-6a99-4193-8788-822015258307,d0023ba3-e826-4b9e-9f82-cd652ea335bd.png,0.5787478076142343,Facenet512,euclidean_l2,26
c62f3a52-7c79-41b7-9a06-c7d98b674641,dded1da1-82ba-453b-8736-9ef3e81ab387.png,0.7163006431903579,Facenet512,euclidean_l2,26
abd4e347-77c8-44c5-9bb5-64c29239cbc4,9a8aa257-6928-4d20-bb76-b003078f551d.png,0.5102333159563313,Facenet512,euclidean_l2,26
527454f8-c5ba-429c-bbdb-c7022785ac6a,baerbock_annalena_gross.jpeg,0.9289378119445099,Facenet512,euclidean_l2,12
cf89b6d1-c650-441a-b2dc-3d1ee7963981,04a53ef1-618b-4c9c-97a8-a1187a75c05c.png,0.47495600072813493,Facenet512,euclidean_l2,38
507d0348-ed2d-4297-871a-bf00bcc9028c,91d6fa25-3671-4110-8beb-1c3296cdf4d0.png,0.9715021425221579,Facenet512,euclidean_l2,8
6e8a9061-f2cb-4635-a627-6560ba73cabe,77b54f7d-504a-4313-ab25-b66060e08f06.png,0.27283127661078044,Facenet512,euclidean_l2,38
b672cae1-355b-4502-884c-2a1f418d974f,04a53ef1-618b-4c9c-97a8-a1187a75c05c.png,0.33379348022610933,Facenet512,euclidean_l2,40
bacf9e10-e57e-4adb-9e1c-f4cc772658b9,8d943c06-bff2-429b-a407-9931a3761618.png,0.5309895923592686,Facenet512,euclidean_l2,38
b8f6b66d-1cbc-4072-ab77-120f31f3158a,82f4d29e-1d17-4672-b015-52009fda2a23.png,0.9561331878526134,Facenet512,euclidean_l2,4
8916bea7-b838-4bd8-8e75-7bc8497192be,cf207ba3-2a6b-42b2-b0c6-b0fb9e7532f0.png,0.4324520922303277,Facenet512,euclidean_l2,40
c3952918-cd80-4d2c-88bd-5eaa214501a1,04a53ef1-618b-4c9c-97a8-a1187a75c05c.png,0.24155594694474966,Facenet512,euclidean_l2,38
3bce7f55-b2c9-4d7f-8e25-2e45ace801f6,82f4d29e-1d17-4672-b015-52009fda2a23.png,0.9452002659852587,Facenet512,euclidean_l2,2
239a03cd-a71b-434c-a26c-4e6c9b5cf80b,82f4d29e-1d17-4672-b015-52009fda2a23.png,0.891868673766704,Facenet512,euclidean_l2,18
914f5eda-11fd-42ba-b67d-8c2d72889939,04a53ef1-618b-4c9c-97a8-a1187a75c05c.png,0.49762477728015053,Facenet512,euclidean_l2,40
d25e30e7-430e-4da7-a901-d98ee06cd666,fb89d12e-d3a5-48c2-b506-eca8454e847b.png,0.5313009282860909,Facenet512,euclidean_l2,40
25a10f1c-0ed4-43eb-ba5e-1b049409b1ef,77b54f7d-504a-4313-ab25-b66060e08f06.png,0.2991828428319092,Facenet512,euclidean_l2,40
d2d214d4-22fd-4c2c-93b5-86a7f3c5a23f,7283a49c-fba4-43e9-9a0b-a767ea44c1c0.png,0.9555883579750188,Facenet512,euclidean_l2,6
6bc9f632-e532-4336-8323-a026871512b8,7283a49c-fba4-43e9-9a0b-a767ea44c1c0.png,0.7982430146788022,Facenet512,euclidean_l2,34
94dbca94-ebed-42dc-a37e-0ca88dd2d2c8,cf207ba3-2a6b-42b2-b0c6-b0fb9e7532f0.png,0.7181891828819597,Facenet512,euclidean_l2,40
edcaabfa-6d49-41e9-bb53-b711c458b1e0,7283a49c-fba4-43e9-9a0b-a767ea44c1c0.png,0.9208405674568381,Facenet512,euclidean_l2,18
eb391492-2496-4cf8-85a6-bfb0ea783285,2ec8c611-8404-4676-9523-28f0cc6181ab.png,0.3557703099822184,Facenet512,euclidean_l2,40
438503f6-06c7-4c6f-86f2-b7e59e40ea57,f124d4ca-3c2d-40fd-a3a4-81e0a32b39d5.png,0.4738547898813284,Facenet512,euclidean_l2,40
38ef95f5-8e13-494d-8915-e043891cf361,04a53ef1-618b-4c9c-97a8-a1187a75c05c.png,0.45614238381837147,Facenet512,euclidean_l2,38
68fc3fb8-2453-481c-8065-d0602f49fa48,04a53ef1-618b-4c9c-97a8-a1187a75c05c.png,0.23896060528191482,Facenet512,euclidean_l2,38
852ef509-5c1f-4dc9-a189-eb7b54e322c7,82f4d29e-1d17-4672-b015-52009fda2a23.png,0.5440525018633683,Facenet512,euclidean_l2,40
d480c4b4-274e-4a35-80e3-34727df1182d,c27ee252-e37c-4074-92b5-20e300431107.png,0.4803124130090327,Facenet512,euclidean_l2,38
a5df558a-ad5d-4e9e-86b3-0c5ec1e0a802,9bc42743-ba76-4b29-8ae3-88daa99f6988.png,0.9825421663104968,Facenet512,euclidean_l2,2
da788d8f-5407-49aa-9333-9f2ed9c04e0d,addb18d2-ca87-4104-b149-5ecb974f1432.png,0.9356807731437471,Facenet512,euclidean_l2,30
4b9010e0-af84-478c-85f8-11ca27ffe225,8c8b42f9-47e7-4df5-bffb-da674eab6953.png,0.7673668799185794,Facenet512,euclidean_l2,38
fdb7b13b-3056-4c6a-81c5-7234b08a390a,82f4d29e-1d17-4672-b015-52009fda2a23.png,0.9250385438573582,Facenet512,euclidean_l2,30
df6c77dd-4e29-4832-98ab-db22a5a0a75c,91d6fa25-3671-4110-8beb-1c3296cdf4d0.png,0.49170965641493913,Facenet512,euclidean_l2,40
0fa8c75e-dd78-46a4-a1a5-00eb014b3032,77b54f7d-504a-4313-ab25-b66060e08f06.png,0.40850669936438344,Facenet512,euclidean_l2,38
f7f6acf5-ffc2-4140-aba1-c69345e7ccc6,baaa081f-7a38-4907-b92b-ba3d791c4012.png,1.0392645343724756,Facenet512,euclidean_l2,2
314dfa67-0562-4675-b25d-78015138ed44,9bc42743-ba76-4b29-8ae3-88daa99f6988.png,0.9752974225930292,Facenet512,euclidean_l2,4
b51ea952-e6ab-489a-a446-005b7a2bc4bf,82f4d29e-1d17-4672-b015-52009fda2a23.png,1.0368939227766962,Facenet512,euclidean_l2,2
34902b37-72f6-4d59-a7a7-91826328bb5f,cf207ba3-2a6b-42b2-b0c6-b0fb9e7532f0.png,0.5635751841892319,Facenet512,euclidean_l2,40
f7b781af-098c-43f3-a91c-fa3b65d1c6fd,c27ee252-e37c-4074-92b5-20e300431107.png,0.4391855302269115,Facenet512,euclidean_l2,40
ca8190ae-5d41-4602-b0e2-ece8e71ea927,8c8b42f9-47e7-4df5-bffb-da674eab6953.png,0.8786670275462107,Facenet512,euclidean_l2,40
2235e76b-e8ef-4025-a39f-795f96eb06af,9bc42743-ba76-4b29-8ae3-88daa99f6988.png,1.0284616836081655,Facenet512,euclidean_l2,2
4ee44fbf-586d-4a82-a4ad-1bf3ff50d112,77b54f7d-504a-4313-ab25-b66060e08f06.png,0.5501500843023975,Facenet512,euclidean_l2,38
b6022893-aee7-4787-9c7f-462285a408ad,77b54f7d-504a-4313-ab25-b66060e08f06.png,0.4211936844228721,Facenet512,euclidean_l2,38
de179721-c81e-4d6a-a650-fca7ccf683f2,fb89d12e-d3a5-48c2-b506-eca8454e847b.png,0.5918726387959699,Facenet512,euclidean_l2,38
60f1f96b-a03d-4e7f-979d-5543cc55613b,9bc42743-ba76-4b29-8ae3-88daa99f6988.png,0.9317965156456408,Facenet512,euclidean_l2,30
8458b0b7-c387-40bc-9392-3bfa1e7fd8cc,97bef193-f3fe-4df6-b6d6-37ad2790018d.png,1.0208649427756422,Facenet512,euclidean_l2,2
34cbdd3a-85ae-428d-8ceb-a2be90a37dd7,8c8b42f9-47e7-4df5-bffb-da674eab6953.png,0.9370095709454048,Facenet512,euclidean_l2,32
68d2782e-bc39-470e-b5c6-54cd7ef0b98a,e1ab3325-0777-4d5b-8146-cbfa9ed3ffc2.png,0.27166306542804963,Facenet512,euclidean_l2,38
ebe9f6c0-b334-49a8-b5a1-85cfc6ea0aee,91d6fa25-3671-4110-8beb-1c3296cdf4d0.png,0.5117950186859463,Facenet512,euclidean_l2,40
05250813-04eb-43a1-aaa2-3c7b3e23307b,04a53ef1-618b-4c9c-97a8-a1187a75c05c.png,0.2690967947334159,Facenet512,euclidean_l2,38
dbd0c6f6-13e6-40ef-9a95-c083bbdb6b5c,91d6fa25-3671-4110-8beb-1c3296cdf4d0.png,0.4805976694490683,Facenet512,euclidean_l2,40
5af38b45-fa6b-4bf3-a749-12e289659e73,fb89d12e-d3a5-48c2-b506-eca8454e847b.png,0.43165534372408926,Facenet512,euclidean_l2,40
4dcf435c-674f-4d3c-8597-b909f7968c31,97bef193-f3fe-4df6-b6d6-37ad2790018d.png,0.4452728866709696,Facenet512,euclidean_l2,40
b26a9322-d40a-49cd-b088-da1dafcaf6b3,baaa081f-7a38-4907-b92b-ba3d791c4012.png,0.510332046686374,Facenet512,euclidean_l2,40
b248b1d2-1780-4b4c-8529-571b0246a9e5,addb18d2-ca87-4104-b149-5ecb974f1432.png,0.5209834336434738,Facenet512,euclidean_l2,40
95c9174b-5389-4ccb-89ac-98de4be55d9e,fb89d12e-d3a5-48c2-b506-eca8454e847b.png,0.5476679079631442,Facenet512,euclidean_l2,40
4c441268-34c9-4ee1-a7f2-82c5277a354e,c27ee252-e37c-4074-92b5-20e300431107.png,0.479990057622936,Facenet512,euclidean_l2,40
47d76ade-4763-44e7-a3b8-7341f6915efc,c27ee252-e37c-4074-92b5-20e300431107.png,0.6255995503669669,Facenet512,euclidean_l2,38
955c61d6-2354-43e5-a3c9-acd5b9ec6003,f124d4ca-3c2d-40fd-a3a4-81e0a32b39d5.png,0.6487577258564595,Facenet512,euclidean_l2,38
1592c5ab-5ca8-411c-96bb-7e53d62b49a5,9bc42743-ba76-4b29-8ae3-88daa99f6988.png,0.9440222144757686,Facenet512,euclidean_l2,2
faf05b60-fd71-4d7a-a46d-182c1822b662,9bc42743-ba76-4b29-8ae3-88daa99f6988.png,0.988781561974984,Facenet512,euclidean_l2,2
472bb060-4aa1-45c4-8b8c-6667270510be,cf207ba3-2a6b-42b2-b0c6-b0fb9e7532f0.png,0.4741504488647467,Facenet512,euclidean_l2,40
ddcf661f-890e-4148-a4c0-1583971e33b1,fb89d12e-d3a5-48c2-b506-eca8454e847b.png,0.5360590897403634,Facenet512,euclidean_l2,40
a4863739-c0cd-48e3-b46f-3ad967a0c058,8c8b42f9-47e7-4df5-bffb-da674eab6953.png,0.7812632878655236,Facenet512,euclidean_l2,36
c8f0d3a3-2443-4a94-b103-f62f226c8aa4,77b54f7d-504a-4313-ab25-b66060e08f06.png,0.5177589051320362,Facenet512,euclidean_l2,40
d96b6647-f128-46e2-b806-ebc052eb5d15,c27ee252-e37c-4074-92b5-20e300431107.png,0.526965474277702,Facenet512,euclidean_l2,40
207e684f-37d2-45d0-be40-ad00aeff2e5c,b4140b08-8bd8-4631-a580-a48195a9970a.png,0.4187333671607483,Facenet512,euclidean_l2,38
a9cd0063-324d-4904-9cb5-23d4e2c458fd,f124d4ca-3c2d-40fd-a3a4-81e0a32b39d5.png,0.43409310739411483,Facenet512,euclidean_l2,40
3a31121e-8a13-4313-b67c-37c0ec4e8843,04a53ef1-618b-4c9c-97a8-a1187a75c05c.png,0.5754662536566167,Facenet512,euclidean_l2,40
ca60fb2c-7138-41c9-88c4-1cb2609da02c,77b54f7d-504a-4313-ab25-b66060e08f06.png,0.2646695629470991,Facenet512,euclidean_l2,38
a053111e-fc0d-4bba-ae72-3926637394ae,77b54f7d-504a-4313-ab25-b66060e08f06.png,0.26412679302384556,Facenet512,euclidean_l2,38
658b9cff-8dc7-4799-8231-a5cb57bd4f3b,91d6fa25-3671-4110-8beb-1c3296cdf4d0.png,0.46444167546316034,Facenet512,euclidean_l2,40
1412e2d8-37b3-47fa-876e-da14bc38d066,9bc42743-ba76-4b29-8ae3-88daa99f6988.png,0.9703512591888476,Facenet512,euclidean_l2,2
db7b9a60-f4a1-40c7-9c10-db0098aab097,cf207ba3-2a6b-42b2-b0c6-b0fb9e7532f0.png,0.39837397024605964,Facenet512,euclidean_l2,40
8c397667-4727-4254-8d6c-dd5990670aa6,c27ee252-e37c-4074-92b5-20e300431107.png,0.455776637461567,Facenet512,euclidean_l2,40
3e731f8b-755a-4847-b79a-6f32b5f348d1,8d943c06-bff2-429b-a407-9931a3761618.png,0.4902866010641148,Facenet512,euclidean_l2,38
54e49c7f-28ba-43ca-8750-6d1b50bb156d,fb89d12e-d3a5-48c2-b506-eca8454e847b.png,0.4255950569286246,Facenet512,euclidean_l2,40
b82dc719-b511-48b9-b7d4-71b31d8f831f,97bef193-f3fe-4df6-b6d6-37ad2790018d.png,0.48469766270759684,Facenet512,euclidean_l2,40
95787117-a35c-4a5c-996a-a2bfee65d760,baaa081f-7a38-4907-b92b-ba3d791c4012.png,0.4172513991989087,Facenet512,euclidean_l2,40
e8d3f3a6-d45c-4098-ab16-a8bfcb48eb2c,c27ee252-e37c-4074-92b5-20e300431107.png,0.4516526780697101,Facenet512,euclidean_l2,40
c4b4546f-ad45-46cf-a279-afc247273ea8,f124d4ca-3c2d-40fd-a3a4-81e0a32b39d5.png,0.5637696147449702,Facenet512,euclidean_l2,40
81a0b5c8-95f4-42be-bb93-2d6d158c0e66,91d6fa25-3671-4110-8beb-1c3296cdf4d0.png,0.7737757375061604,Facenet512,euclidean_l2,38
26cb923b-55a6-4c84-afc1-531a314758c2,04a53ef1-618b-4c9c-97a8-a1187a75c05c.png,0.40635311021517084,Facenet512,euclidean_l2,40
bbd26edf-17a0-494c-bd0b-b3917b5f1d74,9bc42743-ba76-4b29-8ae3-88daa99f6988.png,1.0286528612691352,Facenet512,euclidean_l2,2
b93e639d-c1f8-4ce9-9033-aa065556d219,8c8b42f9-47e7-4df5-bffb-da674eab6953.png,0.8292635552471619,Facenet512,euclidean_l2,28
3c5c52d4-7cc9-4b10-ac77-dbefdc7bfb71,82f4d29e-1d17-4672-b015-52009fda2a23.png,0.6722949042912193,Facenet512,euclidean_l2,40
60416ccb-c451-40dd-ba21-ab6d867373f7,c27ee252-e37c-4074-92b5-20e300431107.png,0.6964265396324137,Facenet512,euclidean_l2,40
8b8ce03d-806f-4fa7-a31f-93f8885a979e,fb89d12e-d3a5-48c2-b506-eca8454e847b.png,0.5160408325023585,Facenet512,euclidean_l2,38
035036c5-8a89-4a1a-8b4b-fd576c90a711,c27ee252-e37c-4074-92b5-20e300431107.png,0.5695832737895519,Facenet512,euclidean_l2,38
defb7db9-52f7-40d9-8bd3-68e1cd0006b2,82f4d29e-1d17-4672-b015-52009fda2a23.png,0.9250385438573582,Facenet512,euclidean_l2,30
a0a7100e-ef50-4daf-885e-b24f0f06a4a7,baaa081f-7a38-4907-b92b-ba3d791c4012.png,0.637252739952836,Facenet512,euclidean_l2,38
eea68d13-fa03-4372-9ee6-daaac870d313,c27ee252-e37c-4074-92b5-20e300431107.png,0.410677999086596,Facenet512,euclidean_l2,40
445e8efb-8a92-4106-a315-4d4e526ebd71,9bc42743-ba76-4b29-8ae3-88daa99f6988.png,1.0195212117820642,Facenet512,euclidean_l2,2
9d0857ae-d671-4d17-aa70-96baab9a0057,91d6fa25-3671-4110-8beb-1c3296cdf4d0.png,0.8270452833708403,Facenet512,euclidean_l2,38
782ac986-c559-4b59-b5c1-6ceef9ada9ac,scholz_olaf.jpeg,0.9428201093003757,Facenet512,euclidean_l2,14
cb2a633c-6500-4492-a142-f17ad5c4838a,9bc42743-ba76-4b29-8ae3-88daa99f6988.png,1.002159914839649,Facenet512,euclidean_l2,2
cb245212-6ef1-4b7b-9c81-8b4877f81174,9bc42743-ba76-4b29-8ae3-88daa99f6988.png,0.9998385277368875,Facenet512,euclidean_l2,2
ec063e04-b766-46fe-a96a-6b214286d942,9bc42743-ba76-4b29-8ae3-88daa99f6988.png,0.9768129157960435,Facenet512,euclidean_l2,6
45c0bb8b-4f0e-449c-9e76-b436e4fbc024,8c8b42f9-47e7-4df5-bffb-da674eab6953.png,0.9918450958394548,Facenet512,euclidean_l2,6
03fc1068-5b14-40bd-8df0-ba19d6720fea,9bc42743-ba76-4b29-8ae3-88daa99f6988.png,0.9361611258541516,Facenet512,euclidean_l2,2
c2abe154-6a6d-4556-b636-a32928eae667,7283a49c-fba4-43e9-9a0b-a767ea44c1c0.png,0.9972933119553866,Facenet512,euclidean_l2,6
e2723f1c-ff8f-44cd-97ad-21366dcbb6f8,9bc42743-ba76-4b29-8ae3-88daa99f6988.png,0.8494670746693213,Facenet512,euclidean_l2,8
790cb392-6f03-46f6-bf95-f9bcecb2fd89,82f4d29e-1d17-4672-b015-52009fda2a23.png,0.9135855689590175,Facenet512,euclidean_l2,30
765b7293-e057-4a75-a80f-abe62db60502,c27ee252-e37c-4074-92b5-20e300431107.png,0.6835760880775174,Facenet512,euclidean_l2,40
5acac5b3-75e3-4ac7-9396-ccc17e1f5957,77b54f7d-504a-4313-ab25-b66060e08f06.png,0.43256794935316,Facenet512,euclidean_l2,38
028bdc04-759f-4117-9d72-f9d8895d71a3,cf207ba3-2a6b-42b2-b0c6-b0fb9e7532f0.png,0.4852635973549671,Facenet512,euclidean_l2,38
78d72a2b-d3c2-4b77-994d-1fca1cffc2b1,77b54f7d-504a-4313-ab25-b66060e08f06.png,0.25504664322200055,Facenet512,euclidean_l2,38
